test_broken_module_import_is_invalid_test_never_pass (test_acceptance_runner.RunnerMetaTests.test_broken_module_import_is_invalid_test_never_pass) ... ok
test_class_without_matching_tests_is_not_run (test_acceptance_runner.RunnerMetaTests.test_class_without_matching_tests_is_not_run) ... ok
test_error_is_fail_never_pass (test_acceptance_runner.RunnerMetaTests.test_error_is_fail_never_pass) ... ok
test_input_hash_changes_with_a_zero_match_selection (test_acceptance_runner.RunnerMetaTests.test_input_hash_changes_with_a_zero_match_selection) ... ok
test_input_hash_covers_all_selections_not_only_the_first (test_acceptance_runner.RunnerMetaTests.test_input_hash_covers_all_selections_not_only_the_first) ... ok
test_missing_module_is_invalid_test_never_pass (test_acceptance_runner.RunnerMetaTests.test_missing_module_is_invalid_test_never_pass) ... ok
test_real_fail_is_fail_never_pass (test_acceptance_runner.RunnerMetaTests.test_real_fail_is_fail_never_pass) ... ok
test_real_pass_is_pass (test_acceptance_runner.RunnerMetaTests.test_real_pass_is_pass) ... ok
test_result_categories_are_explicit_and_only_pass_passes (test_acceptance_runner.RunnerMetaTests.test_result_categories_are_explicit_and_only_pass_passes) ... ok
test_skiptest_is_skip_never_pass (test_acceptance_runner.RunnerMetaTests.test_skiptest_is_skip_never_pass) ... ok
test_zero_match_selection_is_not_run_even_with_passing_sibling (test_acceptance_runner.RunnerMetaTests.test_zero_match_selection_is_not_run_even_with_passing_sibling) ... ok
test_zero_matched_tests_is_not_run_never_pass (test_acceptance_runner.RunnerMetaTests.test_zero_matched_tests_is_not_run_never_pass) ... ok
test_s30_all_green_a30_tests_are_pass (test_acceptance_runner.S30PathMetaTests.test_s30_all_green_a30_tests_are_pass) ... ok
test_s30_broken_enumeration_is_invalid_test (test_acceptance_runner.S30PathMetaTests.test_s30_broken_enumeration_is_invalid_test) ... ok
test_s30_failing_a30_test_is_fail (test_acceptance_runner.S30PathMetaTests.test_s30_failing_a30_test_is_fail) ... ok
test_s30_no_a30_tests_anywhere_is_not_run (test_acceptance_runner.S30PathMetaTests.test_s30_no_a30_tests_anywhere_is_not_run) ... ok
test_s30_skipped_a30_test_is_skip_never_pass (test_acceptance_runner.S30PathMetaTests.test_s30_skipped_a30_test_is_skip_never_pass) ... ok
test_report_round_trips_as_utf8_with_the_default_encoding_disabled (test_acceptance_runner_encoding.AcceptanceRunnerEncodingTests.test_report_round_trips_as_utf8_with_the_default_encoding_disabled) ... ok
test_same_report_under_the_host_default_encoding (test_acceptance_runner_encoding.AcceptanceRunnerEncodingTests.test_same_report_under_the_host_default_encoding) ... ok
test_oversize_invalid_json_and_nonfinite_replies_are_controlled (test_ai_transport_boundaries.TransportBoundaryTests.test_oversize_invalid_json_and_nonfinite_replies_are_controlled) ... ok
test_public_status_and_schema_error_do_not_echo_private_values (test_ai_transport_boundaries.TransportBoundaryTests.test_public_status_and_schema_error_do_not_echo_private_values) ... ok
test_redirect_never_contacts_the_destination (test_ai_transport_boundaries.TransportBoundaryTests.test_redirect_never_contacts_the_destination) ... ok
test_remote_cleartext_and_bad_port_refused_before_contact (test_ai_transport_boundaries.TransportBoundaryTests.test_remote_cleartext_and_bad_port_refused_before_contact) ... ok
test_request_size_and_nonfinite_input_refused_before_contact (test_ai_transport_boundaries.TransportBoundaryTests.test_request_size_and_nonfinite_input_refused_before_contact) ... ok
test_valid_json_with_invalid_wire_shapes_is_controlled (test_ai_transport_boundaries.TransportBoundaryTests.test_valid_json_with_invalid_wire_shapes_is_controlled) ... ok
test_ai_explanation_only_receives_selected_changed_evidence (test_app.SnapshotTests.test_ai_explanation_only_receives_selected_changed_evidence) ... hint: Using 'master' as the name for the initial branch. This default branch name
hint: is subject to change. To configure the initial branch name to use in all
hint: of your new repositories, which will suppress this warning, call:
hint:
hint: 	git config --global init.defaultBranch <name>
hint:
hint: Names commonly chosen instead of 'master' are 'main', 'trunk' and
hint: 'development'. The just-created branch can be renamed via this command:
hint:
hint: 	git branch -m <name>
hint:
hint: Disable this message with "git config set advice.defaultBranchName false"
ok
test_ai_is_explicitly_unavailable_without_configuration (test_app.SnapshotTests.test_ai_is_explicitly_unavailable_without_configuration) ... ok
test_chosen_repository_needs_its_own_valid_map (test_app.SnapshotTests.test_chosen_repository_needs_its_own_valid_map) ... hint: Using 'master' as the name for the initial branch. This default branch name
hint: is subject to change. To configure the initial branch name to use in all
hint: of your new repositories, which will suppress this warning, call:
hint:
hint: 	git config --global init.defaultBranch <name>
hint:
hint: Names commonly chosen instead of 'master' are 'main', 'trunk' and
hint: 'development'. The just-created branch can be renamed via this command:
hint:
hint: 	git branch -m <name>
hint:
hint: Disable this message with "git config set advice.defaultBranchName false"
ok
test_evidence_is_read_from_pinned_commit_not_worktree (test_app.SnapshotTests.test_evidence_is_read_from_pinned_commit_not_worktree) ... hint: Using 'master' as the name for the initial branch. This default branch name
hint: is subject to change. To configure the initial branch name to use in all
hint: of your new repositories, which will suppress this warning, call:
hint:
hint: 	git config --global init.defaultBranch <name>
hint:
hint: Names commonly chosen instead of 'master' are 'main', 'trunk' and
hint: 'development'. The just-created branch can be renamed via this command:
hint:
hint: 	git branch -m <name>
hint:
hint: Disable this message with "git config set advice.defaultBranchName false"
ok
test_model_request_is_stateless_and_collects_message_text (test_app.SnapshotTests.test_model_request_is_stateless_and_collects_message_text) ... ok
test_only_declared_paths_can_be_read (test_app.SnapshotTests.test_only_declared_paths_can_be_read) ... ok
test_rename_and_delete_only_flag_nodes_with_changed_evidence (test_app.SnapshotTests.test_rename_and_delete_only_flag_nodes_with_changed_evidence) ... hint: Using 'master' as the name for the initial branch. This default branch name
hint: is subject to change. To configure the initial branch name to use in all
hint: of your new repositories, which will suppress this warning, call:
hint:
hint: 	git config --global init.defaultBranch <name>
hint:
hint: Names commonly chosen instead of 'master' are 'main', 'trunk' and
hint: 'development'. The just-created branch can be renamed via this command:
hint:
hint: 	git branch -m <name>
hint:
hint: Disable this message with "git config set advice.defaultBranchName false"
ok
test_diff_to_operations_minimal (test_archloop_a_backend_b.ConversionTests.test_diff_to_operations_minimal) ... ok
test_edge_type_enum_mapping (test_archloop_a_backend_b.ConversionTests.test_edge_type_enum_mapping) ... ok
test_planning_graph_has_no_code_evidence_and_no_repo (test_archloop_a_backend_b.ConversionTests.test_planning_graph_has_no_code_evidence_and_no_repo) ... ok
test_round_trip_preserves_a_content (test_archloop_a_backend_b.ConversionTests.test_round_trip_preserves_a_content) ... ok
test_step_id_collision_across_nodes_is_reversible (test_archloop_a_backend_b.ConversionTests.test_step_id_collision_across_nodes_is_reversible) ... ok
test_http_review_flow_with_real_sessions (test_archloop_a_backend_b.HttpSeamTests.test_http_review_flow_with_real_sessions) ... 127.0.0.1 - - [07/Oct/2026 21:35:54] "POST /api/archloop/workspaces HTTP/1.1" 200 -
127.0.0.1 - - [07/Oct/2026 21:35:54] "POST /api/archloop/workspaces/ws_20261007213554_575a7f/sync HTTP/1.1" 200 -
127.0.0.1 - - [07/Oct/2026 21:35:54] "GET /api/archloop/backend HTTP/1.1" 200 -
127.0.0.1 - - [07/Oct/2026 21:35:54] "POST /api/archloop/workspaces/ws_20261007213554_575a7f/review-preview HTTP/1.1" 403 -
127.0.0.1 - - [07/Oct/2026 21:35:54] "POST /api/archloop/workspaces/ws_20261007213554_575a7f/review-preview HTTP/1.1" 200 -
127.0.0.1 - - [07/Oct/2026 21:35:54] "POST /api/archloop/workspaces/ws_20261007213554_575a7f/review-confirm HTTP/1.1" 200 -
127.0.0.1 - - [07/Oct/2026 21:35:54] "POST /api/archloop/workspaces/ws_20261007213554_575a7f/publish HTTP/1.1" 200 -
127.0.0.1 - - [07/Oct/2026 21:35:54] "GET /api/archloop/workspaces/ws_20261007213554_575a7f/versions HTTP/1.1" 200 -
ok
test_publish_without_review_is_refused (test_archloop_a_backend_b.HttpSeamTests.test_publish_without_review_is_refused) ... 127.0.0.1 - - [07/Oct/2026 21:35:54] "POST /api/archloop/workspaces HTTP/1.1" 200 -
127.0.0.1 - - [07/Oct/2026 21:35:54] "POST /api/archloop/workspaces/ws_20261007213554_43626a/publish HTTP/1.1" 403 -
ok
test_import_copies_draft_keeps_sample_mark_and_source_intact (test_archloop_a_backend_b.LegacyDraftImportTests.test_import_copies_draft_keeps_sample_mark_and_source_intact) ... ok
test_associate_code_keeps_design_history (test_archloop_a_backend_b.RealBackendFlowTests.test_associate_code_keeps_design_history) ... ok
test_confirmation_without_preview_or_with_wrong_digest_is_refused (test_archloop_a_backend_b.RealBackendFlowTests.test_confirmation_without_preview_or_with_wrong_digest_is_refused) ... ok
test_create_workspace_uses_origin_identity_not_local_path (test_archloop_a_backend_b.RealBackendFlowTests.test_create_workspace_uses_origin_identity_not_local_path) ... ok
test_preview_after_edit_invalidates_old_preview (test_archloop_a_backend_b.RealBackendFlowTests.test_preview_after_edit_invalidates_old_preview) ... ok
test_review_preview_confirm_publish_produces_immutable_version (test_archloop_a_backend_b.RealBackendFlowTests.test_review_preview_confirm_publish_produces_immutable_version) ... ok
test_sample_draft_can_never_be_reviewed (test_archloop_a_backend_b.RealBackendFlowTests.test_sample_draft_can_never_be_reviewed) ... ok
test_second_copy_imports_same_version (test_archloop_a_backend_b.RealBackendFlowTests.test_second_copy_imports_same_version) ... ok
test_sync_save_reopen_and_conflict (test_archloop_a_backend_b.RealBackendFlowTests.test_sync_save_reopen_and_conflict) ... ok
test_unavailable_backend_reports_reason_instead_of_faking (test_archloop_a_backend_b.RealBackendFlowTests.test_unavailable_backend_reports_reason_instead_of_faking) ... ok
test_confirmation_token_never_reaches_the_client (test_archloop_a_batch1_fixes.HumanReviewBoundaryRepairTests.test_confirmation_token_never_reaches_the_client) ... ok
test_publish_requires_a_live_review_session (test_archloop_a_batch1_fixes.HumanReviewBoundaryRepairTests.test_publish_requires_a_live_review_session) ... ok
test_published_identity_is_visible_then_expires_with_the_draft (test_archloop_a_batch1_fixes.HumanReviewBoundaryRepairTests.test_published_identity_is_visible_then_expires_with_the_draft) ... ok
test_nested_target_is_refused (test_archloop_a_batch1_fixes.LegacyImportRepairTests.test_nested_target_is_refused) ... ok
test_corrupted_metadata_is_refused_not_silently_dropped (test_archloop_a_batch1_fixes.OperationDiffRepairTests.test_corrupted_metadata_is_refused_not_silently_dropped) ... ok
test_design_coverage_never_claims_the_carrier (test_archloop_a_batch1_fixes.OperationDiffRepairTests.test_design_coverage_never_claims_the_carrier) ... ok
test_field_deletion_is_expressed_as_replace (test_archloop_a_batch1_fixes.OperationDiffRepairTests.test_field_deletion_is_expressed_as_replace) ... ok
test_large_metadata_round_trips (test_archloop_a_batch1_fixes.OperationDiffRepairTests.test_large_metadata_round_trips) ... ok
test_new_process_is_added_once (test_archloop_a_batch1_fixes.OperationDiffRepairTests.test_new_process_is_added_once) ... ok
test_associate_code_keeps_design_history (tests.test_archloop_a_backend_b.RealBackendFlowTests.test_associate_code_keeps_design_history) ... ok
test_confirmation_without_preview_or_with_wrong_digest_is_refused (tests.test_archloop_a_backend_b.RealBackendFlowTests.test_confirmation_without_preview_or_with_wrong_digest_is_refused) ... ok
test_create_workspace_uses_origin_identity_not_local_path (tests.test_archloop_a_backend_b.RealBackendFlowTests.test_create_workspace_uses_origin_identity_not_local_path) ... ok
test_preview_after_edit_invalidates_old_preview (tests.test_archloop_a_backend_b.RealBackendFlowTests.test_preview_after_edit_invalidates_old_preview) ... ok
test_review_preview_confirm_publish_produces_immutable_version (tests.test_archloop_a_backend_b.RealBackendFlowTests.test_review_preview_confirm_publish_produces_immutable_version) ... ok
test_sample_draft_can_never_be_reviewed (tests.test_archloop_a_backend_b.RealBackendFlowTests.test_sample_draft_can_never_be_reviewed) ... ok
test_second_copy_imports_same_version (tests.test_archloop_a_backend_b.RealBackendFlowTests.test_second_copy_imports_same_version) ... ok
test_sync_save_reopen_and_conflict (tests.test_archloop_a_backend_b.RealBackendFlowTests.test_sync_save_reopen_and_conflict) ... ok
test_unavailable_backend_reports_reason_instead_of_faking (tests.test_archloop_a_backend_b.RealBackendFlowTests.test_unavailable_backend_reports_reason_instead_of_faking) ... ok
test_branch_targets_are_not_dropped (test_archloop_a_batch1_fixes.RoundTripRepairTests.test_branch_targets_are_not_dropped) ... ok
test_duplicate_step_ids_across_nodes_round_trip (test_archloop_a_batch1_fixes.RoundTripRepairTests.test_duplicate_step_ids_across_nodes_round_trip) ... ok
test_forward_step_references_survive (test_archloop_a_batch1_fixes.RoundTripRepairTests.test_forward_step_references_survive) ... ok
test_explicit_rebase_is_possible_after_reading (test_archloop_a_batch1_fixes.SyncGuardRepairTests.test_explicit_rebase_is_possible_after_reading) ... ok
test_external_b_edit_is_not_overwritten (test_archloop_a_batch1_fixes.SyncGuardRepairTests.test_external_b_edit_is_not_overwritten) ... ok
test_t01_failed_generation_is_not_a_pass (test_archloop_a_batch2_fixes.AcceptanceCriteriaRepairTests.test_t01_failed_generation_is_not_a_pass) ... ok
test_t01_real_generation_passes_and_unconfigured_is_not_run (test_archloop_a_batch2_fixes.AcceptanceCriteriaRepairTests.test_t01_real_generation_passes_and_unconfigured_is_not_run) ... ok
test_t21_content_mismatch_and_integrity_refusals_pass (test_archloop_a_batch2_fixes.AcceptanceCriteriaRepairTests.test_t21_content_mismatch_and_integrity_refusals_pass) ... ok
test_t21_needs_a_complete_comparison (test_archloop_a_batch2_fixes.AcceptanceCriteriaRepairTests.test_t21_needs_a_complete_comparison) ... ok
test_t21_unrelated_refusal_is_not_tamper_detection (test_archloop_a_batch2_fixes.AcceptanceCriteriaRepairTests.test_t21_unrelated_refusal_is_not_tamper_detection) ... ok
test_t24_rejects_placeholder_missing_or_mismatched_revisions (test_archloop_a_batch2_fixes.AcceptanceCriteriaRepairTests.test_t24_rejects_placeholder_missing_or_mismatched_revisions) ... ok
test_t24_requires_this_repository_and_real_coverage (test_archloop_a_batch2_fixes.AcceptanceCriteriaRepairTests.test_t24_requires_this_repository_and_real_coverage) ... ok
test_b_edited_branch_target_survives_round_trip (test_archloop_a_batch2_fixes.BranchFallbackRepairTests.test_b_edited_branch_target_survives_round_trip) ... ok
test_untouched_auto_filled_branch_stays_stable (test_archloop_a_batch2_fixes.BranchFallbackRepairTests.test_untouched_auto_filled_branch_stays_stable) ... ok
test_payload_carries_excerpts_docs_and_the_missing_list (test_archloop_a_batch2_fixes.CorrectionPackRepairTests.test_payload_carries_excerpts_docs_and_the_missing_list) ... ok
test_rebind_refreshes_the_pack_revision (test_archloop_a_batch2_fixes.CorrectionPackRepairTests.test_rebind_refreshes_the_pack_revision) ... ok
test_absent_coverage_still_selects_the_default (test_archloop_a_batch2_fixes.CoverageRefusalRepairTests.test_absent_coverage_still_selects_the_default) ... ok
test_malformed_explicit_coverage_is_refused (test_archloop_a_batch2_fixes.CoverageRefusalRepairTests.test_malformed_explicit_coverage_is_refused) ... ok
test_plain_config_stays_included (test_archloop_a_batch2_fixes.CredentialFilterRepairTests.test_plain_config_stays_included) ... ok
test_prefixed_quoted_credential_key_is_excluded (test_archloop_a_batch2_fixes.CredentialFilterRepairTests.test_prefixed_quoted_credential_key_is_excluded) ... ok
test_quoted_credential_key_is_excluded (test_archloop_a_batch2_fixes.CredentialFilterRepairTests.test_quoted_credential_key_is_excluded) ... ok
test_boolean_evidence_is_refused (test_archloop_a_batch2_fixes.FixTaskVerificationRepairTests.test_boolean_evidence_is_refused) ... ok
test_nonexistent_commit_is_refused (test_archloop_a_batch2_fixes.FixTaskVerificationRepairTests.test_nonexistent_commit_is_refused) ... ok
test_real_commit_and_recorded_evidence_verifies (test_archloop_a_batch2_fixes.FixTaskVerificationRepairTests.test_real_commit_and_recorded_evidence_verifies) ... ok
test_conversion_covers_add_update_remove_and_all_apply (test_archloop_a_batch2_fixes.IncrementalConversionRepairTests.test_conversion_covers_add_update_remove_and_all_apply) ... ok
test_service_incremental_proposal_returns_applicable_ops (test_archloop_a_batch2_fixes.IncrementalConversionRepairTests.test_service_incremental_proposal_returns_applicable_ops) ... ok
test_unmatched_changes_become_warnings_not_broken_ops (test_archloop_a_batch2_fixes.IncrementalConversionRepairTests.test_unmatched_changes_become_warnings_not_broken_ops) ... ok
test_absent_coverage_uses_the_default (test_archloop_a_batch3_fixes.CoverageNullRepairTests.test_absent_coverage_uses_the_default) ... ok
test_explicit_null_coverage_is_refused (test_archloop_a_batch3_fixes.CoverageNullRepairTests.test_explicit_null_coverage_is_refused) ... ok
test_malformed_values_are_still_refused (test_archloop_a_batch3_fixes.CoverageNullRepairTests.test_malformed_values_are_still_refused) ... ok
test_colliding_derived_ids_are_made_unique (test_archloop_a_batch3_fixes.IncrementalConversionRepairTests.test_colliding_derived_ids_are_made_unique) ... ok
test_every_emitted_operation_applies_in_order (test_archloop_a_batch3_fixes.IncrementalConversionRepairTests.test_every_emitted_operation_applies_in_order) ... ok
test_removing_a_referenced_node_becomes_a_warning (test_archloop_a_batch3_fixes.IncrementalConversionRepairTests.test_removing_a_referenced_node_becomes_a_warning) ... ok
test_two_updates_to_one_node_are_merged (test_archloop_a_batch3_fixes.IncrementalConversionRepairTests.test_two_updates_to_one_node_are_merged) ... ok
test_legacy_carrier_does_not_resurrect_a_stale_target (test_archloop_a_batch3_fixes.LegacyCarrierRepairTests.test_legacy_carrier_does_not_resurrect_a_stale_target) ... ok
test_credential_names_are_detected_in_every_style (test_archloop_a_batch3_fixes.SecretKeyNameTests.test_credential_names_are_detected_in_every_style) ... ok
test_ordinary_names_are_not_credentials (test_archloop_a_batch3_fixes.SecretKeyNameTests.test_ordinary_names_are_not_credentials) ... ok
test_placeholders_and_plain_config_stay_out (test_archloop_a_batch3_fixes.SecretKeyNameTests.test_placeholders_and_plain_config_stay_out) ... ok
test_duplicate_node_id_rejected (test_archloop_a_contract.GraphValidationTests.test_duplicate_node_id_rejected) ... ok
test_edge_type_restricted (test_archloop_a_contract.GraphValidationTests.test_edge_type_restricted) ... ok
test_process_step_needs_stable_id (test_archloop_a_contract.GraphValidationTests.test_process_step_needs_stable_id) ... ok
test_provenance_is_mandatory (test_archloop_a_contract.GraphValidationTests.test_provenance_is_mandatory) ... ok
test_valid_graph_passes (test_archloop_a_contract.GraphValidationTests.test_valid_graph_passes) ... ok
test_existing_project_accepts_null_revisions (test_archloop_a_contract.IdentityTests.test_existing_project_accepts_null_revisions) ... ok
test_existing_project_needs_stable_repo_id (test_archloop_a_contract.IdentityTests.test_existing_project_needs_stable_repo_id) ... ok
test_planning_rejects_code_fields (test_archloop_a_contract.IdentityTests.test_planning_rejects_code_fields) ... ok
test_assumptions_and_provenance_change_revision (test_archloop_a_contract.RevisionIdentityTests.test_assumptions_and_provenance_change_revision) ... ok
test_layout_only_change_keeps_revision (test_archloop_a_contract.RevisionIdentityTests.test_layout_only_change_keeps_revision) ... ok
test_process_reorder_changes_revision (test_archloop_a_contract.RevisionIdentityTests.test_process_reorder_changes_revision) ... ok
test_semantic_change_mints_new_revision (test_archloop_a_contract.RevisionIdentityTests.test_semantic_change_mints_new_revision) ... ok
test_clean_lineage_legacy_import_is_review_eligible (test_archloop_a_final_fixes.Final2FixTests.test_clean_lineage_legacy_import_is_review_eligible) ... ok
test_identity_revision_matches_graph_after_evidence_downgrade (test_archloop_a_final_fixes.Final2FixTests.test_identity_revision_matches_graph_after_evidence_downgrade) ... ok
test_legacy_import_keeps_sample_lineage_refusal (test_archloop_a_final_fixes.Final2FixTests.test_legacy_import_keeps_sample_lineage_refusal) ... ok
test_identity_drops_published_facts_when_draft_moves_on (test_archloop_a_final_fixes.Final3FixTests.test_identity_drops_published_facts_when_draft_moves_on) ... ok
test_import_claiming_sample_origin_stays_tainted (test_archloop_a_final_fixes.Final3FixTests.test_import_claiming_sample_origin_stays_tainted) ... ok
test_backend_label_splits_storage_and_version_service (test_archloop_a_final_fixes.FinalAuditRegressionTests.test_backend_label_splits_storage_and_version_service) ... ok
test_direct_edit_evidence_checked_against_bound_revision (test_archloop_a_final_fixes.FinalAuditRegressionTests.test_direct_edit_evidence_checked_against_bound_revision) ... ok
test_fix_task_delegates_to_registered_backend (test_archloop_a_final_fixes.FinalAuditRegressionTests.test_fix_task_delegates_to_registered_backend) ... ok
test_legacy_import_cas_validation_and_guard (test_archloop_a_final_fixes.FinalAuditRegressionTests.test_legacy_import_cas_validation_and_guard) ... ok
test_publish_write_back_is_atomically_rechecked (test_archloop_a_final_fixes.FinalAuditRegressionTests.test_publish_write_back_is_atomically_rechecked) ... ok
test_recheck_flags_renamed_old_paths (test_archloop_a_final_fixes.FinalAuditRegressionTests.test_recheck_flags_renamed_old_paths) ... ok
test_sample_correction_poisons_real_origin_draft (test_archloop_a_final_fixes.FinalAuditRegressionTests.test_sample_correction_poisons_real_origin_draft) ... ok
test_full_change_correction_rebind_cycle (test_archloop_a_fixture.FixtureLoopTests.test_full_change_correction_rebind_cycle) ... ok
test_ai_status_reports_unconfigured_here (test_archloop_a_http.ArchLoopHTTPTests.test_ai_status_reports_unconfigured_here) ... 127.0.0.1 - - [07/Oct/2026 21:35:58] "GET /api/ai-status HTTP/1.1" 200 -
ok
test_bad_input_returns_json_error_not_crash (test_archloop_a_http.ArchLoopHTTPTests.test_bad_input_returns_json_error_not_crash) ... 127.0.0.1 - - [07/Oct/2026 21:35:58] "POST /api/archloop/workspaces HTTP/1.1" 500 -
127.0.0.1 - - [07/Oct/2026 21:35:58] "POST /api/archloop/workspaces HTTP/1.1" 400 -
ok
test_cross_origin_write_is_rejected (test_archloop_a_http.ArchLoopHTTPTests.test_cross_origin_write_is_rejected) ... 127.0.0.1 - - [07/Oct/2026 21:35:58] "POST /api/archloop/workspaces HTTP/1.1" 403 -
ok
test_full_user_story_over_http (test_archloop_a_http.ArchLoopHTTPTests.test_full_user_story_over_http) ... 127.0.0.1 - - [07/Oct/2026 21:35:58] "POST /api/archloop/workspaces HTTP/1.1" 200 -
127.0.0.1 - - [07/Oct/2026 21:35:58] "GET /api/archloop/sample-graph?context=planning HTTP/1.1" 200 -
127.0.0.1 - - [07/Oct/2026 21:35:58] "POST /api/archloop/workspaces/ws_20261007213558_f07a65/generate HTTP/1.1" 200 -
127.0.0.1 - - [07/Oct/2026 21:35:58] "POST /api/archloop/workspaces/ws_20261007213558_f07a65/apply-candidate HTTP/1.1" 200 -
127.0.0.1 - - [07/Oct/2026 21:35:58] "POST /api/archloop/workspaces/ws_20261007213558_f07a65/apply-ops HTTP/1.1" 200 -
127.0.0.1 - - [07/Oct/2026 21:35:58] "POST /api/archloop/workspaces/ws_20261007213558_f07a65/apply-ops HTTP/1.1" 409 -
127.0.0.1 - - [07/Oct/2026 21:35:58] "POST /api/archloop/workspaces/ws_20261007213558_f07a65/correction-preview HTTP/1.1" 200 -
127.0.0.1 - - [07/Oct/2026 21:35:58] "POST /api/archloop/workspaces/ws_20261007213558_f07a65/apply-correction HTTP/1.1" 200 -
127.0.0.1 - - [07/Oct/2026 21:35:58] "POST /api/archloop/workspaces/ws_20261007213558_f07a65/review HTTP/1.1" 403 -
127.0.0.1 - - [07/Oct/2026 21:35:58] "POST /api/archloop/workspaces/ws_20261007213558_f07a65/fix-task HTTP/1.1" 200 -
127.0.0.1 - - [07/Oct/2026 21:35:58] "GET /api/archloop/workspaces/ws_20261007213558_f07a65 HTTP/1.1" 200 -
ok
test_generate_without_config_is_honest_over_http (test_archloop_a_http.ArchLoopHTTPTests.test_generate_without_config_is_honest_over_http) ... 127.0.0.1 - - [07/Oct/2026 21:35:58] "POST /api/archloop/workspaces HTTP/1.1" 200 -
127.0.0.1 - - [07/Oct/2026 21:35:58] "POST /api/archloop/workspaces/ws_20261007213558_ae7543/generate HTTP/1.1" 200 -
ok
test_legacy_snapshot_still_works (test_archloop_a_http.ArchLoopHTTPTests.test_legacy_snapshot_still_works) ... 127.0.0.1 - - [07/Oct/2026 21:35:58] "GET /api/snapshot HTTP/1.1" 200 -
ok
test_recheck_is_post_only (test_archloop_a_http.ArchLoopHTTPTests.test_recheck_is_post_only) ... 127.0.0.1 - - [07/Oct/2026 21:35:58] "POST /api/archloop/workspaces HTTP/1.1" 200 -
127.0.0.1 - - [07/Oct/2026 21:35:58] "GET /api/archloop/workspaces/ws_20261007213558_cfd4b4/recheck HTTP/1.1" 404 -
127.0.0.1 - - [07/Oct/2026 21:35:58] "POST /api/archloop/workspaces/ws_20261007213558_cfd4b4/recheck HTTP/1.1" 400 -
ok
test_service_info_and_sample_graph_are_labeled (test_archloop_a_http.ArchLoopHTTPTests.test_service_info_and_sample_graph_are_labeled) ... 127.0.0.1 - - [07/Oct/2026 21:35:58] "GET /api/archloop HTTP/1.1" 200 -
127.0.0.1 - - [07/Oct/2026 21:35:58] "GET /api/archloop/sample-graph HTTP/1.1" 200 -
ok
test_apply_cas_on_existing_draft (test_archloop_a_service.CandidateApplicationTests.test_apply_cas_on_existing_draft) ... ok
test_apply_requires_stored_candidate_id (test_archloop_a_service.CandidateApplicationTests.test_apply_requires_stored_candidate_id) ... ok
test_candidate_source_revision_must_match_binding (test_archloop_a_service.CandidateApplicationTests.test_candidate_source_revision_must_match_binding) ... ok
test_generation_meta_persists_unknowns (test_archloop_a_service.CandidateApplicationTests.test_generation_meta_persists_unknowns) ... ok
test_apply_correction_by_proposal_and_expiry (test_archloop_a_service.CorrectionReviewRecheckTests.test_apply_correction_by_proposal_and_expiry) ... ok
test_correction_preview_dev_sample_is_labeled (test_archloop_a_service.CorrectionReviewRecheckTests.test_correction_preview_dev_sample_is_labeled) ... ok
test_correction_preview_production_without_c_is_unavailable (test_archloop_a_service.CorrectionReviewRecheckTests.test_correction_preview_production_without_c_is_unavailable) ... ok
test_correction_preview_stale_revision_conflicts (test_archloop_a_service.CorrectionReviewRecheckTests.test_correction_preview_stale_revision_conflicts) ... ok
test_fix_task_dev_sample_is_labeled (test_archloop_a_service.CorrectionReviewRecheckTests.test_fix_task_dev_sample_is_labeled) ... ok
test_recheck_detects_new_commit_and_stale_nodes (test_archloop_a_service.CorrectionReviewRecheckTests.test_recheck_detects_new_commit_and_stale_nodes) ... ok
test_review_on_real_origin_draft_is_refused_until_b_lands (test_archloop_a_service.CorrectionReviewRecheckTests.test_review_on_real_origin_draft_is_refused_until_b_lands) ... ok
test_review_records_decision_but_produces_no_version (test_archloop_a_service.CorrectionReviewRecheckTests.test_review_records_decision_but_produces_no_version) ... ok
test_sample_correction_marks_draft_origin (test_archloop_a_service.CorrectionReviewRecheckTests.test_sample_correction_marks_draft_origin) ... ok
test_concurrent_writers_cas_exactly_one_wins (test_archloop_a_service.DraftEditingTests.test_concurrent_writers_cas_exactly_one_wins) ... ok
test_diff_reports_semantic_changes (test_archloop_a_service.DraftEditingTests.test_diff_reports_semantic_changes) ... ok
test_direct_edit_updates_draft_and_identity (test_archloop_a_service.DraftEditingTests.test_direct_edit_updates_draft_and_identity) ... ok
test_process_reorder_keeps_step_ids (test_archloop_a_service.DraftEditingTests.test_process_reorder_keeps_step_ids) ... ok
test_remove_node_with_process_references (test_archloop_a_service.DraftEditingTests.test_remove_node_with_process_references) ... ok
test_wrong_expected_revision_conflicts (test_archloop_a_service.DraftEditingTests.test_wrong_expected_revision_conflicts) ... ok
test_dev_sample_generation_is_labeled (test_archloop_a_service.WorkspaceLifecycleTests.test_dev_sample_generation_is_labeled) ... ok
test_dev_sample_without_graph_is_refused (test_archloop_a_service.WorkspaceLifecycleTests.test_dev_sample_without_graph_is_refused) ... ok
test_existing_workspace_binds_stable_identity (test_archloop_a_service.WorkspaceLifecycleTests.test_existing_workspace_binds_stable_identity) ... ok
test_generation_without_config_is_honest (test_archloop_a_service.WorkspaceLifecycleTests.test_generation_without_config_is_honest) ... ok
test_planning_rejects_code_fact_evidence (test_archloop_a_service.WorkspaceLifecycleTests.test_planning_rejects_code_fact_evidence) ... ok
test_planning_workspace_has_null_code_identity (test_archloop_a_service.WorkspaceLifecycleTests.test_planning_workspace_has_null_code_identity) ... ok
test_unverifiable_code_fact_downgrades_to_unknown (test_archloop_a_service.WorkspaceLifecycleTests.test_unverifiable_code_fact_downgrades_to_unknown) ... ok
test_ai_correction_is_not_run_without_a_model (test_archloop_a_stage23.CMouleIntegrationTests.test_ai_correction_is_not_run_without_a_model) ... ok
test_deviations_are_unknown_without_traces_and_detected_with_them (test_archloop_a_stage23.CMouleIntegrationTests.test_deviations_are_unknown_without_traces_and_detected_with_them) ... skipped 'rule-based candidate has no process steps to compare'
test_incremental_proposal_after_a_real_code_change (test_archloop_a_stage23.CMouleIntegrationTests.test_incremental_proposal_after_a_real_code_change) ... ok
test_planning_rule_based_generation_has_no_code_facts (test_archloop_a_stage23.CMouleIntegrationTests.test_planning_rule_based_generation_has_no_code_facts) ... ok
test_rule_based_correction_previews_and_applies (test_archloop_a_stage23.CMouleIntegrationTests.test_rule_based_correction_previews_and_applies) ... ok
test_rule_based_generation_is_labeled_and_applies (test_archloop_a_stage23.CMouleIntegrationTests.test_rule_based_generation_is_labeled_and_applies) ... ok
test_bounded_pack_records_coverage_and_excludes_secrets (test_archloop_a_stage23.ContextPackTests.test_bounded_pack_records_coverage_and_excludes_secrets) ... ok
test_pack_requires_a_full_sha (test_archloop_a_stage23.ContextPackTests.test_pack_requires_a_full_sha) ... ok
test_task_lifecycle_requires_real_evidence (test_archloop_a_stage23.FixTaskTests.test_task_lifecycle_requires_real_evidence) ... ok
test_handover_requires_a_version_and_exports_identities (test_archloop_a_stage23.HandoverTests.test_handover_requires_a_version_and_exports_identities) ... ok
test_handover_without_a_published_version_is_refused (test_archloop_a_stage23.HandoverTests.test_handover_without_a_published_version_is_refused) ... ok
test_second_copy_imports_the_same_version (test_archloop_a_stage23.HandoverTests.test_second_copy_imports_the_same_version) ... ok
test_call_model_returns_a_schema_valid_graph (test_archloop_ai_providers.ChatCompletionsProviderTests.test_call_model_returns_a_schema_valid_graph) ... ok
test_config_and_status_show_provider_without_the_key (test_archloop_ai_providers.ChatCompletionsProviderTests.test_config_and_status_show_provider_without_the_key) ... ok
test_non_conforming_output_is_refused (test_archloop_ai_providers.ChatCompletionsProviderTests.test_non_conforming_output_is_refused) ... ok
test_provider_without_response_format_still_works (test_archloop_ai_providers.ChatCompletionsProviderTests.test_provider_without_response_format_still_works) ... ok
test_real_generation_endpoint_produces_an_ai_candidate (test_archloop_ai_providers.ChatCompletionsProviderTests.test_real_generation_endpoint_produces_an_ai_candidate) ... 127.0.0.1 - - [07/Oct/2026 21:36:03] "POST /api/archloop/workspaces HTTP/1.1" 200 -
127.0.0.1 - - [07/Oct/2026 21:36:03] "POST /api/archloop/workspaces/ws_20261007213603_d3e99c/generate HTTP/1.1" 200 -
ok
test_unreadable_output_is_refused (test_archloop_ai_providers.ChatCompletionsProviderTests.test_unreadable_output_is_refused) ... ok
test_bad_base_url_and_protocol_are_refused (test_archloop_ai_providers.ConfigurationRefusalTests.test_bad_base_url_and_protocol_are_refused) ... ok
test_unconfigured_status_is_honest (test_archloop_ai_providers.ConfigurationRefusalTests.test_unconfigured_status_is_honest) ... ok
test_auto_protocol_selection (test_archloop_ai_providers.ResponsesProtocolTests.test_auto_protocol_selection) ... ok
test_responses_endpoint_shape (test_archloop_ai_providers.ResponsesProtocolTests.test_responses_endpoint_shape) ... ok
test_consumer_selection_review_and_clone_use_real_service (test_archloop_b_consumers.ConsumerContractTests.test_consumer_selection_review_and_clone_use_real_service) ... ok
test_existing_output_is_never_overwritten (test_archloop_b_consumers.ConsumerContractTests.test_existing_output_is_never_overwritten) ... ok
test_guard_refuses_real_source_and_unmarked_run_before_writing (test_archloop_b_consumers.ConsumerContractTests.test_guard_refuses_real_source_and_unmarked_run_before_writing) ... ok
test_trace_never_exports_private_values_or_local_paths (test_archloop_b_consumers.ConsumerContractTests.test_trace_never_exports_private_values_or_local_paths) ... ok
test_200_for_external_headers_never_proves_auth_tls_or_remote_access (test_archloop_b_deployment_preflight.DeploymentPreflightTests.test_200_for_external_headers_never_proves_auth_tls_or_remote_access) ... ok
test_ambiguous_origin_spelling_is_rejected (test_archloop_b_deployment_preflight.DeploymentPreflightTests.test_ambiguous_origin_spelling_is_rejected) ... ok
test_base_rejects_remote_hosts_credentials_and_url_components (test_archloop_b_deployment_preflight.DeploymentPreflightTests.test_base_rejects_remote_hosts_credentials_and_url_components) ... ok
test_eight_real_reads_preserve_host_and_origin_without_claiming_ready (test_archloop_b_deployment_preflight.DeploymentPreflightTests.test_eight_real_reads_preserve_host_and_origin_without_claiming_ready) ... ok
test_invalid_http_and_connection_failure_are_controlled (test_archloop_b_deployment_preflight.DeploymentPreflightTests.test_invalid_http_and_connection_failure_are_controlled) ... ok
test_new_output_contains_sanitized_evidence (test_archloop_b_deployment_preflight.DeploymentPreflightTests.test_new_output_contains_sanitized_evidence) ... ok
test_oversized_and_non_json_responses_are_bounded_failures (test_archloop_b_deployment_preflight.DeploymentPreflightTests.test_oversized_and_non_json_responses_are_bounded_failures) ... ok
test_public_origin_requires_https_domain_without_credential_or_path (test_archloop_b_deployment_preflight.DeploymentPreflightTests.test_public_origin_requires_https_domain_without_credential_or_path) ... ok
test_redirect_is_observed_and_not_followed (test_archloop_b_deployment_preflight.DeploymentPreflightTests.test_redirect_is_observed_and_not_followed) ... ok
test_report_requires_new_non_git_output_and_preserves_existing_files (test_archloop_b_deployment_preflight.DeploymentPreflightTests.test_report_requires_new_non_git_output_and_preserves_existing_files) ... ok
test_sanitized_report_discards_nested_private_response_fields (test_archloop_b_deployment_preflight.DeploymentPreflightTests.test_sanitized_report_discards_nested_private_response_fields) ... ok
test_unwritable_evidence_is_controlled_and_does_not_expose_path (test_archloop_b_deployment_preflight.DeploymentPreflightTests.test_unwritable_evidence_is_controlled_and_does_not_expose_path) ... ok
test_accept_cannot_silently_change_candidate (test_archloop_b_proposals.ProposalContractTests.test_accept_cannot_silently_change_candidate) ... ok
test_accept_numeric_bool_equality_cannot_replace_json_identity (test_archloop_b_proposals.ProposalContractTests.test_accept_numeric_bool_equality_cannot_replace_json_identity) ... ok
test_actual_operation_order_preserved_and_output_copied (test_archloop_b_proposals.ProposalContractTests.test_actual_operation_order_preserved_and_output_copied) ... ok
test_add_values_are_typed_without_existing_reference_assumptions (test_archloop_b_proposals.ProposalContractTests.test_add_values_are_typed_without_existing_reference_assumptions) ... ok
test_ai_generation_requires_matching_operation_sources (test_archloop_b_proposals.ProposalContractTests.test_ai_generation_requires_matching_operation_sources) ... ok
test_all_rejected_is_valid_no_write_batch (test_archloop_b_proposals.ProposalContractTests.test_all_rejected_is_valid_no_write_batch) ... ok
test_bootstrap_cannot_mix_operations_or_invalid_graph (test_archloop_b_proposals.ProposalContractTests.test_bootstrap_cannot_mix_operations_or_invalid_graph) ... ok
test_bootstrap_cannot_reuse_an_existing_draft_context (test_archloop_b_proposals.ProposalContractTests.test_bootstrap_cannot_reuse_an_existing_draft_context) ... ok
test_candidate_and_operation_ids_are_global_unique (test_archloop_b_proposals.ProposalContractTests.test_candidate_and_operation_ids_are_global_unique) ... ok
test_code_evidence_shape_and_identity_mismatch (test_archloop_b_proposals.ProposalContractTests.test_code_evidence_shape_and_identity_mismatch) ... ok
test_context_rejects_invalid_identity_sha_draft_and_hash (test_archloop_b_proposals.ProposalContractTests.test_context_rejects_invalid_identity_sha_draft_and_hash) ... ok
test_context_strict_fields_and_copy (test_archloop_b_proposals.ProposalContractTests.test_context_strict_fields_and_copy) ... ok
test_cross_candidate_operations_can_interleave_with_group_order_preserved (test_archloop_b_proposals.ProposalContractTests.test_cross_candidate_operations_can_interleave_with_group_order_preserved) ... ok
test_every_basis_field_must_match_current_context (test_archloop_b_proposals.ProposalContractTests.test_every_basis_field_must_match_current_context) ... ok
test_every_candidate_decided_once (test_archloop_b_proposals.ProposalContractTests.test_every_candidate_decided_once) ... ok
test_failures_do_not_mutate_proposal_selection_or_operations (test_archloop_b_proposals.ProposalContractTests.test_failures_do_not_mutate_proposal_selection_or_operations) ... ok
test_illustrated_patch_selection_and_bootstrap_validate (test_archloop_b_proposals.ProposalContractTests.test_illustrated_patch_selection_and_bootstrap_validate) ... ok
test_layout_boolean_negative_nonfinite_and_nonjson_are_controlled (test_archloop_b_proposals.ProposalContractTests.test_layout_boolean_negative_nonfinite_and_nonjson_are_controlled) ... ok
test_malformed_packet_types_never_escape_machine_error (test_archloop_b_proposals.ProposalContractTests.test_malformed_packet_types_never_escape_machine_error) ... ok
test_mixed_bootstrap_retains_design_and_accepts_bound_code_evidence (test_archloop_b_proposals.ProposalContractTests.test_mixed_bootstrap_retains_design_and_accepts_bound_code_evidence) ... ok
test_mixed_context_after_code_association_requires_fixed_code_identity (test_archloop_b_proposals.ProposalContractTests.test_mixed_context_after_code_association_requires_fixed_code_identity) ... ok
test_modify_add_preserves_new_object_id (test_archloop_b_proposals.ProposalContractTests.test_modify_add_preserves_new_object_id) ... ok
test_modify_reason_optional_but_present_reason_must_be_meaningful (test_archloop_b_proposals.ProposalContractTests.test_modify_reason_optional_but_present_reason_must_be_meaningful) ... ok
test_modify_reorder_preserves_process_and_can_change_order (test_archloop_b_proposals.ProposalContractTests.test_modify_reorder_preserves_process_and_can_change_order) ... ok
test_modify_requires_human_source_and_preserves_target (test_archloop_b_proposals.ProposalContractTests.test_modify_requires_human_source_and_preserves_target) ... ok
test_no_manual_or_duplicate_operation_can_be_smuggled (test_archloop_b_proposals.ProposalContractTests.test_no_manual_or_duplicate_operation_can_be_smuggled) ... ok
test_operation_group_cannot_be_partially_accepted (test_archloop_b_proposals.ProposalContractTests.test_operation_group_cannot_be_partially_accepted) ... ok
test_operation_shape_no_unknown_fields_or_missing_stable_ids (test_archloop_b_proposals.ProposalContractTests.test_operation_shape_no_unknown_fields_or_missing_stable_ids) ... ok
test_oversize_and_recursive_values_are_controlled (test_archloop_b_proposals.ProposalContractTests.test_oversize_and_recursive_values_are_controlled) ... ok
test_packet_and_generation_unknown_fields_are_rejected (test_archloop_b_proposals.ProposalContractTests.test_packet_and_generation_unknown_fields_are_rejected) ... ok
test_packet_tamper_fails_digest_without_mutation (test_archloop_b_proposals.ProposalContractTests.test_packet_tamper_fails_digest_without_mutation) ... ok
test_patch_requires_draft_but_bootstrap_does_not (test_archloop_b_proposals.ProposalContractTests.test_patch_requires_draft_but_bootstrap_does_not) ... ok
test_planning_context_has_null_code_and_no_draft_pair (test_archloop_b_proposals.ProposalContractTests.test_planning_context_has_null_code_and_no_draft_pair) ... ok
test_reject_requires_reason_and_no_applied_operations (test_archloop_b_proposals.ProposalContractTests.test_reject_requires_reason_and_no_applied_operations) ... ok
test_sequential_same_target_group_cannot_reverse_accepted_or_modified_operations (test_archloop_b_proposals.ProposalContractTests.test_sequential_same_target_group_cannot_reverse_accepted_or_modified_operations) ... ok
test_total_operations_are_bounded_by_service_batch_limit (test_archloop_b_proposals.ProposalContractTests.test_total_operations_are_bounded_by_service_batch_limit) ... ok
test_unknown_or_stable_id_update_fields_are_rejected (test_archloop_b_proposals.ProposalContractTests.test_unknown_or_stable_id_update_fields_are_rejected) ... ok
test_wrong_api_version_and_nonlist_unknowns (test_archloop_b_proposals.ProposalContractTests.test_wrong_api_version_and_nonlist_unknowns) ... ok
test_bad_boundary_cannot_allocate_or_reuse_a_session (test_archloop_b_review_sessions.ReviewSessionTests.test_bad_boundary_cannot_allocate_or_reuse_a_session) ... ok
test_concurrent_creates_never_exceed_capacity (test_archloop_b_review_sessions.ReviewSessionTests.test_concurrent_creates_never_exceed_capacity) ... ok
test_default_capacity_is_bounded_without_evicting_live_sessions (test_archloop_b_review_sessions.ReviewSessionTests.test_default_capacity_is_bounded_without_evicting_live_sessions) ... ok
test_exact_expiry_boundary_refuses_old_authority (test_archloop_b_review_sessions.ReviewSessionTests.test_exact_expiry_boundary_refuses_old_authority) ... ok
test_expired_entries_are_pruned_in_place_before_creation (test_archloop_b_review_sessions.ReviewSessionTests.test_expired_entries_are_pruned_in_place_before_creation) ... ok
test_invalid_actor_does_not_allocate (test_archloop_b_review_sessions.ReviewSessionTests.test_invalid_actor_does_not_allocate) ... ok
test_limits_must_be_positive_integers (test_archloop_b_review_sessions.ReviewSessionTests.test_limits_must_be_positive_integers) ... ok
test_prune_is_idempotent_and_keeps_active_sessions (test_archloop_b_review_sessions.ReviewSessionTests.test_prune_is_idempotent_and_keeps_active_sessions) ... ok
test_returned_session_cannot_mutate_registry (test_archloop_b_review_sessions.ReviewSessionTests.test_returned_session_cannot_mutate_registry) ... ok
test_session_collision_never_replaces_existing_authority (test_archloop_b_review_sessions.ReviewSessionTests.test_session_collision_never_replaces_existing_authority) ... ok
test_validation_cleans_other_expired_sessions (test_archloop_b_review_sessions.ReviewSessionTests.test_validation_cleans_other_expired_sessions) ... ok
test_wrong_csrf_and_unknown_session_do_not_change_live_authority (test_archloop_b_review_sessions.ReviewSessionTests.test_wrong_csrf_and_unknown_session_do_not_change_live_authority) ... ok
test_all_reject_previews_unchanged_graph_and_does_not_issue_review (test_archloop_b_selection_preview.CandidatePreviewTests.test_all_reject_previews_unchanged_graph_and_does_not_issue_review) ... ok
test_bad_fixed_line_range_fails_before_save (test_archloop_b_selection_preview.CandidatePreviewTests.test_bad_fixed_line_range_fails_before_save) ... ok
test_deleting_referenced_node_is_rejected_without_partial_state (test_archloop_b_selection_preview.CandidatePreviewTests.test_deleting_referenced_node_is_rejected_without_partial_state) ... ok
test_direct_preview_malformed_context_is_controlled (test_archloop_b_selection_preview.CandidatePreviewTests.test_direct_preview_malformed_context_is_controlled) ... ok
test_immutable_proposal_reuse_is_refused_in_preview (test_archloop_b_selection_preview.CandidatePreviewTests.test_immutable_proposal_reuse_is_refused_in_preview) ... ok
test_missing_fixed_code_fails_preview_even_when_structure_is_valid (test_archloop_b_selection_preview.CandidatePreviewTests.test_missing_fixed_code_fails_preview_even_when_structure_is_valid) ... ok
test_preview_equals_save_and_does_not_change_sqlite_git_or_authority (test_archloop_b_selection_preview.CandidatePreviewTests.test_preview_equals_save_and_does_not_change_sqlite_git_or_authority) ... ok
test_previews_do_not_hold_a_revision_lock_for_later_save (test_archloop_b_selection_preview.CandidatePreviewTests.test_previews_do_not_hold_a_revision_lock_for_later_save) ... ok
test_read_only_selection_preview_does_not_revoke_existing_review (test_archloop_b_selection_preview.CandidatePreviewTests.test_read_only_selection_preview_does_not_revoke_existing_review) ... ok
test_stale_code_context_is_rejected (test_archloop_b_selection_preview.CandidatePreviewTests.test_stale_code_context_is_rejected) ... ok
test_stale_formal_base_is_rejected_by_worker_and_preview (test_archloop_b_selection_preview.CandidatePreviewTests.test_stale_formal_base_is_rejected_by_worker_and_preview) ... ok
test_transaction_rechecks_context_after_facade_preflight (test_archloop_b_selection_preview.CandidatePreviewTests.test_transaction_rechecks_context_after_facade_preflight) ... ok
test_unknown_evidence_is_kept_unverified (test_archloop_b_selection_preview.CandidatePreviewTests.test_unknown_evidence_is_kept_unverified) ... ok
test_worker_and_forged_user_cannot_request_selection_preview (test_archloop_b_selection_preview.CandidatePreviewTests.test_worker_and_forged_user_cannot_request_selection_preview) ... ok
test_worktree_shadow_does_not_repair_missing_fixed_evidence (test_archloop_b_selection_preview.CandidatePreviewTests.test_worktree_shadow_does_not_repair_missing_fixed_evidence) ... ok
test_ai_candidate_edit_reopen_stable_ids_and_step_order (test_archloop_b_service.ArchitectureWorkspaceTests.test_ai_candidate_edit_reopen_stable_ids_and_step_order) ... ok
test_associate_code_retains_design_history_and_requires_new_check (test_archloop_b_service.ArchitectureWorkspaceTests.test_associate_code_retains_design_history_and_requires_new_check) ... ok
test_code_context_change_invalidates_preview (test_archloop_b_service.ArchitectureWorkspaceTests.test_code_context_change_invalidates_preview) ... ok
test_code_symlink_is_not_evidence (test_archloop_b_service.ArchitectureWorkspaceTests.test_code_symlink_is_not_evidence) ... ok
test_confirmation_is_bound_to_session_even_same_actor (test_archloop_b_service.ArchitectureWorkspaceTests.test_confirmation_is_bound_to_session_even_same_actor) ... ok
test_data_root_and_write_repo_cannot_overlap_code (test_archloop_b_service.ArchitectureWorkspaceTests.test_data_root_and_write_repo_cannot_overlap_code) ... ok
test_dirty_architecture_repo_refused_without_overwrite (test_archloop_b_service.ArchitectureWorkspaceTests.test_dirty_architecture_repo_refused_without_overwrite) ... ok
test_expired_and_changed_draft_previews_rejected (test_archloop_b_service.ArchitectureWorkspaceTests.test_expired_and_changed_draft_previews_rejected) ... ok
test_file_write_failure_is_not_success_and_is_recoverable (test_archloop_b_service.ArchitectureWorkspaceTests.test_file_write_failure_is_not_success_and_is_recoverable) ... ok
test_git_failure_retry_exactly_one_commit_and_frozen_draft (test_archloop_b_service.ArchitectureWorkspaceTests.test_git_failure_retry_exactly_one_commit_and_frozen_draft) ... ok
test_git_version_reader_rejects_tampered_review (test_archloop_b_service.ArchitectureWorkspaceTests.test_git_version_reader_rejects_tampered_review) ... ok
test_interruption_after_commit_recovers_on_new_service (test_archloop_b_service.ArchitectureWorkspaceTests.test_interruption_after_commit_recovers_on_new_service) ... ok
test_layout_is_not_semantic_version_and_history_restore_new_draft (test_archloop_b_service.ArchitectureWorkspaceTests.test_layout_is_not_semantic_version_and_history_restore_new_draft) ... ok
test_legacy_extension_loads_read_only_and_blocks_post (test_archloop_b_service.ArchitectureWorkspaceTests.test_legacy_extension_loads_read_only_and_blocks_post) ... ok
test_legacy_import_unconfirmed_and_layout_separate (test_archloop_b_service.ArchitectureWorkspaceTests.test_legacy_import_unconfirmed_and_layout_separate) ... ok
test_malformed_json_shapes_get_controlled_errors (test_archloop_b_service.ArchitectureWorkspaceTests.test_malformed_json_shapes_get_controlled_errors) ... ok
test_no_review_no_formal_write (test_archloop_b_service.ArchitectureWorkspaceTests.test_no_review_no_formal_write) ... ok
test_operation_action_rejects_ignored_fields_without_partial_edit (test_archloop_b_service.ArchitectureWorkspaceTests.test_operation_action_rejects_ignored_fields_without_partial_edit) ... ok
test_origin_host_peer_and_csrf_are_enforced (test_archloop_b_service.ArchitectureWorkspaceTests.test_origin_host_peer_and_csrf_are_enforced) ... ok
test_partial_coverage_does_not_extend_to_new_head (test_archloop_b_service.ArchitectureWorkspaceTests.test_partial_coverage_does_not_extend_to_new_head) ... ok
test_pending_publication_cannot_be_rejected_by_an_older_preview (test_archloop_b_service.ArchitectureWorkspaceTests.test_pending_publication_cannot_be_rejected_by_an_older_preview) ... ok
test_planning_cannot_claim_implemented_or_verified (test_archloop_b_service.ArchitectureWorkspaceTests.test_planning_cannot_claim_implemented_or_verified) ... ok
test_planning_confirmation_has_null_code_and_design_only (test_archloop_b_service.ArchitectureWorkspaceTests.test_planning_confirmation_has_null_code_and_design_only) ... ok
test_process_exit_before_atomic_replace_is_recoverable (test_archloop_b_service.ArchitectureWorkspaceTests.test_process_exit_before_atomic_replace_is_recoverable) ... ok
test_publication_lock_open_failure_has_controlled_error (test_archloop_b_service.ArchitectureWorkspaceTests.test_publication_lock_open_failure_has_controlled_error) ... ok
test_real_git_commit_error_and_retry_preserve_single_version (test_archloop_b_service.ArchitectureWorkspaceTests.test_real_git_commit_error_and_retry_preserve_single_version) ... ok
test_real_git_export_and_second_clone_match (test_archloop_b_service.ArchitectureWorkspaceTests.test_real_git_export_and_second_clone_match) ... ok
test_recovery_refuses_unrelated_changes (test_archloop_b_service.ArchitectureWorkspaceTests.test_recovery_refuses_unrelated_changes) ... ok
test_reference_rejection_rolls_back_whole_batch (test_archloop_b_service.ArchitectureWorkspaceTests.test_reference_rejection_rolls_back_whole_batch) ... ok
test_reimport_own_version_preserves_original_immutable_envelope (test_archloop_b_service.ArchitectureWorkspaceTests.test_reimport_own_version_preserves_original_immutable_envelope) ... ok
test_replay_idempotency_and_reject_does_not_publish (test_archloop_b_service.ArchitectureWorkspaceTests.test_replay_idempotency_and_reject_does_not_publish) ... ok
test_second_client_imports_git_version_and_reopens (test_archloop_b_service.ArchitectureWorkspaceTests.test_second_client_imports_git_version_and_reopens) ... ok
test_semantic_rename_creates_new_version_old_bytes_immutable (test_archloop_b_service.ArchitectureWorkspaceTests.test_semantic_rename_creates_new_version_old_bytes_immutable) ... ok
test_source_identity_change_and_incompatible_branch_rejected (test_archloop_b_service.ArchitectureWorkspaceTests.test_source_identity_change_and_incompatible_branch_rejected) ... ok
test_stale_preview_after_other_version_published (test_archloop_b_service.ArchitectureWorkspaceTests.test_stale_preview_after_other_version_published) ... ok
test_two_approved_drafts_cannot_overwrite_current_version (test_archloop_b_service.ArchitectureWorkspaceTests.test_two_approved_drafts_cannot_overwrite_current_version) ... ok
test_two_processes_cas_exactly_one_success (test_archloop_b_service.ArchitectureWorkspaceTests.test_two_processes_cas_exactly_one_success) ... ok
test_unknown_and_incomplete_coverage_cannot_verify (test_archloop_b_service.ArchitectureWorkspaceTests.test_unknown_and_incomplete_coverage_cannot_verify) ... ok
test_unknown_legacy_path_is_not_silently_verified (test_archloop_b_service.ArchitectureWorkspaceTests.test_unknown_legacy_path_is_not_silently_verified) ... ok
test_unsafe_paths_missing_line_and_cross_repo_evidence_fail (test_archloop_b_service.ArchitectureWorkspaceTests.test_unsafe_paths_missing_line_and_cross_repo_evidence_fail) ... ok
test_worktree_text_is_not_fixed_commit_evidence (test_archloop_b_service.ArchitectureWorkspaceTests.test_worktree_text_is_not_fixed_commit_evidence) ... ok
test_wrong_graph_repo_proposal_and_digest_rejected (test_archloop_b_service.ArchitectureWorkspaceTests.test_wrong_graph_repo_proposal_and_digest_rejected) ... ok
test_existing_state_and_repository_inside_state_target_are_not_overwritten (test_archloop_b_surface_http.FixtureGuardTests.test_existing_state_and_repository_inside_state_target_are_not_overwritten) ... ok
test_wrong_fixture_flag_origin_or_branch_fails_before_state_writes (test_archloop_b_surface_http.FixtureGuardTests.test_wrong_fixture_flag_origin_or_branch_fails_before_state_writes) ... ok
test_cross_origin_request_with_valid_cookie_and_csrf_is_denied (test_archloop_b_surface_http.FixtureSurfaceHTTPTests.test_cross_origin_request_with_valid_cookie_and_csrf_is_denied) ... ok
test_duplicate_content_length_or_boundary_headers_are_rejected (test_archloop_b_surface_http.FixtureSurfaceHTTPTests.test_duplicate_content_length_or_boundary_headers_are_rejected) ... ok
test_incomplete_body_gets_controlled_error_after_socket_timeout (test_archloop_b_surface_http.FixtureSurfaceHTTPTests.test_incomplete_body_gets_controlled_error_after_socket_timeout) ... ok
test_invalid_csrf_and_duplicate_session_cookie_do_not_authorize (test_archloop_b_surface_http.FixtureSurfaceHTTPTests.test_invalid_csrf_and_duplicate_session_cookie_do_not_authorize) ... ok
test_other_valid_session_cannot_confirm_original_preview (test_archloop_b_surface_http.FixtureSurfaceHTTPTests.test_other_valid_session_cannot_confirm_original_preview) ... ok
test_other_valid_session_cannot_publish_original_human_review (test_archloop_b_surface_http.FixtureSurfaceHTTPTests.test_other_valid_session_cannot_publish_original_human_review) ... ok
test_oversize_chunked_and_unsupported_content_type_rejected (test_archloop_b_surface_http.FixtureSurfaceHTTPTests.test_oversize_chunked_and_unsupported_content_type_rejected) ... ok
test_real_http_prepare_review_publish_never_exports_private_grants (test_archloop_b_surface_http.FixtureSurfaceHTTPTests.test_real_http_prepare_review_publish_never_exports_private_grants) ... ok
test_real_http_selection_preview_is_protected_read_only_and_equals_save (test_archloop_b_surface_http.FixtureSurfaceHTTPTests.test_real_http_selection_preview_is_protected_read_only_and_equals_save) ... ok
test_session_cookie_is_http_only_strict_and_operator_is_hardcoded (test_archloop_b_surface_http.FixtureSurfaceHTTPTests.test_session_cookie_is_http_only_strict_and_operator_is_hardcoded) ... ok
test_session_rejects_missing_cross_origin_and_wrong_host (test_archloop_b_surface_http.FixtureSurfaceHTTPTests.test_session_rejects_missing_cross_origin_and_wrong_host) ... ok
test_strict_json_rejects_duplicates_nonfinite_invalid_utf8_and_types (test_archloop_b_surface_http.FixtureSurfaceHTTPTests.test_strict_json_rejects_duplicates_nonfinite_invalid_utf8_and_types) ... ok
test_transport_does_not_log_session_headers_or_request_failures (test_archloop_b_surface_http.FixtureSurfaceHTTPTests.test_transport_does_not_log_session_headers_or_request_failures) ... ok
test_unauthenticated_write_and_body_auth_forgery_are_denied (test_archloop_b_surface_http.FixtureSurfaceHTTPTests.test_unauthenticated_write_and_body_auth_forgery_are_denied) ... ok
test_unknown_endpoint_and_methods_return_json_errors (test_archloop_b_surface_http.FixtureSurfaceHTTPTests.test_unknown_endpoint_and_methods_return_json_errors) ... ok
test_cumulative_rejection_limit_refuses_second_batch_without_trapping_review (test_archloop_b_surface_regressions.ArchitectureSurfaceRegressionTests.test_cumulative_rejection_limit_refuses_second_batch_without_trapping_review) ... ok
test_expired_preview_is_pruned_and_cannot_confirm_or_change_state (test_archloop_b_surface_regressions.ArchitectureSurfaceRegressionTests.test_expired_preview_is_pruned_and_cannot_confirm_or_change_state) ... ok
test_full_preview_cache_refuses_before_write_then_prunes_expired_slot (test_archloop_b_surface_regressions.ArchitectureSurfaceRegressionTests.test_full_preview_cache_refuses_before_write_then_prunes_expired_slot) ... ok
test_other_draft_publication_invalidates_editability_and_retry_projection (test_archloop_b_surface_regressions.ArchitectureSurfaceRegressionTests.test_other_draft_publication_invalidates_editability_and_retry_projection) ... ok
test_reject_all_after_accept_invalidates_approval_and_retains_review_reasons (test_archloop_b_surface_regressions.ArchitectureSurfaceRegressionTests.test_reject_all_after_accept_invalidates_approval_and_retains_review_reasons) ... ok
test_reused_proposal_id_with_second_draft_basis_rolls_back_atomically (test_archloop_b_surface_regressions.ArchitectureSurfaceRegressionTests.test_reused_proposal_id_with_second_draft_basis_rolls_back_atomically) ... ok
test_accept_modify_reject_save_records_actual_selection_and_review_reason (test_archloop_b_surfaces.ArchitectureWorkspaceSurfaceTests.test_accept_modify_reject_save_records_actual_selection_and_review_reason) ... ok
test_actual_second_clone_import_checks_entire_exact_reference_before_writes (test_archloop_b_surfaces.ArchitectureWorkspaceSurfaceTests.test_actual_second_clone_import_checks_entire_exact_reference_before_writes) ... ok
test_all_reject_saves_revision_and_durable_audit_without_changing_graph (test_archloop_b_surfaces.ArchitectureWorkspaceSurfaceTests.test_all_reject_saves_revision_and_durable_audit_without_changing_graph) ... ok
test_bad_batch_rolls_back_draft_and_fixed_proposal_record (test_archloop_b_surfaces.ArchitectureWorkspaceSurfaceTests.test_bad_batch_rolls_back_draft_and_fixed_proposal_record) ... ok
test_bootstrap_validation_and_selected_graph_prepare_are_separate (test_archloop_b_surfaces.ArchitectureWorkspaceSurfaceTests.test_bootstrap_validation_and_selected_graph_prepare_are_separate) ... ok
test_c_validation_never_saves_candidate_or_changes_draft_or_git (test_archloop_b_surfaces.ArchitectureWorkspaceSurfaceTests.test_c_validation_never_saves_candidate_or_changes_draft_or_git) ... ok
test_changed_draft_invalidates_existing_preview (test_archloop_b_surfaces.ArchitectureWorkspaceSurfaceTests.test_changed_draft_invalidates_existing_preview) ... ok
test_expired_session_and_bad_transport_deny_reads_and_writes_without_state_change (test_archloop_b_surfaces.ArchitectureWorkspaceSurfaceTests.test_expired_session_and_bad_transport_deny_reads_and_writes_without_state_change) ... ok
test_failed_publication_retains_original_journal_and_same_session_retry (test_archloop_b_surfaces.ArchitectureWorkspaceSurfaceTests.test_failed_publication_retains_original_journal_and_same_session_retry) ... ok
test_foreign_workspace_and_draft_do_not_leak_current_context_or_graph (test_archloop_b_surfaces.ArchitectureWorkspaceSurfaceTests.test_foreign_workspace_and_draft_do_not_leak_current_context_or_graph) ... ok
test_malformed_and_non_json_requests_return_controlled_errors (test_archloop_b_surfaces.ArchitectureWorkspaceSurfaceTests.test_malformed_and_non_json_requests_return_controlled_errors) ... ok
test_old_accept_replay_after_new_reject_does_not_claim_publish_authority (test_archloop_b_surfaces.ArchitectureWorkspaceSurfaceTests.test_old_accept_replay_after_new_reject_does_not_claim_publish_authority) ... ok
test_open_checks_full_context_before_applying_new_target_revision (test_archloop_b_surfaces.ArchitectureWorkspaceSurfaceTests.test_open_checks_full_context_before_applying_new_target_revision) ... ok
test_planning_publish_associate_code_and_prepare_mixed_draft_preserve_design (test_archloop_b_surfaces.ArchitectureWorkspaceSurfaceTests.test_planning_publish_associate_code_and_prepare_mixed_draft_preserve_design) ... ok
test_prepare_checks_full_context_again_inside_durable_transaction (test_archloop_b_surfaces.ArchitectureWorkspaceSurfaceTests.test_prepare_checks_full_context_again_inside_durable_transaction) ... ok
test_rejected_operation_cannot_be_smuggled_into_save (test_archloop_b_surfaces.ArchitectureWorkspaceSurfaceTests.test_rejected_operation_cannot_be_smuggled_into_save) ... ok
test_restart_does_not_restore_publication_authority_from_review_id (test_archloop_b_surfaces.ArchitectureWorkspaceSurfaceTests.test_restart_does_not_restore_publication_authority_from_review_id) ... ok
test_same_actor_other_session_cannot_confirm_preview_or_publish_review (test_archloop_b_surfaces.ArchitectureWorkspaceSurfaceTests.test_same_actor_other_session_cannot_confirm_preview_or_publish_review) ... ok
test_same_session_review_publication_and_replay_never_return_raw_grants (test_archloop_b_surfaces.ArchitectureWorkspaceSurfaceTests.test_same_session_review_publication_and_replay_never_return_raw_grants) ... ok
test_stale_basis_returns_complete_current_context_for_authorized_scope (test_archloop_b_surfaces.ArchitectureWorkspaceSurfaceTests.test_stale_basis_returns_complete_current_context_for_authorized_scope) ... ok
test_worker_roles_cannot_write_or_read_ungranted_latest_or_exact_version (test_archloop_b_surfaces.ArchitectureWorkspaceSurfaceTests.test_worker_roles_cannot_write_or_read_ungranted_latest_or_exact_version) ... ok
test_bootstrap_existing_project_mode (test_archloop_c_candidates.TestArchloopCCandidates.test_bootstrap_existing_project_mode)
验证已有代码模式：带具体 codeRevision 与代码符号证据。 ... ok
test_bootstrap_planning_mode (test_archloop_c_candidates.TestArchloopCCandidates.test_bootstrap_planning_mode)
验证无代码规划模式：codeRepoId 与 codeRevision 为 null，依据为需求 ID。 ... ok
test_incremental_proposal_operations (test_archloop_c_candidates.TestArchloopCCandidates.test_incremental_proposal_operations)
验证增量更新提案：处理新增、修改与删除文件。 ... ok
test_incremental_proposal_stale_context (test_archloop_c_candidates.TestArchloopCCandidates.test_incremental_proposal_stale_context)
验证代码版本不一致时返回 STALE_CONTEXT。 ... ok
test_nl_correction_patch_preserves_unselected_nodes (test_archloop_c_candidates.TestArchloopCCandidates.test_nl_correction_patch_preserves_unselected_nodes)
验证自然语言纠正仅生成局部 Patch，不覆盖未选中节点。 ... ok
test_process_deviation_controllable_and_unknown (test_archloop_c_candidates.TestArchloopCCandidates.test_process_deviation_controllable_and_unknown)
验证过程偏差：缺少证据返回 UNKNOWN；存在绕过返回具体偏差。 ... ok
test_actual_fixture_success_does_not_mean_product_pass (test_archloop_d_acceptance.AcceptanceHonestyTests.test_actual_fixture_success_does_not_mean_product_pass) ... ok
test_fixture_generator_refuses_existing_checkout_and_ignores_git_env (test_archloop_d_acceptance.AcceptanceHonestyTests.test_fixture_generator_refuses_existing_checkout_and_ignores_git_env) ... ok
test_wrong_ui_version_or_missing_evidence_is_rejected (test_archloop_d_acceptance.AcceptanceHonestyTests.test_wrong_ui_version_or_missing_evidence_is_rejected) ... ok
test_configured_A_D_factory_requires_real_B_version_binding (test_archloop_d_adapter.AdapterTests.test_configured_A_D_factory_requires_real_B_version_binding) ... ok
test_missing_provider_bindings_are_not_faked (test_archloop_d_adapter.AdapterTests.test_missing_provider_bindings_are_not_faked) ... ok
test_wrong_workspace_cannot_reuse_another_workspace_task (test_archloop_d_adapter.AdapterTests.test_wrong_workspace_cannot_reuse_another_workspace_task) ... ok
test_concurrent_stale_writers_no_overwrite (test_archloop_d_fix_tasks.FixTasksTests.test_concurrent_stale_writers_no_overwrite) ... ok
test_done_json_or_claim_is_not_verification (test_archloop_d_fix_tasks.FixTasksTests.test_done_json_or_claim_is_not_verification) ... ok
test_failed_test_does_not_close_deviation (test_archloop_d_fix_tasks.FixTasksTests.test_failed_test_does_not_close_deviation) ... ok
test_fixture_execution_cannot_target_formal_root (test_archloop_d_fix_tasks.FixTasksTests.test_fixture_execution_cannot_target_formal_root) ... ok
test_idempotent_create_history_reopen_and_markdown (test_archloop_d_fix_tasks.FixTasksTests.test_idempotent_create_history_reopen_and_markdown) ... ok
test_json_provider_is_not_actual_verification (test_archloop_d_fix_tasks.FixTasksTests.test_json_provider_is_not_actual_verification) ... ok
test_out_of_scope_intermediate_commit_cannot_be_hidden_by_revert (test_archloop_d_fix_tasks.FixTasksTests.test_out_of_scope_intermediate_commit_cannot_be_hidden_by_revert) ... ok
test_out_of_scope_wrong_repo_missing_or_old_sha_rejected (test_archloop_d_fix_tasks.FixTasksTests.test_out_of_scope_wrong_repo_missing_or_old_sha_rejected) ... ok
test_real_fix_submission_then_test_and_confirmation (test_archloop_d_fix_tasks.FixTasksTests.test_real_fix_submission_then_test_and_confirmation) ... ok
test_reject_then_rework_keeps_history (test_archloop_d_fix_tasks.FixTasksTests.test_reject_then_rework_keeps_history) ... ok
test_second_client_receives_transfer_without_inheriting_verified (test_archloop_d_fix_tasks.FixTasksTests.test_second_client_receives_transfer_without_inheriting_verified) ... ok
test_unknown_process_planning_and_wrong_evidence_rejected (test_archloop_d_fix_tasks.FixTasksTests.test_unknown_process_planning_and_wrong_evidence_rejected) ... ok
test_unrelated_branch_and_dirty_changes_rejected (test_archloop_d_fix_tasks.FixTasksTests.test_unrelated_branch_and_dirty_changes_rejected) ... ok
test_credentials_and_bad_shapes_rejected (test_archloop_d_handoff.SameVersionTests.test_credentials_and_bad_shapes_rejected) ... ok
test_dirty_workspaces_preserved (test_archloop_d_handoff.SameVersionTests.test_dirty_workspaces_preserved) ... ok
test_inherited_git_environment_does_not_redirect_checks (test_archloop_d_handoff.SameVersionTests.test_inherited_git_environment_does_not_redirect_checks) ... ok
test_missing_source_is_draft_not_trusted (test_archloop_d_handoff.SameVersionTests.test_missing_source_is_draft_not_trusted) ... ok
test_planning_null_sha_round_trip (test_archloop_d_handoff.SameVersionTests.test_planning_null_sha_round_trip) ... ok
test_tampered_packet_even_rehashed_is_not_git_version (test_archloop_d_handoff.SameVersionTests.test_tampered_packet_even_rehashed_is_not_git_version) ... ok
test_two_independent_clones_exact_version_no_formal_write (test_archloop_d_handoff.SameVersionTests.test_two_independent_clones_exact_version_no_formal_write) ... ok
test_worklog_snapshot_reads_fixed_version_without_writing_original (test_archloop_d_handoff.SameVersionTests.test_worklog_snapshot_reads_fixed_version_without_writing_original) ... ok
test_wrong_same_name_repo_rejected (test_archloop_d_handoff.SameVersionTests.test_wrong_same_name_repo_rejected) ... ok
test_confirmation_is_bound_to_session_task_and_preview (test_archloop_d_http.GatewayHttpTests.test_confirmation_is_bound_to_session_task_and_preview) ... ok
test_legacy_http_contract_does_not_open_unprotected_new_write (test_archloop_d_http.GatewayHttpTests.test_legacy_http_contract_does_not_open_unprotected_new_write) ... ok
test_missing_real_provider_does_not_fabricate_verification (test_archloop_d_http.GatewayHttpTests.test_missing_real_provider_does_not_fabricate_verification) ... ok
test_real_http_session_csrf_cross_origin_and_forged_context (test_archloop_d_http.GatewayHttpTests.test_real_http_session_csrf_cross_origin_and_forged_context) ... ok
test_inspection_git_pins_no_lazy_fetch (test_bd_integration.LazyFetchGuardTests.test_inspection_git_pins_no_lazy_fetch) ... ok
test_config_keeps_remote_scheme (test_bd_integration.RemoteSchemeTests.test_config_keeps_remote_scheme) ... ok
test_remotes_keeps_canonical_and_original (test_bd_integration.RemoteSchemeTests.test_remotes_keeps_canonical_and_original) ... ok
test_core_git_strips_inherited_git_env_and_forbids_lazy_fetch (test_bd_integration.WorkNotesRoundtripTests.test_core_git_strips_inherited_git_env_and_forbids_lazy_fetch) ... ok
test_export_with_notes_imports_into_continuity (test_bd_integration.WorkNotesRoundtripTests.test_export_with_notes_imports_into_continuity) ... ok
test_export_without_notes_still_imports (test_bd_integration.WorkNotesRoundtripTests.test_export_without_notes_still_imports) ... ok
test_imported_log_bad_category_returns_400 (test_bd_integration.WorkNotesRoundtripTests.test_imported_log_bad_category_returns_400) ... ok
test_over_limit_notes_truncate_summary_and_keep_full_notes (test_bd_integration.WorkNotesRoundtripTests.test_over_limit_notes_truncate_summary_and_keep_full_notes) ... ok
test_non_string_category_is_400 (test_bd_integration.WorklogCategoryTypeTests.test_non_string_category_is_400) ... ok
test_c04_empty_entries_never_support_node_add (test_c_medium.C04EmptyDeclarations.test_c04_empty_entries_never_support_node_add) ... ok
test_c05_full_identity_still_fires_responsibility (test_c_medium.C05ResponsibilityIdentity.test_c05_full_identity_still_fires_responsibility) ... ok
test_c05_tail_name_match_does_not_fire_responsibility (test_c_medium.C05ResponsibilityIdentity.test_c05_tail_name_match_does_not_fire_responsibility) ... ok
test_c06_aliased_import_module_is_visible (test_c_medium.C06UnsupportedImportSemantics.test_c06_aliased_import_module_is_visible) ... /opt/codex/runtimes/codex-primary-runtime/dependencies/python/lib/python3.12/tempfile.py:940: ResourceWarning: Implicitly cleaning up <TemporaryDirectory '/tmp/tmpbyhndl7j'>
  _warnings.warn(warn_message, ResourceWarning)
ok
test_c06_direct_import_module_is_visible (test_c_medium.C06UnsupportedImportSemantics.test_c06_direct_import_module_is_visible) ... /opt/codex/runtimes/codex-primary-runtime/dependencies/python/lib/python3.12/tempfile.py:940: ResourceWarning: Implicitly cleaning up <TemporaryDirectory '/tmp/tmp_jpmnov6'>
  _warnings.warn(warn_message, ResourceWarning)
ok
test_c06_namespace_package_import_is_visible (test_c_medium.C06UnsupportedImportSemantics.test_c06_namespace_package_import_is_visible) ... ok
test_c06_src_layout_unresolved_internal_import_is_visible (test_c_medium.C06UnsupportedImportSemantics.test_c06_src_layout_unresolved_internal_import_is_visible) ... ok
test_c07_missing_base_comparison_is_visible_degradation (test_c_medium.C07DegradedComparison.test_c07_missing_base_comparison_is_visible_degradation) ... ok
test_c08_entry_point_traversal_path_rejected (test_c_medium.C08PathValidation.test_c08_entry_point_traversal_path_rejected) ... ok
test_c08_supplied_facts_traversal_path_rejected (test_c_medium.C08PathValidation.test_c08_supplied_facts_traversal_path_rejected) ... ok
test_c08_valid_paths_still_accepted (test_c_medium.C08PathValidation.test_c08_valid_paths_still_accepted) ... ok
test_p01_arbitrary_revision_rejected (test_ca_adversarial_pack.AdversarialPackTests.test_p01_arbitrary_revision_rejected) ... ok
test_p02_nonexistent_full_revision_rejected (test_ca_adversarial_pack.AdversarialPackTests.test_p02_nonexistent_full_revision_rejected) ... ok
test_p03_short_revision_rejected (test_ca_adversarial_pack.AdversarialPackTests.test_p03_short_revision_rejected) ... ok
test_p04_head_alias_rejected_for_saved_pack (test_ca_adversarial_pack.AdversarialPackTests.test_p04_head_alias_rejected_for_saved_pack) ... ok
test_p05_uppercase_revision_rejected (test_ca_adversarial_pack.AdversarialPackTests.test_p05_uppercase_revision_rejected) ... ok
test_p06_default_revision_is_actual_head (test_ca_adversarial_pack.AdversarialPackTests.test_p06_default_revision_is_actual_head) ... ok
test_p07_explicit_old_code_revision_is_stale (test_ca_adversarial_pack.AdversarialPackTests.test_p07_explicit_old_code_revision_is_stale) ... ok
test_p08_repo_source_commit_cannot_be_current_at_another_commit (test_ca_adversarial_pack.AdversarialPackTests.test_p08_repo_source_commit_cannot_be_current_at_another_commit) ... ok
test_p09_contract_source_revision_remains_provenance (test_ca_adversarial_pack.AdversarialPackTests.test_p09_contract_source_revision_remains_provenance) ... ok
test_p10_collapsed_claims_preserve_each_source (test_ca_adversarial_pack.AdversarialPackTests.test_p10_collapsed_claims_preserve_each_source) ... ok
test_p11_evidence_covers_every_section (test_ca_adversarial_pack.AdversarialPackTests.test_p11_evidence_covers_every_section) ... ok
test_p12_scalar_implementation_value_does_not_crash (test_ca_adversarial_pack.AdversarialPackTests.test_p12_scalar_implementation_value_does_not_crash) ... ok
test_p13_open_pr_at_generic_key_keeps_warning (test_ca_adversarial_pack.AdversarialPackTests.test_p13_open_pr_at_generic_key_keeps_warning) ... ok
test_p14_proposal_saying_confirmed_remains_proposal (test_ca_adversarial_pack.AdversarialPackTests.test_p14_proposal_saying_confirmed_remains_proposal) ... ok
test_p15_research_masquerading_as_contract_rejected (test_ca_adversarial_pack.AdversarialPackTests.test_p15_research_masquerading_as_contract_rejected) ... ok
test_p16_missing_source_locator_rejected (test_ca_adversarial_pack.AdversarialPackTests.test_p16_missing_source_locator_rejected) ... ok
test_p17_c_task_gets_team_and_contract (test_ca_adversarial_pack.AdversarialPackTests.test_p17_c_task_gets_team_and_contract) ... ok
test_p18_task_filter_excludes_unrelated_evidence_and_counts (test_ca_adversarial_pack.AdversarialPackTests.test_p18_task_filter_excludes_unrelated_evidence_and_counts) ... ok
test_p19_pr_substring_does_not_filter_unknown_task (test_ca_adversarial_pack.AdversarialPackTests.test_p19_pr_substring_does_not_filter_unknown_task) ... ok
test_p20_multi_scope_does_not_pick_a_scope (test_ca_adversarial_pack.AdversarialPackTests.test_p20_multi_scope_does_not_pick_a_scope) ... ok
test_p21_live_verifier_unavailable_is_not_current (test_ca_adversarial_pack.AdversarialPackTests.test_p21_live_verifier_unavailable_is_not_current) ... ok
test_p22_live_stale_replacement_keeps_both_evidence (test_ca_adversarial_pack.AdversarialPackTests.test_p22_live_stale_replacement_keeps_both_evidence) ... ok
test_p23_consumer_expected_revision_mismatch_rejected (test_ca_adversarial_pack.AdversarialPackTests.test_p23_consumer_expected_revision_mismatch_rejected) ... ok
test_p24_missing_evidence_rejected_even_after_rehash (test_ca_adversarial_pack.AdversarialPackTests.test_p24_missing_evidence_rejected_even_after_rehash) ... ok
test_p25_duplicate_evidence_rejected_even_after_rehash (test_ca_adversarial_pack.AdversarialPackTests.test_p25_duplicate_evidence_rejected_even_after_rehash) ... ok
test_p26_modified_source_revision_rejected (test_ca_adversarial_pack.AdversarialPackTests.test_p26_modified_source_revision_rejected) ... ok
test_p27_contract_section_cannot_smuggle_research (test_ca_adversarial_pack.AdversarialPackTests.test_p27_contract_section_cannot_smuggle_research) ... ok
test_p28_proposal_cannot_be_human_decision (test_ca_adversarial_pack.AdversarialPackTests.test_p28_proposal_cannot_be_human_decision) ... ok
test_p29_conflict_requires_human_resolution (test_ca_adversarial_pack.AdversarialPackTests.test_p29_conflict_requires_human_resolution) ... ok
test_p30_stale_cannot_be_current (test_ca_adversarial_pack.AdversarialPackTests.test_p30_stale_cannot_be_current) ... ok
test_p31_wrong_schema_rejected (test_ca_adversarial_pack.AdversarialPackTests.test_p31_wrong_schema_rejected) ... ok
test_p32_current_projection_cannot_drop_scope (test_ca_adversarial_pack.AdversarialPackTests.test_p32_current_projection_cannot_drop_scope) ... ok
test_p33_count_cannot_hide_conflict (test_ca_adversarial_pack.AdversarialPackTests.test_p33_count_cannot_hide_conflict) ... ok
test_p34_open_warning_cannot_be_removed (test_ca_adversarial_pack.AdversarialPackTests.test_p34_open_warning_cannot_be_removed) ... ok
test_p35_task_domain_cannot_be_rewritten (test_ca_adversarial_pack.AdversarialPackTests.test_p35_task_domain_cannot_be_rewritten) ... ok
test_p36_checksum_detects_accidental_modification (test_ca_adversarial_pack.AdversarialPackTests.test_p36_checksum_detects_accidental_modification) ... ok
test_p37_coherent_wrong_human_claim_requires_external_authority (test_ca_adversarial_pack.AdversarialPackTests.test_p37_coherent_wrong_human_claim_requires_external_authority) ... ok
test_p38_extension_exposes_actual_consumer_validator (test_ca_adversarial_pack.AdversarialPackTests.test_p38_extension_exposes_actual_consumer_validator) ... ok
test_p39_extension_rejects_poisoned_pack_as_bad_request (test_ca_adversarial_pack.AdversarialPackTests.test_p39_extension_rejects_poisoned_pack_as_bad_request) ... ok
test_p40_extension_wrong_revision_is_bad_request (test_ca_adversarial_pack.AdversarialPackTests.test_p40_extension_wrong_revision_is_bad_request) ... ok
test_p41_registry_reordering_preserves_pack (test_ca_adversarial_pack.AdversarialPackTests.test_p41_registry_reordering_preserves_pack) ... ok
test_p42_snapshot_commit_is_independent_of_dirty_worktree (test_ca_adversarial_pack.AdversarialPackTests.test_p42_snapshot_commit_is_independent_of_dirty_worktree) ... ok
test_p43_conflicted_alternate_scope_blocks_unqualified_projection (test_ca_adversarial_pack.AdversarialPackTests.test_p43_conflicted_alternate_scope_blocks_unqualified_projection) ... ok
test_p44_unavailable_alternate_scope_blocks_unqualified_projection (test_ca_adversarial_pack.AdversarialPackTests.test_p44_unavailable_alternate_scope_blocks_unqualified_projection) ... ok
test_p45_valid_replacement_across_code_revisions_not_broken (test_ca_adversarial_pack.AdversarialPackTests.test_p45_valid_replacement_across_code_revisions_not_broken) ... ok
test_p46_invalid_graph_single_claim_is_human_required (test_ca_adversarial_pack.AdversarialPackTests.test_p46_invalid_graph_single_claim_is_human_required) ... ok
test_p47_live_matching_value_preserves_verifier_locator (test_ca_adversarial_pack.AdversarialPackTests.test_p47_live_matching_value_preserves_verifier_locator) ... ok
test_p48_cached_origin_reference_is_not_reported_live_remote (test_ca_adversarial_pack.AdversarialPackTests.test_p48_cached_origin_reference_is_not_reported_live_remote) ... ok
test_p49_false_freshness_claim_rejected (test_ca_adversarial_pack.AdversarialPackTests.test_p49_false_freshness_claim_rejected) ... ok
test_p50_fake_current_type_list_rejected (test_ca_adversarial_pack.AdversarialPackTests.test_p50_fake_current_type_list_rejected) ... ok
test_p51_unknown_confirmed_field_rejected (test_ca_adversarial_pack.AdversarialPackTests.test_p51_unknown_confirmed_field_rejected) ... ok
test_p52_unknown_source_field_rejected (test_ca_adversarial_pack.AdversarialPackTests.test_p52_unknown_source_field_rejected) ... ok
test_p53_malformed_nested_pack_is_value_error (test_ca_adversarial_pack.AdversarialPackTests.test_p53_malformed_nested_pack_is_value_error) ... ok
test_p54_unknown_evidence_type_rejected (test_ca_adversarial_pack.AdversarialPackTests.test_p54_unknown_evidence_type_rejected) ... ok
test_p55_generic_unavailable_record_needs_matching_evidence (test_ca_adversarial_pack.AdversarialPackTests.test_p55_generic_unavailable_record_needs_matching_evidence) ... ok
test_p56_generated_fact_derivation_cannot_be_erased (test_ca_adversarial_pack.AdversarialPackTests.test_p56_generated_fact_derivation_cannot_be_erased) ... ok
test_p57_coherent_research_artifact_cannot_authorize_contract (test_ca_adversarial_pack.AdversarialPackTests.test_p57_coherent_research_artifact_cannot_authorize_contract) ... ok
test_p58_research_confirmation_requires_distinct_human_evidence (test_ca_adversarial_pack.AdversarialPackTests.test_p58_research_confirmation_requires_distinct_human_evidence) ... ok
test_p59_superseded_record_needs_replacement_edge (test_ca_adversarial_pack.AdversarialPackTests.test_p59_superseded_record_needs_replacement_edge) ... ok
test_p60_stale_record_cannot_omit_reason (test_ca_adversarial_pack.AdversarialPackTests.test_p60_stale_record_cannot_omit_reason) ... ok
test_a01_three_active_different_values_keep_every_claim (test_ca_adversarial_resolver.ResolverAdversarialTests.test_a01_three_active_different_values_keep_every_claim) ... ok
test_a02_two_equal_plus_one_conflicting_does_not_majority_vote (test_ca_adversarial_resolver.ResolverAdversarialTests.test_a02_two_equal_plus_one_conflicting_does_not_majority_vote) ... ok
test_a03_supersedes_chain_has_one_survivor_and_full_provenance (test_ca_adversarial_resolver.ResolverAdversarialTests.test_a03_supersedes_chain_has_one_survivor_and_full_provenance) ... ok
test_a04_two_node_cycle_requires_human (test_ca_adversarial_resolver.ResolverAdversarialTests.test_a04_two_node_cycle_requires_human) ... ok
test_a05_three_node_cycle_and_tail_cannot_erase_group (test_ca_adversarial_resolver.ResolverAdversarialTests.test_a05_three_node_cycle_and_tail_cannot_erase_group) ... ok
test_a06_self_supersedes_requires_human (test_ca_adversarial_resolver.ResolverAdversarialTests.test_a06_self_supersedes_requires_human) ... ok
test_a07_broken_edge_cannot_supply_unqualified_current (test_ca_adversarial_resolver.ResolverAdversarialTests.test_a07_broken_edge_cannot_supply_unqualified_current) ... ok
test_a08_duplicate_ids_rejected_by_direct_resolve (test_ca_adversarial_resolver.ResolverAdversarialTests.test_a08_duplicate_ids_rejected_by_direct_resolve) ... ok
test_a09_two_distinct_scopes_both_survive_without_global_winner (test_ca_adversarial_resolver.ResolverAdversarialTests.test_a09_two_distinct_scopes_both_survive_without_global_winner) ... ok
test_a10_equal_values_in_two_scopes_do_not_erase_scope (test_ca_adversarial_resolver.ResolverAdversarialTests.test_a10_equal_values_in_two_scopes_do_not_erase_scope) ... ok
test_a11_conflict_in_one_scope_does_not_mask_another_scope (test_ca_adversarial_resolver.ResolverAdversarialTests.test_a11_conflict_in_one_scope_does_not_mask_another_scope) ... ok
test_a12_cross_scope_supersedes_cannot_remove_current (test_ca_adversarial_resolver.ResolverAdversarialTests.test_a12_cross_scope_supersedes_cannot_remove_current) ... ok
test_a13_cross_key_supersedes_cannot_hide_unrelated_truth (test_ca_adversarial_resolver.ResolverAdversarialTests.test_a13_cross_key_supersedes_cannot_hide_unrelated_truth) ... ok
test_a14_historical_cannot_supersede_confirmed_decision (test_ca_adversarial_resolver.ResolverAdversarialTests.test_a14_historical_cannot_supersede_confirmed_decision) ... ok
test_a15_proposal_cannot_supersede_confirmed_architecture (test_ca_adversarial_resolver.ResolverAdversarialTests.test_a15_proposal_cannot_supersede_confirmed_architecture) ... ok
test_a16_cross_scope_historical_supersession_keeps_real_superseder (test_ca_adversarial_resolver.ResolverAdversarialTests.test_a16_cross_scope_historical_supersession_keeps_real_superseder) ... ok
test_a17_many_historical_values_do_not_create_current_conflict (test_ca_adversarial_resolver.ResolverAdversarialTests.test_a17_many_historical_values_do_not_create_current_conflict) ... ok
test_a18_wrong_domain_authority_rejected_in_direct_resolve (test_ca_adversarial_resolver.ResolverAdversarialTests.test_a18_wrong_domain_authority_rejected_in_direct_resolve) ... ok
test_a19_equal_contract_and_human_sources_are_both_preserved (test_ca_adversarial_resolver.ResolverAdversarialTests.test_a19_equal_contract_and_human_sources_are_both_preserved) ... ok
test_a20_empty_registry_is_deterministic_and_json_serializable (test_ca_adversarial_resolver.ResolverAdversarialTests.test_a20_empty_registry_is_deterministic_and_json_serializable) ... ok
test_a21_unavailable_verifier_withholds_current_and_keeps_evidence (test_ca_adversarial_resolver.ResolverAdversarialTests.test_a21_unavailable_verifier_withholds_current_and_keeps_evidence) ... ok
test_a22_verifier_timeout_is_explicit_unavailable (test_ca_adversarial_resolver.ResolverAdversarialTests.test_a22_verifier_timeout_is_explicit_unavailable) ... ok
test_a23_non_dict_verifier_result_is_unavailable (test_ca_adversarial_resolver.ResolverAdversarialTests.test_a23_non_dict_verifier_result_is_unavailable) ... ok
test_a24_missing_value_verifier_result_is_unavailable (test_ca_adversarial_resolver.ResolverAdversarialTests.test_a24_missing_value_verifier_result_is_unavailable) ... ok
test_a25_non_json_live_value_is_unavailable (test_ca_adversarial_resolver.ResolverAdversarialTests.test_a25_non_json_live_value_is_unavailable) ... ok
test_a26_live_replacement_keeps_exact_source_and_original_claim (test_ca_adversarial_resolver.ResolverAdversarialTests.test_a26_live_replacement_keeps_exact_source_and_original_claim) ... ok
test_a27_matching_live_value_keeps_verification_metadata (test_ca_adversarial_resolver.ResolverAdversarialTests.test_a27_matching_live_value_keeps_verification_metadata) ... ok
test_a28_sanitized_key_auto_id_collision_cannot_alias_evidence (test_ca_adversarial_resolver.ResolverAdversarialTests.test_a28_sanitized_key_auto_id_collision_cannot_alias_evidence) ... ok
test_a29_auto_id_cannot_impersonate_registered_claim (test_ca_adversarial_resolver.ResolverAdversarialTests.test_a29_auto_id_cannot_impersonate_registered_claim) ... ok
test_a30_two_stale_equal_live_claims_deduplicate_auto_id_with_all_sources (test_ca_adversarial_resolver.ResolverAdversarialTests.test_a30_two_stale_equal_live_claims_deduplicate_auto_id_with_all_sources) ... ok
test_a31_reordered_invalid_edges_produce_identical_problem_order (test_ca_adversarial_resolver.ResolverAdversarialTests.test_a31_reordered_invalid_edges_produce_identical_problem_order) ... ok
test_a32_nested_dict_order_and_distinct_sources_semantic_duplicate (test_ca_adversarial_resolver.ResolverAdversarialTests.test_a32_nested_dict_order_and_distinct_sources_semantic_duplicate) ... ok
test_a33_json_boolean_is_not_same_as_integer (test_ca_adversarial_resolver.ResolverAdversarialTests.test_a33_json_boolean_is_not_same_as_integer) ... ok
test_a34_stored_state_is_rejected_in_direct_resolve (test_ca_adversarial_resolver.ResolverAdversarialTests.test_a34_stored_state_is_rejected_in_direct_resolve) ... ok
test_a35_unknown_source_kind_rejected_in_direct_resolve (test_ca_adversarial_resolver.ResolverAdversarialTests.test_a35_unknown_source_kind_rejected_in_direct_resolve) ... ok
test_a36_unknown_type_rejected_in_direct_resolve (test_ca_adversarial_resolver.ResolverAdversarialTests.test_a36_unknown_type_rejected_in_direct_resolve) ... ok
test_a37_nested_non_json_value_explicit_validation_error (test_ca_adversarial_resolver.ResolverAdversarialTests.test_a37_nested_non_json_value_explicit_validation_error) ... ok
test_a38_nan_in_registry_is_rejected_with_line_number (test_ca_adversarial_resolver.ResolverAdversarialTests.test_a38_nan_in_registry_is_rejected_with_line_number) ... ok
test_a39_null_is_a_valid_json_value (test_ca_adversarial_resolver.ResolverAdversarialTests.test_a39_null_is_a_valid_json_value) ... ok
test_a40_5000_claims_reorder_without_loss_or_recursion_failure (test_ca_adversarial_resolver.ResolverAdversarialTests.test_a40_5000_claims_reorder_without_loss_or_recursion_failure) ... ok
test_a41_5000_node_chain_does_not_recurse (test_ca_adversarial_resolver.ResolverAdversarialTests.test_a41_5000_node_chain_does_not_recurse) ... ok
test_a42_save_batch_validation_does_not_write_partial_records (test_ca_adversarial_resolver.ResolverAdversarialTests.test_a42_save_batch_validation_does_not_write_partial_records) ... ok
test_a43_save_append_duplicate_fails_before_corruption (test_ca_adversarial_resolver.ResolverAdversarialTests.test_a43_save_append_duplicate_fails_before_corruption) ... ok
test_a44_input_not_mutated_by_live_resolution (test_ca_adversarial_resolver.ResolverAdversarialTests.test_a44_input_not_mutated_by_live_resolution) ... ok
test_a54_research_source_cannot_masquerade_as_current_authority (test_ca_adversarial_resolver.ResolverAdversarialTests.test_a54_research_source_cannot_masquerade_as_current_authority) ... ok
test_a55_distinct_human_confirmation_preserves_research_provenance (test_ca_adversarial_resolver.ResolverAdversarialTests.test_a55_distinct_human_confirmation_preserves_research_provenance) ... ok
test_a45_open_to_closed_transition (test_ca_adversarial_resolver.VerifierAdversarialTests.test_a45_open_to_closed_transition) ... ok
test_a46_open_to_merged_transition_distinguishes_merged (test_ca_adversarial_resolver.VerifierAdversarialTests.test_a46_open_to_merged_transition_distinguishes_merged) ... ok
test_a47_malformed_pr_payload_is_unavailable (test_ca_adversarial_resolver.VerifierAdversarialTests.test_a47_malformed_pr_payload_is_unavailable) ... ok
test_a48_gh_network_failure_is_reported (test_ca_adversarial_resolver.VerifierAdversarialTests.test_a48_gh_network_failure_is_reported) ... ok
test_a49_default_verifies_code_facts_status_and_head (test_ca_adversarial_resolver.VerifierAdversarialTests.test_a49_default_verifies_code_facts_status_and_head) ... ok
test_a50_main_head_drift_stales_claim (test_ca_adversarial_resolver.VerifierAdversarialTests.test_a50_main_head_drift_stales_claim) ... ok
test_a51_main_missing_remote_ref_does_not_fallback_to_local_branch (test_ca_adversarial_resolver.VerifierAdversarialTests.test_a51_main_missing_remote_ref_does_not_fallback_to_local_branch) ... ok
test_a52_main_malformed_sha_is_unavailable (test_ca_adversarial_resolver.VerifierAdversarialTests.test_a52_main_malformed_sha_is_unavailable) ... ok
test_a53_disabled_verification_performs_no_live_calls (test_ca_adversarial_resolver.VerifierAdversarialTests.test_a53_disabled_verification_performs_no_live_calls) ... ok
test_main_head_verifier_ignores_inherited_git_environment (test_ca_git_isolation.ContextAuthorityGitIsolationTests.test_main_head_verifier_ignores_inherited_git_environment) ... ok
test_project_revision_ignores_inherited_git_environment (test_ca_git_isolation.ContextAuthorityGitIsolationTests.test_project_revision_ignores_inherited_git_environment) ... ok
test_pr21_contents_have_exact_source_version (test_ca_live_boundary.LiveBoundaryTests.test_pr21_contents_have_exact_source_version) ... ok
test_registered_snapshot_absence_is_explicitly_bounded (test_ca_live_boundary.LiveBoundaryTests.test_registered_snapshot_absence_is_explicitly_bounded) ... ok
test_sha_units_corrected_with_explicit_supersession (test_ca_live_boundary.LiveBoundaryTests.test_sha_units_corrected_with_explicit_supersession) ... ok
test_utf8_subprocess_output_with_non_ascii_github_text (test_ca_live_boundary.LiveBoundaryTests.test_utf8_subprocess_output_with_non_ascii_github_text) ... ok
test_blob_and_annotated_tag_object_are_rejected (test_code_facts.CollectorAcceptanceTests.test_blob_and_annotated_tag_object_are_rejected) ... ok
test_declared_source_encoding_is_supported (test_code_facts.CollectorAcceptanceTests.test_declared_source_encoding_is_supported) ... ok
test_deep_valid_syntax_is_extracted_or_explicitly_skipped (test_code_facts.CollectorAcceptanceTests.test_deep_valid_syntax_is_extracted_or_explicitly_skipped) ... ok
test_exact_entries_and_definition_lines (test_code_facts.CollectorAcceptanceTests.test_exact_entries_and_definition_lines) ... ok
test_historical_commit_ignores_current_worktree (test_code_facts.CollectorAcceptanceTests.test_historical_commit_ignores_current_worktree) ... ok
test_inherited_git_overrides_cannot_switch_repository (test_code_facts.CollectorAcceptanceTests.test_inherited_git_overrides_cannot_switch_repository) ... ok
test_invalid_path_inputs_are_rejected (test_code_facts.CollectorAcceptanceTests.test_invalid_path_inputs_are_rejected) ... ok
test_local_replacement_refs_cannot_change_sha_evidence (test_code_facts.CollectorAcceptanceTests.test_local_replacement_refs_cannot_change_sha_evidence) ... ok
test_missing_file_in_target_commit_rejects_whole_request (test_code_facts.CollectorAcceptanceTests.test_missing_file_in_target_commit_rejects_whole_request) ... ok
test_none_selects_all_but_empty_paths_selects_nothing (test_code_facts.CollectorAcceptanceTests.test_none_selects_all_but_empty_paths_selects_nothing) ... ok
test_output_is_json_and_evidence_is_checkable_by_consumer (test_code_facts.CollectorAcceptanceTests.test_output_is_json_and_evidence_is_checkable_by_consumer) ... ok
test_oversized_file_is_skipped_without_losing_other_facts (test_code_facts.CollectorAcceptanceTests.test_oversized_file_is_skipped_without_losing_other_facts) ... ok
test_parse_errors_are_skipped_and_other_files_remain_available (test_code_facts.CollectorAcceptanceTests.test_parse_errors_are_skipped_and_other_files_remain_available) ... ok
test_partial_clone_missing_blob_fails_without_fetching_or_writing_packs (test_code_facts.CollectorAcceptanceTests.test_partial_clone_missing_blob_fails_without_fetching_or_writing_packs) ... ok
test_paths_are_exact_not_globs (test_code_facts.CollectorAcceptanceTests.test_paths_are_exact_not_globs) ... ok
test_repository_root_is_required (test_code_facts.CollectorAcceptanceTests.test_repository_root_is_required) ... ok
test_revision_requires_full_lowercase_commit_sha (test_code_facts.CollectorAcceptanceTests.test_revision_requires_full_lowercase_commit_sha) ... ok
test_selected_paths_are_sorted_and_deduplicated (test_code_facts.CollectorAcceptanceTests.test_selected_paths_are_sorted_and_deduplicated) ... ok
test_sha256_repository_when_supported_by_installed_git (test_code_facts.CollectorAcceptanceTests.test_sha256_repository_when_supported_by_installed_git) ... ok
test_source_is_never_executed (test_code_facts.CollectorAcceptanceTests.test_source_is_never_executed) ... ok
test_symlink_and_gitlink_are_skipped (test_code_facts.CollectorAcceptanceTests.test_symlink_and_gitlink_are_skipped) ... ok
test_total_python_budget_rejects_request_with_clear_error (test_code_facts.CollectorAcceptanceTests.test_total_python_budget_rejects_request_with_clear_error) ... ok
test_bad_b_requests_are_400_and_leave_core_routes_usable (test_code_facts.CoreHttpIntegrationTests.test_bad_b_requests_are_400_and_leave_core_routes_usable) ... ok
test_get_post_and_snapshot_share_exact_repository_revision (test_code_facts.CoreHttpIntegrationTests.test_get_post_and_snapshot_share_exact_repository_revision) ... ok
test_real_core_automatically_discovers_and_serves_b_page (test_code_facts.CoreHttpIntegrationTests.test_real_core_automatically_discovers_and_serves_b_page) ... ok
test_space_path_is_exact_for_real_http_get_and_post (test_code_facts.CoreHttpIntegrationTests.test_space_path_is_exact_for_real_http_get_and_post) ... ok
test_unicode_separator_path_is_exact_for_real_http_get_and_post (test_code_facts.CoreHttpIntegrationTests.test_unicode_separator_path_is_exact_for_real_http_get_and_post) ... ok
test_empty_post_paths_stays_empty_and_blank_get_selects_all (test_code_facts.ExtensionAdapterAcceptanceTests.test_empty_post_paths_stays_empty_and_blank_get_selects_all) ... ok
test_get_and_post_have_equivalent_results (test_code_facts.ExtensionAdapterAcceptanceTests.test_get_and_post_have_equivalent_results) ... ok
test_invalid_requests_raise_real_host_extension_error (test_code_facts.ExtensionAdapterAcceptanceTests.test_invalid_requests_raise_real_host_extension_error) ... ok
test_conflict_then_resolution (test_context_authority.ConstructedScenarioTests.test_conflict_then_resolution) ... ok
test_stale_pr_head_flow (test_context_authority.ConstructedScenarioTests.test_stale_pr_head_flow) ... ok
test_verifier_unavailable_is_reported_not_faked (test_context_authority.ConstructedScenarioTests.test_verifier_unavailable_is_reported_not_faked) ... ok
test_get_claims_and_conflicts (test_context_authority.HandleLayerTests.test_get_claims_and_conflicts) ... ok
test_get_state (test_context_authority.HandleLayerTests.test_get_state) ... ok
test_post_context_pack (test_context_authority.HandleLayerTests.test_post_context_pack) ... ok
test_post_context_requires_task (test_context_authority.HandleLayerTests.test_post_context_requires_task) ... ok
test_post_resolve_state (test_context_authority.HandleLayerTests.test_post_resolve_state) ... ok
test_strict_key_validation (test_context_authority.HandleLayerTests.test_strict_key_validation) ... ok
test_f1_role_mapping (test_context_authority.RealDriftFixtureTests.test_f1_role_mapping) ... ok
test_f2_code_facts_shape (test_context_authority.RealDriftFixtureTests.test_f2_code_facts_shape) ... ok
test_f3_code_facts_status (test_context_authority.RealDriftFixtureTests.test_f3_code_facts_status) ... ok
test_f4_line_reference (test_context_authority.RealDriftFixtureTests.test_f4_line_reference) ... ok
test_f5_research_not_promoted (test_context_authority.RealDriftFixtureTests.test_f5_research_not_promoted) ... ok
test_t10_open_never_becomes_merged_automatically (test_context_authority.SpecTests.test_t10_open_never_becomes_merged_automatically) ... ok
test_t11_pack_contains_evidence (test_context_authority.SpecTests.test_t11_pack_contains_evidence) ... ok
test_t12_pack_contains_do_not_assume (test_context_authority.SpecTests.test_t12_pack_contains_do_not_assume) ... ok
test_t13_deterministic (test_context_authority.SpecTests.test_t13_deterministic) ... ok
test_t14_reorder_same_state (test_context_authority.SpecTests.test_t14_reorder_same_state) ... ok
test_t15_unknown_type_rejected (test_context_authority.SpecTests.test_t15_unknown_type_rejected) ... ok
test_t16_invalid_source_rejected (test_context_authority.SpecTests.test_t16_invalid_source_rejected) ... ok
test_t17_duplicate_id_rejected (test_context_authority.SpecTests.test_t17_duplicate_id_rejected) ... ok
test_t18_broken_supersedes_reported (test_context_authority.SpecTests.test_t18_broken_supersedes_reported) ... ok
test_t1_single_verified_fact_resolves (test_context_authority.SpecTests.test_t1_single_verified_fact_resolves) ... ok
test_t2_human_decision_resolves (test_context_authority.SpecTests.test_t2_human_decision_resolves) ... ok
test_t3_proposal_not_in_current (test_context_authority.SpecTests.test_t3_proposal_not_in_current) ... ok
test_t4_research_not_in_current (test_context_authority.SpecTests.test_t4_research_not_in_current) ... ok
test_t5_historical_not_in_current (test_context_authority.SpecTests.test_t5_historical_not_in_current) ... ok
test_t6_supersedes_removes_old_from_current (test_context_authority.SpecTests.test_t6_supersedes_removes_old_from_current) ... ok
test_t7_conflicting_active_claims (test_context_authority.SpecTests.test_t7_conflicting_active_claims) ... ok
test_t8_timestamp_does_not_win (test_context_authority.SpecTests.test_t8_timestamp_does_not_win) ... ok
test_t9_stale_verified_fact_detected (test_context_authority.SpecTests.test_t9_stale_verified_fact_detected) ... ok
test_attachment_roundtrip_missing_and_tampered_hash (test_continuity.ContinuityTests.test_attachment_roundtrip_missing_and_tampered_hash) ... ok
test_capture_worktree_optional_and_snapshot_refresh (test_continuity.ContinuityTests.test_capture_worktree_optional_and_snapshot_refresh) ... ok
test_concurrent_write_conflicts_and_followup (test_continuity.ContinuityTests.test_concurrent_write_conflicts_and_followup) ... ok
test_d02_continuity_storage_survives_corrupted_worklog_db (test_continuity.ContinuityTests.test_d02_continuity_storage_survives_corrupted_worklog_db) ... ok
test_d03_malformed_checklist_state_is_controlled_400 (test_continuity.ContinuityTests.test_d03_malformed_checklist_state_is_controlled_400) ... ok
test_direct_claim_keeps_unchecked_reviews_unverified (test_continuity.ContinuityTests.test_direct_claim_keeps_unchecked_reviews_unverified) ... ok
test_finish_session_preserves_open_items_and_new_entry_point_on_import (test_continuity.ContinuityTests.test_finish_session_preserves_open_items_and_new_entry_point_on_import) ... ok
test_full_sender_receiver_feedback_completion_and_history (test_continuity.ContinuityTests.test_full_sender_receiver_feedback_completion_and_history) ... ok
test_git_checks_renames_changes_source_mismatch_and_worktree (test_continuity.ContinuityTests.test_git_checks_renames_changes_source_mismatch_and_worktree) ... ok
test_import_events_are_not_local_authority_and_survive_next_export (test_continuity.ContinuityTests.test_import_events_are_not_local_authority_and_survive_next_export) ... ok
test_legacy_import_json_and_ai_context_preserve_unknowns (test_continuity.ContinuityTests.test_legacy_import_json_and_ai_context_preserve_unknowns) ... ok
test_logs_are_fixed_snapshots_and_original_untouched (test_continuity.ContinuityTests.test_logs_are_fixed_snapshots_and_original_untouched) ... ok
test_missing_commit_and_map_changed (test_continuity.ContinuityTests.test_missing_commit_and_map_changed) ... ok
test_old_export_import_preserves_feedback_and_handoff (test_continuity.ContinuityTests.test_old_export_import_preserves_feedback_and_handoff) ... ok
test_problem_impact_and_completion_are_distinct (test_continuity.ContinuityTests.test_problem_impact_and_completion_are_distinct) ... ok
test_real_http_import_chunks_export_and_old_pages_available (test_continuity.ContinuityTests.test_real_http_import_chunks_export_and_old_pages_available) ... 127.0.0.1 - - [07/Oct/2026 21:36:38] "GET /ext/continuity HTTP/1.1" 200 -
127.0.0.1 - - [07/Oct/2026 21:36:38] "GET /ext/worklog HTTP/1.1" 200 -
127.0.0.1 - - [07/Oct/2026 21:36:38] "GET /ext/handoff HTTP/1.1" 200 -
127.0.0.1 - - [07/Oct/2026 21:36:38] "POST /api/extensions/continuity HTTP/1.1" 200 -
127.0.0.1 - - [07/Oct/2026 21:36:38] "GET /api/extensions/continuity?action=export&id=8145decacdc4448ebcec63ac9595ceb4 HTTP/1.1" 200 -
127.0.0.1 - - [07/Oct/2026 21:36:38] "POST /api/extensions/continuity HTTP/1.1" 200 -
127.0.0.1 - - [07/Oct/2026 21:36:38] "POST /api/extensions/continuity HTTP/1.1" 409 -
127.0.0.1 - - [07/Oct/2026 21:36:38] "POST /api/extensions/continuity HTTP/1.1" 200 -
127.0.0.1 - - [07/Oct/2026 21:36:38] "POST /api/extensions/continuity HTTP/1.1" 200 -
127.0.0.1 - - [07/Oct/2026 21:36:38] "GET /api/extensions/continuity?action=inspect&id=ebfd4a0cb9df44308d15740b25531887 HTTP/1.1" 200 -
ok
test_real_http_quick_actions_session_end_and_reimport (test_continuity.ContinuityTests.test_real_http_quick_actions_session_end_and_reimport) ... 127.0.0.1 - - [07/Oct/2026 21:36:39] "POST /api/extensions/continuity HTTP/1.1" 200 -
127.0.0.1 - - [07/Oct/2026 21:36:39] "POST /api/extensions/continuity HTTP/1.1" 200 -
127.0.0.1 - - [07/Oct/2026 21:36:39] "POST /api/extensions/continuity HTTP/1.1" 200 -
127.0.0.1 - - [07/Oct/2026 21:36:39] "POST /api/extensions/continuity HTTP/1.1" 200 -
127.0.0.1 - - [07/Oct/2026 21:36:39] "POST /api/extensions/continuity HTTP/1.1" 400 -
127.0.0.1 - - [07/Oct/2026 21:36:39] "POST /api/extensions/continuity HTTP/1.1" 200 -
127.0.0.1 - - [07/Oct/2026 21:36:39] "GET /api/extensions/continuity?action=export&id=690ffba3776e4cfa96e668317ae54914 HTTP/1.1" 200 -
127.0.0.1 - - [07/Oct/2026 21:36:39] "POST /api/extensions/continuity HTTP/1.1" 200 -
ok
test_remote_normalization_and_path_validation (test_continuity.ContinuityTests.test_remote_normalization_and_path_validation) ... ok
test_session_end_rejects_missing_entry_point_atomically_and_stale_writes (test_continuity.ContinuityTests.test_session_end_rejects_missing_entry_point_atomically_and_stale_writes) ... ok
test_task_readiness_not_equals_acceptance (test_continuity.ContinuityTests.test_task_readiness_not_equals_acceptance) ... ok
test_copy_original_log_is_explicit_and_keeps_source_bytes (test_continuity_github.GitHubExperimentTests.test_copy_original_log_is_explicit_and_keeps_source_bytes) ... ok
test_export_reimport_and_session_retain_references (test_continuity_github.GitHubExperimentTests.test_export_reimport_and_session_retain_references) ... ok
test_imported_file_references_and_http_discovery (test_continuity_github.GitHubExperimentTests.test_imported_file_references_and_http_discovery) ... 127.0.0.1 - - [07/Oct/2026 21:36:40] "GET /api/extensions HTTP/1.1" 200 -
127.0.0.1 - - [07/Oct/2026 21:36:40] "GET /ext/continuity_github HTTP/1.1" 200 -
127.0.0.1 - - [07/Oct/2026 21:36:40] "GET /api/extensions/continuity_github?action=log_page HTTP/1.1" 200 -
127.0.0.1 - - [07/Oct/2026 21:36:40] "POST /api/extensions/continuity_github HTTP/1.1" 200 -
ok
test_inherited_git_environment_cannot_redirect_the_experimental_store (test_continuity_github.GitHubExperimentTests.test_inherited_git_environment_cannot_redirect_the_experimental_store) ... ok
test_isolated_logs_history_conflicts_and_fixed_handoff (test_continuity_github.GitHubExperimentTests.test_isolated_logs_history_conflicts_and_fixed_handoff) ... ok
test_links_are_canonical_fixed_and_unverified (test_continuity_github.GitHubExperimentTests.test_links_are_canonical_fixed_and_unverified) ... ok
test_local_code_requires_repository_identity (test_continuity_github.GitHubExperimentTests.test_local_code_requires_repository_identity) ... ok
test_log_page_is_served_as_exact_utf8_text (test_continuity_github.GitHubExperimentTests.test_log_page_is_served_as_exact_utf8_text) ... ok
test_concurrent_session_capacity_and_expired_reuse (test_d_gateway_boundaries.GatewayBoundaryTests.test_concurrent_session_capacity_and_expired_reuse) ... ok
test_preview_capacity_prevents_provider_work_and_pruning_releases_receipt (test_d_gateway_boundaries.GatewayBoundaryTests.test_preview_capacity_prevents_provider_work_and_pruning_releases_receipt) ... ok
test_public_context_requires_real_peer_actor_and_same_browser_binding (test_d_gateway_boundaries.GatewayBoundaryTests.test_public_context_requires_real_peer_actor_and_same_browser_binding) ... ok
test_successful_confirmation_consumes_token_and_unicode_csrf_is_controlled (test_d_gateway_boundaries.GatewayBoundaryTests.test_successful_confirmation_consumes_token_and_unicode_csrf_is_controlled) ... ok
test_credentials_in_data_root_rejected (test_deployment_backup.ColdBackupTests.test_credentials_in_data_root_rejected) ... ok
test_existing_output_preserved_and_nested_output_rejected (test_deployment_backup.ColdBackupTests.test_existing_output_preserved_and_nested_output_rejected) ... ok
test_round_trip_independent_files_and_read_only_inspection (test_deployment_backup.ColdBackupTests.test_round_trip_independent_files_and_read_only_inspection) ... ok
test_running_lease_rejected_without_output (test_deployment_backup.ColdBackupTests.test_running_lease_rejected_without_output) ... ok
test_symlink_corrupt_sqlite_or_external_git_objects_rejected (test_deployment_backup.ColdBackupTests.test_symlink_corrupt_sqlite_or_external_git_objects_rejected) ... ok
test_tampered_added_or_incomplete_backup_rejected (test_deployment_backup.ColdBackupTests.test_tampered_added_or_incomplete_backup_rejected) ... ok
test_bound_backup_and_restore_preserve_bytes_and_no_sessions (test_deployment_host.HostPreparationTests.test_bound_backup_and_restore_preserve_bytes_and_no_sessions) ... ok
test_domain_validation_rejects_config_injection_before_output (test_deployment_host.HostPreparationTests.test_domain_validation_rejects_config_injection_before_output) ... ok
test_domainless_bundle_no_start_no_password_and_shell_syntax (test_deployment_host.HostPreparationTests.test_domainless_bundle_no_start_no_password_and_shell_syntax) ... ok
test_final_domain_render_preserves_registered_sources_and_original_config (test_deployment_host.HostPreparationTests.test_final_domain_render_preserves_registered_sources_and_original_config) ... ok
test_fixed_release_has_history_and_independent_git_objects (test_deployment_host.HostPreparationTests.test_fixed_release_has_history_and_independent_git_objects) ... ok
test_missing_binding_receipt_refused (test_deployment_host.HostPreparationTests.test_missing_binding_receipt_refused) ... ok
test_preflight_rejects_architecture_branch_or_dirty_tree (test_deployment_host.HostPreparationTests.test_preflight_rejects_architecture_branch_or_dirty_tree) ... ok
test_preflight_rejects_dirty_source_wrong_sha_and_permissions (test_deployment_host.HostPreparationTests.test_preflight_rejects_dirty_source_wrong_sha_and_permissions) ... ok
test_preflight_rejects_token_remote (test_deployment_host.HostPreparationTests.test_preflight_rejects_token_remote) ... ok
test_read_only_preflight_and_public_placeholder_refusal (test_deployment_host.HostPreparationTests.test_read_only_preflight_and_public_placeholder_refusal) ... ok
test_release_rejects_dirty_source_before_allocating_target (test_deployment_host.HostPreparationTests.test_release_rejects_dirty_source_before_allocating_target) ... ok
test_restore_never_overwrites_config_or_existing_target (test_deployment_host.HostPreparationTests.test_restore_never_overwrites_config_or_existing_target) ... ok
test_restore_refuses_active_service_without_creating_output (test_deployment_host.HostPreparationTests.test_restore_refuses_active_service_without_creating_output) ... ok
test_restore_refuses_wrong_repository_binding_and_tampered_backup (test_deployment_host.HostPreparationTests.test_restore_refuses_wrong_repository_binding_and_tampered_backup) ... ok
test_restore_rejects_nested_output (test_deployment_host.HostPreparationTests.test_restore_rejects_nested_output) ... ok
test_actual_tls_login_logout_and_csrf_report_contains_no_secrets (test_deployment_host_https.HostHTTPSTests.test_actual_tls_login_logout_and_csrf_report_contains_no_secrets) ... ok
test_untrusted_ca_rejected (test_deployment_host_https.HostHTTPSTests.test_untrusted_ca_rejected) ... ok
test_wrong_sni_rejected_even_with_trusted_ca (test_deployment_host_https.HostHTTPSTests.test_wrong_sni_rejected_even_with_trusted_ca) ... ok
test_a30_d_extension_routes_survive_runtime_system_exit (test_extensions.ExtensionHttpTests.test_a30_d_extension_routes_survive_runtime_system_exit) ... 127.0.0.1 - - [07/Oct/2026 21:36:45] "GET /api/extensions/exiting_runtime HTTP/1.1" 500 -
127.0.0.1 - - [07/Oct/2026 21:36:45] "GET /api/extensions HTTP/1.1" 200 -
127.0.0.1 - - [07/Oct/2026 21:36:45] "GET /api/extensions/worklog HTTP/1.1" 200 -
127.0.0.1 - - [07/Oct/2026 21:36:45] "GET /api/extensions/handoff HTTP/1.1" 200 -
127.0.0.1 - - [07/Oct/2026 21:36:45] "GET /api/extensions/continuity HTTP/1.1" 200 -
127.0.0.1 - - [07/Oct/2026 21:36:45] "GET /api/extensions/project_summary HTTP/1.1" 200 -
127.0.0.1 - - [07/Oct/2026 21:36:45] "GET /api/snapshot HTTP/1.1" 200 -
ok
test_a30_host_run_contract_direct (test_extensions.ExtensionHttpTests.test_a30_host_run_contract_direct) ... ok
test_a30_runtime_base_exception_family_is_contained (test_extensions.ExtensionHttpTests.test_a30_runtime_base_exception_family_is_contained) ... 127.0.0.1 - - [07/Oct/2026 21:36:45] "GET /api/extensions/raises_ki HTTP/1.1" 500 -
127.0.0.1 - - [07/Oct/2026 21:36:45] "GET /api/extensions/raises_ge HTTP/1.1" 500 -
127.0.0.1 - - [07/Oct/2026 21:36:45] "GET /api/snapshot HTTP/1.1" 200 -
ok
test_a30_runtime_system_exit_is_contained_as_extension_error (test_extensions.ExtensionHttpTests.test_a30_runtime_system_exit_is_contained_as_extension_error) ... 127.0.0.1 - - [07/Oct/2026 21:36:46] "GET /api/extensions/exiting_runtime HTTP/1.1" 500 -
127.0.0.1 - - [07/Oct/2026 21:36:46] "GET /api/extensions/healthy HTTP/1.1" 200 -
127.0.0.1 - - [07/Oct/2026 21:36:46] "GET /api/snapshot HTTP/1.1" 200 -
127.0.0.1 - - [07/Oct/2026 21:36:46] "GET /api/extensions HTTP/1.1" 200 -
ok
test_broken_extension_is_reported_without_breaking_existing_map (test_extensions.ExtensionHttpTests.test_broken_extension_is_reported_without_breaking_existing_map) ... 127.0.0.1 - - [07/Oct/2026 21:36:46] "GET /api/extensions HTTP/1.1" 200 -
127.0.0.1 - - [07/Oct/2026 21:36:46] "GET /api/snapshot HTTP/1.1" 200 -
127.0.0.1 - - [07/Oct/2026 21:36:46] "GET /api/extensions/broken HTTP/1.1" 503 -
ok
test_new_directory_provides_api_and_page_without_core_edits (test_extensions.ExtensionHttpTests.test_new_directory_provides_api_and_page_without_core_edits) ... 127.0.0.1 - - [07/Oct/2026 21:36:47] "GET /api/extensions HTTP/1.1" 200 -
127.0.0.1 - - [07/Oct/2026 21:36:47] "GET /ext/team_facts HTTP/1.1" 200 -
127.0.0.1 - - [07/Oct/2026 21:36:47] "GET /api/extensions/team_facts?value=from-get HTTP/1.1" 200 -
127.0.0.1 - - [07/Oct/2026 21:36:47] "POST /api/extensions/team_facts HTTP/1.1" 200 -
127.0.0.1 - - [07/Oct/2026 21:36:47] "POST /api/extensions/team_facts HTTP/1.1" 400 -
ok
test_runtime_failure_is_contained_and_other_routes_still_work (test_extensions.ExtensionHttpTests.test_runtime_failure_is_contained_and_other_routes_still_work) ... 127.0.0.1 - - [07/Oct/2026 21:36:47] "GET /api/extensions/runtime_failure HTTP/1.1" 500 -
127.0.0.1 - - [07/Oct/2026 21:36:47] "GET /api/snapshot HTTP/1.1" 200 -
ok
test_shipped_example_is_discovered_and_has_a_default_page (test_extensions.ExtensionHttpTests.test_shipped_example_is_discovered_and_has_a_default_page) ... 127.0.0.1 - - [07/Oct/2026 21:36:48] "GET / HTTP/1.1" 200 -
127.0.0.1 - - [07/Oct/2026 21:36:48] "GET /extensions.js HTTP/1.1" 200 -
127.0.0.1 - - [07/Oct/2026 21:36:48] "GET /api/extensions HTTP/1.1" 200 -
127.0.0.1 - - [07/Oct/2026 21:36:48] "GET /api/extensions/project_summary HTTP/1.1" 200 -
127.0.0.1 - - [07/Oct/2026 21:36:48] "GET /api/snapshot HTTP/1.1" 200 -
127.0.0.1 - - [07/Oct/2026 21:36:48] "GET /ext/project_summary HTTP/1.1" 200 -
ok
test_system_exit_during_load_does_not_stop_core_or_other_extensions (test_extensions.ExtensionHttpTests.test_system_exit_during_load_does_not_stop_core_or_other_extensions) ... 127.0.0.1 - - [07/Oct/2026 21:36:48] "GET /api/snapshot HTTP/1.1" 200 -
127.0.0.1 - - [07/Oct/2026 21:36:48] "GET /api/extensions HTTP/1.1" 200 -
127.0.0.1 - - [07/Oct/2026 21:36:48] "GET /api/extensions/healthy HTTP/1.1" 200 -
ok
test_actual_host_discovers_extension_and_adapter_rejects_stale_page (test_handoff.HandoffTests.test_actual_host_discovers_extension_and_adapter_rejects_stale_page) ... ok
test_ai_context_keeps_versions_limits_and_work_notes (test_handoff.HandoffTests.test_ai_context_keeps_versions_limits_and_work_notes) ... ok
test_complete_and_no_mutation (test_handoff.HandoffTests.test_complete_and_no_mutation) ... ok
test_invalid_source_and_comparison (test_handoff.HandoffTests.test_invalid_source_and_comparison) ... ok
test_live_http_page_generate_and_stale_error (test_handoff.HandoffTests.test_live_http_page_generate_and_stale_error) ... 127.0.0.1 - - [07/Oct/2026 21:36:49] "GET /ext/handoff HTTP/1.1" 200 -
127.0.0.1 - - [07/Oct/2026 21:36:49] "GET /api/snapshot HTTP/1.1" 200 -
127.0.0.1 - - [07/Oct/2026 21:36:49] "POST /api/extensions/handoff HTTP/1.1" 200 -
127.0.0.1 - - [07/Oct/2026 21:36:49] "POST /api/extensions/handoff HTTP/1.1" 400 -
ok
test_local_path_and_missing_evidence_visible (test_handoff.HandoffTests.test_local_path_and_missing_evidence_visible) ... ok
test_main_resolves_local_tracking_ref_each_time (test_handoff.HandoffTests.test_main_resolves_local_tracking_ref_each_time) ... ok
test_main_revision_ignores_inherited_git_environment (test_handoff.HandoffTests.test_main_revision_ignores_inherited_git_environment) ... ok
test_markdown_distinguishes_missing_comparison_and_unmapped_changes (test_handoff.HandoffTests.test_markdown_distinguishes_missing_comparison_and_unmapped_changes) ... ok
test_markdown_is_readable_and_escapes_source_markup (test_handoff.HandoffTests.test_markdown_is_readable_and_escapes_source_markup) ... ok
test_markdown_preserves_replay_information (test_handoff.HandoffTests.test_markdown_preserves_replay_information) ... ok
test_notes_are_separate_unverified_records_and_validate_types (test_handoff.HandoffTests.test_notes_are_separate_unverified_records_and_validate_types) ... ok
test_reject_malformed_ai_lists_and_short_baseline (test_handoff.HandoffTests.test_reject_malformed_ai_lists_and_short_baseline) ... ok
test_reject_wrong_ai_version_and_fabricated_evidence (test_handoff.HandoffTests.test_reject_wrong_ai_version_and_fabricated_evidence) ... ok
test_unmapped_changes_include_only_changes_without_declared_paths (test_handoff.HandoffTests.test_unmapped_changes_include_only_changes_without_declared_paths) ... ok
test_without_optional_inputs_does_not_claim_no_changes (test_handoff.HandoffTests.test_without_optional_inputs_does_not_claim_no_changes) ... ok
test_b_unavailable_degraded_with_limits_no_fabricated_fact (test_map_proposal.BGateTests.test_b_unavailable_degraded_with_limits_no_fabricated_fact) ... ok
test_installed_b_mismatch_rejected (test_map_proposal.BGateTests.test_installed_b_mismatch_rejected) ... ok
test_installed_b_shape_exception_degraded_not_crash (test_map_proposal.BGateTests.test_installed_b_shape_exception_degraded_not_crash) ... ok
test_supplied_mismatch_rejected_on_empty_changes (test_map_proposal.BGateTests.test_supplied_mismatch_rejected_on_empty_changes) ... ok
test_supplied_mismatch_rejected_on_normal_path (test_map_proposal.BGateTests.test_supplied_mismatch_rejected_on_normal_path) ... ok
test_supplied_mismatch_rejected_on_same_revision (test_map_proposal.BGateTests.test_supplied_mismatch_rejected_on_same_revision) ... ok
test_supplied_non_dict_shape_controlled_rejection (test_map_proposal.BGateTests.test_supplied_non_dict_shape_controlled_rejection) ... ok
test_canonical_buckets_and_request_trace (test_map_proposal.CanonicalAndIdentityTests.test_canonical_buckets_and_request_trace) ... ok
test_determinism_same_input_same_output (test_map_proposal.CanonicalAndIdentityTests.test_determinism_same_input_same_output) ... ok
test_legacy_projection_from_admitted_node_add_only (test_map_proposal.CanonicalAndIdentityTests.test_legacy_projection_from_admitted_node_add_only) ... ok
test_make_proposal_rejects_position_and_empty_evidence (test_map_proposal.CanonicalAndIdentityTests.test_make_proposal_rejects_position_and_empty_evidence) ... ok
test_mode_honesty_no_ai_candidate_without_model (test_map_proposal.CanonicalAndIdentityTests.test_mode_honesty_no_ai_candidate_without_model) ... ok
test_node_id_collision_widening (test_map_proposal.CanonicalAndIdentityTests.test_node_id_collision_widening) ... ok
test_proposal_id_stable_and_payload_sensitive (test_map_proposal.CanonicalAndIdentityTests.test_proposal_id_stable_and_payload_sensitive) ... ok
test_core_changes_mapped_to_changed_paths (test_map_proposal.CoreCompareAdapterTests.test_core_changes_mapped_to_changed_paths) ... ok
test_edge_unknown_reference_rejected (test_map_proposal.MapIntakeTests.test_edge_unknown_reference_rejected) ... ok
test_empty_nodes_rejected (test_map_proposal.MapIntakeTests.test_empty_nodes_rejected) ... ok
test_missing_current_map_rejected (test_map_proposal.MapIntakeTests.test_missing_current_map_rejected) ... ok
test_missing_node_id_rejected (test_map_proposal.MapIntakeTests.test_missing_node_id_rejected) ... ok
test_map_file_hash_unchanged (test_map_proposal.NoMapWriteTests.test_map_file_hash_unchanged) ... ok
test_facts_and_entry_point_paths_bounded (test_map_proposal.PathSafetyTests.test_facts_and_entry_point_paths_bounded) ... ok
test_unsafe_changed_paths_rejected (test_map_proposal.PathSafetyTests.test_unsafe_changed_paths_rejected) ... ok
test_unsafe_map_evidence_path_rejected (test_map_proposal.PathSafetyTests.test_unsafe_map_evidence_path_rejected) ... ok
test_base_equals_target_zero_proposal_after_gates (test_map_proposal.PinGateTests.test_base_equals_target_zero_proposal_after_gates) ... ok
test_empty_changes_with_different_pins_rejected (test_map_proposal.PinGateTests.test_empty_changes_with_different_pins_rejected) ... ok
test_full_40_and_64_hex_accepted (test_map_proposal.PinGateTests.test_full_40_and_64_hex_accepted) ... ok
test_head_and_short_sha_rejected (test_map_proposal.PinGateTests.test_head_and_short_sha_rejected) ... ok
test_missing_pins_controlled_rejection_no_snapshot_fallback (test_map_proposal.PinGateTests.test_missing_pins_controlled_rejection_no_snapshot_fallback) ... ok
test_changed_skipped_becomes_human_required (test_map_proposal.SkippedEligibilityTests.test_changed_skipped_becomes_human_required) ... ok
test_unchanged_skipped_not_reported (test_map_proposal.SkippedEligibilityTests.test_unchanged_skipped_not_reported) ... ok
test_unified_eligibility (test_map_proposal.SkippedEligibilityTests.test_unified_eligibility) ... ok
test_drifted_anchor_is_anchor_not_found (test_mutation_runner.MutationRunnerMetaTests.test_drifted_anchor_is_anchor_not_found) ... ok
test_environment_fault_in_baseline_is_not_a_kill (test_mutation_runner.MutationRunnerMetaTests.test_environment_fault_in_baseline_is_not_a_kill) ... ok
test_environment_fault_in_post_mutation_guards_is_not_a_kill (test_mutation_runner.MutationRunnerMetaTests.test_environment_fault_in_post_mutation_guards_is_not_a_kill) ... ok
test_green_guards_on_valid_mutation_is_missed_never_caught (test_mutation_runner.MutationRunnerMetaTests.test_green_guards_on_valid_mutation_is_missed_never_caught) ... ok
test_invalid_python_after_mutation_is_invalid_mutation_never_caught (test_mutation_runner.MutationRunnerMetaTests.test_invalid_python_after_mutation_is_invalid_mutation_never_caught) ... ok
test_red_guards_on_valid_mutation_is_semantic_caught (test_mutation_runner.MutationRunnerMetaTests.test_red_guards_on_valid_mutation_is_semantic_caught) ... ok
test_get_method_allowed_post_only_others_rejected (test_p06_matrix_closure.ExtensionSeamBoundary.test_get_method_allowed_post_only_others_rejected) ... ok
test_malicious_map_text_controlled_rejection_not_crash (test_p06_matrix_closure.ExtensionSeamBoundary.test_malicious_map_text_controlled_rejection_not_crash) ... ok
test_missing_pin_is_400_not_head_fallback (test_p06_matrix_closure.ExtensionSeamBoundary.test_missing_pin_is_400_not_head_fallback) ... ok
test_unparseable_entry_point_is_visible_degradation_not_silence (test_p06_matrix_closure.P07EntryPointDiagnostics.test_unparseable_entry_point_is_visible_degradation_not_silence) ... ok
test_s04_subdirectory_move_link_change (test_p06_matrix_closure.S04SubdirectoryRename.test_s04_subdirectory_move_link_change) ... ok
test_s08_line_and_quote_drift_only_zero_proposals (test_p06_matrix_closure.S08FormattingOnly.test_s08_line_and_quote_drift_only_zero_proposals) ... ok
test_s12_test_and_generated_noise_no_business_candidates (test_p06_matrix_closure.S12TestNoise.test_s12_test_and_generated_noise_no_business_candidates) ... ok
test_s17_multi_owner_relation_ends_low_confidence_not_arbitrary (test_p06_matrix_closure.S17MultiOwnerAmbiguity.test_s17_multi_owner_relation_ends_low_confidence_not_arbitrary) ... ok
test_s18_added_file_without_b_entries_unresolved_unknown (test_p06_matrix_closure.S18MissingEvidence.test_s18_added_file_without_b_entries_unresolved_unknown) ... ok
test_s27_malformed_map_evidence_inside_valid_context_rejected (test_p06_matrix_closure.S27MalformedWithContext.test_s27_malformed_map_evidence_inside_valid_context_rejected) ... ok
test_declared_matching_foreign_and_malformed_traces (test_public_c_identity.CIdentityHTTPTests.test_declared_matching_foreign_and_malformed_traces) ... 127.0.0.1 - - [07/Oct/2026 21:36:51] "POST /api/archloop/workspaces HTTP/1.1" 200 -
127.0.0.1 - - [07/Oct/2026 21:36:51] "POST /api/archloop/workspaces/ws_20261007213651_4579d9/generate HTTP/1.1" 200 -
127.0.0.1 - - [07/Oct/2026 21:36:51] "POST /api/archloop/workspaces/ws_20261007213651_4579d9/apply-candidate HTTP/1.1" 200 -
127.0.0.1 - - [07/Oct/2026 21:36:51] "POST /api/archloop/workspaces/ws_20261007213651_4579d9/apply-ops HTTP/1.1" 200 -
127.0.0.1 - - [07/Oct/2026 21:36:51] "POST /api/archloop/workspaces/ws_20261007213651_4579d9/deviations HTTP/1.1" 200 -
127.0.0.1 - - [07/Oct/2026 21:36:51] "POST /api/archloop/workspaces/ws_20261007213651_4579d9/deviations HTTP/1.1" 200 -
127.0.0.1 - - [07/Oct/2026 21:36:51] "POST /api/archloop/workspaces/ws_20261007213651_4579d9/deviations HTTP/1.1" 200 -
127.0.0.1 - - [07/Oct/2026 21:36:51] "POST /api/archloop/workspaces/ws_20261007213651_4579d9/deviations HTTP/1.1" 200 -
127.0.0.1 - - [07/Oct/2026 21:36:51] "POST /api/archloop/workspaces/ws_20261007213651_4579d9/deviations HTTP/1.1" 200 -
127.0.0.1 - - [07/Oct/2026 21:36:51] "POST /api/archloop/workspaces/ws_20261007213651_4579d9/deviations HTTP/1.1" 200 -
127.0.0.1 - - [07/Oct/2026 21:36:51] "POST /api/archloop/workspaces/ws_20261007213651_4579d9/deviations HTTP/1.1" 400 -
ok
test_planning_trace_cannot_claim_runtime_alignment (test_public_c_identity.CIdentityHTTPTests.test_planning_trace_cannot_claim_runtime_alignment) ... 127.0.0.1 - - [07/Oct/2026 21:36:51] "POST /api/archloop/workspaces HTTP/1.1" 200 -
127.0.0.1 - - [07/Oct/2026 21:36:51] "POST /api/archloop/workspaces/ws_20261007213651_36a140/generate HTTP/1.1" 200 -
127.0.0.1 - - [07/Oct/2026 21:36:51] "POST /api/archloop/workspaces/ws_20261007213651_36a140/apply-candidate HTTP/1.1" 200 -
127.0.0.1 - - [07/Oct/2026 21:36:51] "POST /api/archloop/workspaces/ws_20261007213651_36a140/apply-ops HTTP/1.1" 200 -
127.0.0.1 - - [07/Oct/2026 21:36:51] "POST /api/archloop/workspaces/ws_20261007213651_36a140/deviations HTTP/1.1" 200 -
ok
test_registry_and_actual_calls_use_the_same_engine (test_public_c_identity.CIdentityHTTPTests.test_registry_and_actual_calls_use_the_same_engine) ... 127.0.0.1 - - [07/Oct/2026 21:36:51] "GET /api/archloop/backend HTTP/1.1" 200 -
127.0.0.1 - - [07/Oct/2026 21:36:51] "POST /api/archloop/workspaces HTTP/1.1" 200 -
127.0.0.1 - - [07/Oct/2026 21:36:51] "POST /api/archloop/workspaces/ws_20261007213651_4af4cd/generate HTTP/1.1" 200 -
127.0.0.1 - - [07/Oct/2026 21:36:51] "POST /api/archloop/workspaces/ws_20261007213651_4af4cd/apply-candidate HTTP/1.1" 200 -
127.0.0.1 - - [07/Oct/2026 21:36:51] "POST /api/archloop/workspaces/ws_20261007213651_4af4cd/apply-ops HTTP/1.1" 200 -
127.0.0.1 - - [07/Oct/2026 21:36:51] "POST /api/archloop/workspaces/ws_20261007213651_4af4cd/deviations HTTP/1.1" 200 -
ok
test_acronym_boundaries_and_regular_names (test_public_context_secrets.AcronymCredentialTests.test_acronym_boundaries_and_regular_names) ... ok
test_committed_source_pack_excludes_acronym_credentials_without_losing_regular_code (test_public_context_secrets.AcronymCredentialTests.test_committed_source_pack_excludes_acronym_credentials_without_losing_regular_code) ... ok
test_placeholder_words_in_field_names_or_inside_values_do_not_hide_credentials (test_public_context_secrets.AcronymCredentialTests.test_placeholder_words_in_field_names_or_inside_values_do_not_hide_credentials) ... ok
test_account_file_is_private_hashed_and_not_overwritten (test_public_deployment.AccountBoundaryTests.test_account_file_is_private_hashed_and_not_overwritten) ... ok
test_add_team_member_preserves_original_hash_and_rejects_duplicate (test_public_deployment.AccountBoundaryTests.test_add_team_member_preserves_original_hash_and_rejects_duplicate) ... ok
test_public_accounts_cannot_be_in_git_or_world_readable (test_public_deployment.AccountBoundaryTests.test_public_accounts_cannot_be_in_git_or_world_readable) ... ok
test_real_peer_host_origin_ignore_forwarded_headers (test_public_deployment.AccountBoundaryTests.test_real_peer_host_origin_ignore_forwarded_headers) ... ok
test_session_csrf_expiry_capacity_and_logout (test_public_deployment.AccountBoundaryTests.test_session_csrf_expiry_capacity_and_logout) ... ok
test_unknown_login_buckets_are_bounded_and_rate_limited (test_public_deployment.AccountBoundaryTests.test_unknown_login_buckets_are_bounded_and_rate_limited) ... ok
test_authenticated_ui_keeps_route_and_get_backend_without_private_paths (test_public_deployment.PublicHTTPTests.test_authenticated_ui_keeps_route_and_get_backend_without_private_paths) ... 127.0.0.1 - - [07/Oct/2026 21:36:55] "GET / HTTP/1.1" 200 -
127.0.0.1 - - [07/Oct/2026 21:36:55] "GET /api/archloop/backend HTTP/1.1" 200 -
ok
test_csrf_cross_site_wrong_host_and_forged_identity_are_rejected (test_public_deployment.PublicHTTPTests.test_csrf_cross_site_wrong_host_and_forged_identity_are_rejected) ... ok
test_existing_project_real_review_publish_and_other_session_reads_version (test_public_deployment.PublicHTTPTests.test_existing_project_real_review_publish_and_other_session_reads_version) ... 127.0.0.1 - - [07/Oct/2026 21:36:55] "POST /api/archloop/workspaces HTTP/1.1" 200 -
127.0.0.1 - - [07/Oct/2026 21:36:55] "POST /api/archloop/workspaces/ws_20261007213655_8b533f/generate HTTP/1.1" 200 -
127.0.0.1 - - [07/Oct/2026 21:36:55] "POST /api/archloop/workspaces/ws_20261007213655_8b533f/apply-candidate HTTP/1.1" 200 -
127.0.0.1 - - [07/Oct/2026 21:36:55] "POST /api/archloop/workspaces/ws_20261007213655_8b533f/review-preview HTTP/1.1" 200 -
127.0.0.1 - - [07/Oct/2026 21:36:55] "POST /api/archloop/workspaces/ws_20261007213655_8b533f/review-confirm HTTP/1.1" 403 -
127.0.0.1 - - [07/Oct/2026 21:36:55] "POST /api/archloop/workspaces/ws_20261007213655_8b533f/review-confirm HTTP/1.1" 200 -
127.0.0.1 - - [07/Oct/2026 21:36:55] "POST /api/archloop/workspaces/ws_20261007213655_8b533f/publish HTTP/1.1" 403 -
127.0.0.1 - - [07/Oct/2026 21:36:55] "POST /api/archloop/workspaces/ws_20261007213655_8b533f/publish HTTP/1.1" 200 -
127.0.0.1 - - [07/Oct/2026 21:36:55] "GET /api/archloop/workspaces/ws_20261007213655_8b533f HTTP/1.1" 200 -
ok
test_logout_and_new_login_cannot_confirm_old_browser_preview (test_public_deployment.PublicHTTPTests.test_logout_and_new_login_cannot_confirm_old_browser_preview) ... 127.0.0.1 - - [07/Oct/2026 21:36:55] "POST /api/archloop/workspaces HTTP/1.1" 200 -
127.0.0.1 - - [07/Oct/2026 21:36:56] "POST /api/archloop/workspaces/ws_20261007213655_1a67e7/generate HTTP/1.1" 200 -
127.0.0.1 - - [07/Oct/2026 21:36:56] "POST /api/archloop/workspaces/ws_20261007213655_1a67e7/apply-candidate HTTP/1.1" 200 -
127.0.0.1 - - [07/Oct/2026 21:36:56] "POST /api/archloop/workspaces/ws_20261007213655_1a67e7/review-preview HTTP/1.1" 200 -
127.0.0.1 - - [07/Oct/2026 21:36:56] "POST /api/archloop/workspaces/ws_20261007213655_1a67e7/review-confirm HTTP/1.1" 403 -
ok
test_planning_design_has_no_fake_code_sha_and_survives_new_instance (test_public_deployment.PublicHTTPTests.test_planning_design_has_no_fake_code_sha_and_survives_new_instance) ... 127.0.0.1 - - [07/Oct/2026 21:36:56] "POST /api/archloop/workspaces HTTP/1.1" 200 -
127.0.0.1 - - [07/Oct/2026 21:36:56] "POST /api/archloop/workspaces/ws_20261007213656_61aae1/generate HTTP/1.1" 200 -
127.0.0.1 - - [07/Oct/2026 21:36:56] "POST /api/archloop/workspaces/ws_20261007213656_61aae1/apply-candidate HTTP/1.1" 200 -
127.0.0.1 - - [07/Oct/2026 21:36:56] "POST /api/archloop/workspaces/ws_20261007213656_61aae1/review-preview HTTP/1.1" 200 -
127.0.0.1 - - [07/Oct/2026 21:36:56] "POST /api/archloop/workspaces/ws_20261007213656_61aae1/review-confirm HTTP/1.1" 200 -
127.0.0.1 - - [07/Oct/2026 21:36:56] "POST /api/archloop/workspaces/ws_20261007213656_61aae1/publish HTTP/1.1" 200 -
ok
test_registry_prevents_arbitrary_server_repository_access (test_public_deployment.PublicHTTPTests.test_registry_prevents_arbitrary_server_repository_access) ... ok
test_unauthenticated_api_static_and_writes_are_blocked (test_public_deployment.PublicHTTPTests.test_unauthenticated_api_static_and_writes_are_blocked) ... ok
test_actual_fixture_verification_confirmation_is_bound_to_browser_and_consumed (test_public_governed_tasks.PublicGovernedTaskTests.test_actual_fixture_verification_confirmation_is_bound_to_browser_and_consumed) ... 127.0.0.1 - - [07/Oct/2026 21:36:57] "POST /api/archloop/workspaces HTTP/1.1" 200 -
127.0.0.1 - - [07/Oct/2026 21:36:57] "POST /api/archloop/workspaces/ws_20261007213657_bd9293/generate HTTP/1.1" 200 -
127.0.0.1 - - [07/Oct/2026 21:36:57] "POST /api/archloop/workspaces/ws_20261007213657_bd9293/apply-candidate HTTP/1.1" 200 -
127.0.0.1 - - [07/Oct/2026 21:36:57] "GET /api/archloop/workspaces/ws_20261007213657_bd9293/fix-task-hints HTTP/1.1" 403 -
127.0.0.1 - - [07/Oct/2026 21:36:57] "POST /api/archloop/workspaces/ws_20261007213657_bd9293/apply-ops HTTP/1.1" 200 -
127.0.0.1 - - [07/Oct/2026 21:36:57] "POST /api/archloop/workspaces/ws_20261007213657_bd9293/review-preview HTTP/1.1" 200 -
127.0.0.1 - - [07/Oct/2026 21:36:57] "POST /api/archloop/workspaces/ws_20261007213657_bd9293/review-confirm HTTP/1.1" 200 -
127.0.0.1 - - [07/Oct/2026 21:36:57] "POST /api/archloop/workspaces/ws_20261007213657_bd9293/publish HTTP/1.1" 200 -
127.0.0.1 - - [07/Oct/2026 21:36:57] "GET /api/archloop/workspaces/ws_20261007213657_bd9293/fix-task-hints HTTP/1.1" 200 -
127.0.0.1 - - [07/Oct/2026 21:36:57] "POST /api/archloop/workspaces/ws_20261007213657_bd9293/fix-tasks HTTP/1.1" 200 -
127.0.0.1 - - [07/Oct/2026 21:36:57] "POST /api/archloop/workspaces/ws_20261007213657_bd9293/fix-tasks/fix-86fb3bc28384d52f653deaf6841eff14/governance HTTP/1.1" 200 -
127.0.0.1 - - [07/Oct/2026 21:36:57] "POST /api/archloop/workspaces/ws_20261007213657_bd9293/fix-tasks/fix-86fb3bc28384d52f653deaf6841eff14/governance HTTP/1.1" 200 -
127.0.0.1 - - [07/Oct/2026 21:36:57] "POST /api/archloop/workspaces/ws_20261007213657_bd9293/fix-tasks/fix-86fb3bc28384d52f653deaf6841eff14/governance HTTP/1.1" 200 -
127.0.0.1 - - [07/Oct/2026 21:36:58] "POST /api/archloop/workspaces/ws_20261007213657_bd9293/fix-tasks/fix-86fb3bc28384d52f653deaf6841eff14/governance HTTP/1.1" 200 -
127.0.0.1 - - [07/Oct/2026 21:36:58] "POST /api/archloop/workspaces/ws_20261007213657_bd9293/fix-tasks/fix-86fb3bc28384d52f653deaf6841eff14/governance HTTP/1.1" 403 -
127.0.0.1 - - [07/Oct/2026 21:36:58] "POST /api/archloop/workspaces/ws_20261007213657_bd9293/fix-tasks/fix-86fb3bc28384d52f653deaf6841eff14/governance HTTP/1.1" 200 -
127.0.0.1 - - [07/Oct/2026 21:36:58] "POST /api/archloop/workspaces/ws_20261007213657_bd9293/fix-tasks/fix-86fb3bc28384d52f653deaf6841eff14/governance HTTP/1.1" 403 -
ok
test_formal_version_task_retry_rebuild_and_private_storage (test_public_governed_tasks.PublicGovernedTaskTests.test_formal_version_task_retry_rebuild_and_private_storage) ... 127.0.0.1 - - [07/Oct/2026 21:36:58] "POST /api/archloop/workspaces HTTP/1.1" 200 -
127.0.0.1 - - [07/Oct/2026 21:36:58] "POST /api/archloop/workspaces/ws_20261007213658_ac1b04/generate HTTP/1.1" 200 -
127.0.0.1 - - [07/Oct/2026 21:36:58] "POST /api/archloop/workspaces/ws_20261007213658_ac1b04/apply-candidate HTTP/1.1" 200 -
127.0.0.1 - - [07/Oct/2026 21:36:58] "GET /api/archloop/workspaces/ws_20261007213658_ac1b04/fix-task-hints HTTP/1.1" 403 -
127.0.0.1 - - [07/Oct/2026 21:36:58] "POST /api/archloop/workspaces/ws_20261007213658_ac1b04/apply-ops HTTP/1.1" 200 -
127.0.0.1 - - [07/Oct/2026 21:36:58] "POST /api/archloop/workspaces/ws_20261007213658_ac1b04/review-preview HTTP/1.1" 200 -
127.0.0.1 - - [07/Oct/2026 21:36:58] "POST /api/archloop/workspaces/ws_20261007213658_ac1b04/review-confirm HTTP/1.1" 200 -
127.0.0.1 - - [07/Oct/2026 21:36:58] "POST /api/archloop/workspaces/ws_20261007213658_ac1b04/publish HTTP/1.1" 200 -
127.0.0.1 - - [07/Oct/2026 21:36:58] "GET /api/archloop/workspaces/ws_20261007213658_ac1b04/fix-task-hints HTTP/1.1" 200 -
127.0.0.1 - - [07/Oct/2026 21:36:58] "POST /api/archloop/workspaces/ws_20261007213658_ac1b04/fix-tasks HTTP/1.1" 200 -
127.0.0.1 - - [07/Oct/2026 21:36:58] "POST /api/archloop/workspaces/ws_20261007213658_ac1b04/fix-task HTTP/1.1" 200 -
127.0.0.1 - - [07/Oct/2026 21:36:58] "GET /api/archloop/workspaces/ws_20261007213658_ac1b04/fix-tasks HTTP/1.1" 200 -
127.0.0.1 - - [07/Oct/2026 21:36:58] "GET /api/archloop/workspaces/ws_20261007213658_ac1b04/fix-tasks/fix-764e19ee22181de858d2183ced8f3463/markdown HTTP/1.1" 200 -
ok
test_stale_scope_planning_wrong_workspace_and_edited_draft_rejected (test_public_governed_tasks.PublicGovernedTaskTests.test_stale_scope_planning_wrong_workspace_and_edited_draft_rejected) ... 127.0.0.1 - - [07/Oct/2026 21:36:58] "POST /api/archloop/workspaces HTTP/1.1" 200 -
127.0.0.1 - - [07/Oct/2026 21:36:58] "POST /api/archloop/workspaces/ws_20261007213658_be274b/generate HTTP/1.1" 200 -
127.0.0.1 - - [07/Oct/2026 21:36:58] "POST /api/archloop/workspaces/ws_20261007213658_be274b/apply-candidate HTTP/1.1" 200 -
127.0.0.1 - - [07/Oct/2026 21:36:58] "GET /api/archloop/workspaces/ws_20261007213658_be274b/fix-task-hints HTTP/1.1" 403 -
127.0.0.1 - - [07/Oct/2026 21:36:58] "POST /api/archloop/workspaces/ws_20261007213658_be274b/apply-ops HTTP/1.1" 200 -
127.0.0.1 - - [07/Oct/2026 21:36:58] "POST /api/archloop/workspaces/ws_20261007213658_be274b/review-preview HTTP/1.1" 200 -
127.0.0.1 - - [07/Oct/2026 21:36:58] "POST /api/archloop/workspaces/ws_20261007213658_be274b/review-confirm HTTP/1.1" 200 -
127.0.0.1 - - [07/Oct/2026 21:36:58] "POST /api/archloop/workspaces/ws_20261007213658_be274b/publish HTTP/1.1" 200 -
127.0.0.1 - - [07/Oct/2026 21:36:58] "GET /api/archloop/workspaces/ws_20261007213658_be274b/fix-task-hints HTTP/1.1" 200 -
127.0.0.1 - - [07/Oct/2026 21:36:58] "POST /api/archloop/workspaces/ws_20261007213658_be274b/fix-tasks HTTP/1.1" 200 -
127.0.0.1 - - [07/Oct/2026 21:36:58] "POST /api/archloop/workspaces/ws_20261007213658_be274b/fix-tasks HTTP/1.1" 409 -
127.0.0.1 - - [07/Oct/2026 21:36:58] "POST /api/archloop/workspaces/ws_20261007213658_be274b/fix-tasks HTTP/1.1" 409 -
127.0.0.1 - - [07/Oct/2026 21:36:58] "POST /api/archloop/workspaces/ws_20261007213658_be274b/fix-tasks HTTP/1.1" 400 -
127.0.0.1 - - [07/Oct/2026 21:36:58] "POST /api/archloop/workspaces HTTP/1.1" 200 -
127.0.0.1 - - [07/Oct/2026 21:36:58] "POST /api/archloop/workspaces/ws_20261007213658_95a77c/generate HTTP/1.1" 200 -
127.0.0.1 - - [07/Oct/2026 21:36:58] "POST /api/archloop/workspaces/ws_20261007213658_95a77c/apply-candidate HTTP/1.1" 200 -
127.0.0.1 - - [07/Oct/2026 21:36:58] "GET /api/archloop/workspaces/ws_20261007213658_95a77c/fix-task-hints HTTP/1.1" 403 -
127.0.0.1 - - [07/Oct/2026 21:36:58] "POST /api/archloop/workspaces/ws_20261007213658_95a77c/apply-ops HTTP/1.1" 200 -
127.0.0.1 - - [07/Oct/2026 21:36:58] "POST /api/archloop/workspaces/ws_20261007213658_95a77c/review-preview HTTP/1.1" 200 -
127.0.0.1 - - [07/Oct/2026 21:36:58] "POST /api/archloop/workspaces/ws_20261007213658_95a77c/review-confirm HTTP/1.1" 200 -
127.0.0.1 - - [07/Oct/2026 21:36:59] "POST /api/archloop/workspaces/ws_20261007213658_95a77c/publish HTTP/1.1" 200 -
127.0.0.1 - - [07/Oct/2026 21:36:59] "GET /api/archloop/workspaces/ws_20261007213658_95a77c/fix-task-hints HTTP/1.1" 200 -
127.0.0.1 - - [07/Oct/2026 21:36:59] "POST /api/archloop/workspaces/ws_20261007213658_95a77c/fix-tasks/fix-038cb02fd44473a076b0270fb0ea413f/governance HTTP/1.1" 404 -
127.0.0.1 - - [07/Oct/2026 21:36:59] "POST /api/archloop/workspaces HTTP/1.1" 200 -
127.0.0.1 - - [07/Oct/2026 21:36:59] "POST /api/archloop/workspaces/ws_20261007213659_ed9e03/generate HTTP/1.1" 200 -
127.0.0.1 - - [07/Oct/2026 21:36:59] "POST /api/archloop/workspaces/ws_20261007213659_ed9e03/apply-candidate HTTP/1.1" 200 -
127.0.0.1 - - [07/Oct/2026 21:36:59] "GET /api/archloop/workspaces/ws_20261007213659_ed9e03/fix-task-hints HTTP/1.1" 403 -
127.0.0.1 - - [07/Oct/2026 21:36:59] "POST /api/archloop/workspaces/ws_20261007213659_ed9e03/apply-ops HTTP/1.1" 200 -
127.0.0.1 - - [07/Oct/2026 21:36:59] "POST /api/archloop/workspaces/ws_20261007213659_ed9e03/review-preview HTTP/1.1" 200 -
127.0.0.1 - - [07/Oct/2026 21:36:59] "POST /api/archloop/workspaces/ws_20261007213659_ed9e03/review-confirm HTTP/1.1" 200 -
127.0.0.1 - - [07/Oct/2026 21:36:59] "POST /api/archloop/workspaces/ws_20261007213659_ed9e03/publish HTTP/1.1" 200 -
127.0.0.1 - - [07/Oct/2026 21:36:59] "GET /api/archloop/workspaces/ws_20261007213659_ed9e03/fix-task-hints HTTP/1.1" 200 -
127.0.0.1 - - [07/Oct/2026 21:36:59] "POST /api/archloop/workspaces/ws_20261007213659_ed9e03/fix-tasks HTTP/1.1" 409 -
127.0.0.1 - - [07/Oct/2026 21:36:59] "GET /api/archloop/workspaces/ws_20261007213658_be274b HTTP/1.1" 200 -
127.0.0.1 - - [07/Oct/2026 21:36:59] "POST /api/archloop/workspaces/ws_20261007213658_be274b/apply-ops HTTP/1.1" 200 -
127.0.0.1 - - [07/Oct/2026 21:36:59] "GET /api/archloop/workspaces/ws_20261007213658_be274b/fix-task-hints HTTP/1.1" 409 -
ok
test_static_code_review_does_not_expand_into_expected_process_confirmation (test_public_governed_tasks.PublicGovernedTaskTests.test_static_code_review_does_not_expand_into_expected_process_confirmation) ... 127.0.0.1 - - [07/Oct/2026 21:36:59] "POST /api/archloop/workspaces HTTP/1.1" 200 -
127.0.0.1 - - [07/Oct/2026 21:36:59] "POST /api/archloop/workspaces/ws_20261007213659_d8af52/generate HTTP/1.1" 200 -
127.0.0.1 - - [07/Oct/2026 21:36:59] "POST /api/archloop/workspaces/ws_20261007213659_d8af52/apply-candidate HTTP/1.1" 200 -
127.0.0.1 - - [07/Oct/2026 21:36:59] "GET /api/archloop/workspaces/ws_20261007213659_d8af52/fix-task-hints HTTP/1.1" 403 -
127.0.0.1 - - [07/Oct/2026 21:36:59] "POST /api/archloop/workspaces/ws_20261007213659_d8af52/apply-ops HTTP/1.1" 200 -
127.0.0.1 - - [07/Oct/2026 21:36:59] "POST /api/archloop/workspaces/ws_20261007213659_d8af52/review-preview HTTP/1.1" 200 -
127.0.0.1 - - [07/Oct/2026 21:36:59] "POST /api/archloop/workspaces/ws_20261007213659_d8af52/review-confirm HTTP/1.1" 200 -
127.0.0.1 - - [07/Oct/2026 21:36:59] "POST /api/archloop/workspaces/ws_20261007213659_d8af52/publish HTTP/1.1" 200 -
127.0.0.1 - - [07/Oct/2026 21:36:59] "GET /api/archloop/workspaces/ws_20261007213659_d8af52/fix-task-hints HTTP/1.1" 200 -
127.0.0.1 - - [07/Oct/2026 21:36:59] "GET /api/archloop/workspaces/ws_20261007213659_d8af52/fix-task-hints HTTP/1.1" 200 -
ok
test_submit_requires_real_branch_and_no_configured_verifier_cannot_close (test_public_governed_tasks.PublicGovernedTaskTests.test_submit_requires_real_branch_and_no_configured_verifier_cannot_close) ... 127.0.0.1 - - [07/Oct/2026 21:36:59] "POST /api/archloop/workspaces HTTP/1.1" 200 -
127.0.0.1 - - [07/Oct/2026 21:36:59] "POST /api/archloop/workspaces/ws_20261007213659_3683e2/generate HTTP/1.1" 200 -
127.0.0.1 - - [07/Oct/2026 21:36:59] "POST /api/archloop/workspaces/ws_20261007213659_3683e2/apply-candidate HTTP/1.1" 200 -
127.0.0.1 - - [07/Oct/2026 21:36:59] "GET /api/archloop/workspaces/ws_20261007213659_3683e2/fix-task-hints HTTP/1.1" 403 -
127.0.0.1 - - [07/Oct/2026 21:36:59] "POST /api/archloop/workspaces/ws_20261007213659_3683e2/apply-ops HTTP/1.1" 200 -
127.0.0.1 - - [07/Oct/2026 21:36:59] "POST /api/archloop/workspaces/ws_20261007213659_3683e2/review-preview HTTP/1.1" 200 -
127.0.0.1 - - [07/Oct/2026 21:36:59] "POST /api/archloop/workspaces/ws_20261007213659_3683e2/review-confirm HTTP/1.1" 200 -
127.0.0.1 - - [07/Oct/2026 21:36:59] "POST /api/archloop/workspaces/ws_20261007213659_3683e2/publish HTTP/1.1" 200 -
127.0.0.1 - - [07/Oct/2026 21:36:59] "GET /api/archloop/workspaces/ws_20261007213659_3683e2/fix-task-hints HTTP/1.1" 200 -
127.0.0.1 - - [07/Oct/2026 21:36:59] "POST /api/archloop/workspaces/ws_20261007213659_3683e2/fix-tasks HTTP/1.1" 200 -
127.0.0.1 - - [07/Oct/2026 21:36:59] "POST /api/archloop/workspaces/ws_20261007213659_3683e2/fix-tasks/fix-44ccfc56d7ce22bb1d85da08e6307f61/governance HTTP/1.1" 200 -
127.0.0.1 - - [07/Oct/2026 21:36:59] "POST /api/archloop/workspaces/ws_20261007213659_3683e2/fix-tasks/fix-44ccfc56d7ce22bb1d85da08e6307f61/governance HTTP/1.1" 200 -
127.0.0.1 - - [07/Oct/2026 21:36:59] "POST /api/archloop/workspaces/ws_20261007213659_3683e2/fix-tasks/fix-44ccfc56d7ce22bb1d85da08e6307f61/governance HTTP/1.1" 200 -
127.0.0.1 - - [07/Oct/2026 21:36:59] "POST /api/archloop/workspaces/ws_20261007213659_3683e2/fix-tasks/fix-44ccfc56d7ce22bb1d85da08e6307f61/governance HTTP/1.1" 503 -
127.0.0.1 - - [07/Oct/2026 21:36:59] "POST /api/archloop/workspaces/ws_20261007213659_3683e2/fix-tasks/fix-44ccfc56d7ce22bb1d85da08e6307f61/governance HTTP/1.1" 403 -
127.0.0.1 - - [07/Oct/2026 21:36:59] "POST /api/archloop/workspaces/ws_20261007213659_3683e2/fix-tasks/fix-44ccfc56d7ce22bb1d85da08e6307f61 HTTP/1.1" 400 -
ok
test_another_process_cannot_serve_same_root_and_release_allows_restart (test_public_lease.ServingLeaseTests.test_another_process_cannot_serve_same_root_and_release_allows_restart) ... ok
test_capacity_rejected_before_new_write (test_public_work_records.SharedWorkRecordTests.test_capacity_rejected_before_new_write) ... 127.0.0.1 - - [07/Oct/2026 21:37:00] "POST /api/archloop/workspaces HTTP/1.1" 200 -
127.0.0.1 - - [07/Oct/2026 21:37:00] "POST /api/archloop/workspaces/ws_20261007213700_49e911/generate HTTP/1.1" 200 -
127.0.0.1 - - [07/Oct/2026 21:37:00] "POST /api/archloop/workspaces/ws_20261007213700_49e911/apply-candidate HTTP/1.1" 200 -
127.0.0.1 - - [07/Oct/2026 21:37:00] "POST /api/archloop/workspaces/ws_20261007213700_49e911/records HTTP/1.1" 503 -
ok
test_edit_cas_history_and_ai_never_formal_authority (test_public_work_records.SharedWorkRecordTests.test_edit_cas_history_and_ai_never_formal_authority) ... 127.0.0.1 - - [07/Oct/2026 21:37:00] "POST /api/archloop/workspaces HTTP/1.1" 200 -
127.0.0.1 - - [07/Oct/2026 21:37:00] "POST /api/archloop/workspaces/ws_20261007213700_d6dd0d/generate HTTP/1.1" 200 -
127.0.0.1 - - [07/Oct/2026 21:37:00] "POST /api/archloop/workspaces/ws_20261007213700_d6dd0d/apply-candidate HTTP/1.1" 200 -
127.0.0.1 - - [07/Oct/2026 21:37:00] "POST /api/archloop/workspaces/ws_20261007213700_d6dd0d/records HTTP/1.1" 200 -
127.0.0.1 - - [07/Oct/2026 21:37:00] "POST /api/archloop/workspaces/ws_20261007213700_d6dd0d/records HTTP/1.1" 200 -
127.0.0.1 - - [07/Oct/2026 21:37:00] "POST /api/archloop/workspaces/ws_20261007213700_d6dd0d/records HTTP/1.1" 409 -
127.0.0.1 - - [07/Oct/2026 21:37:00] "POST /api/archloop/workspaces/ws_20261007213700_d6dd0d/records HTTP/1.1" 409 -
127.0.0.1 - - [07/Oct/2026 21:37:00] "GET /api/archloop/workspaces/ws_20261007213700_d6dd0d/records/c0303d686d4f42fd82ef9750fc7c062d/history HTTP/1.1" 200 -
ok
test_foreign_workspace_stale_context_and_json_boundaries (test_public_work_records.SharedWorkRecordTests.test_foreign_workspace_stale_context_and_json_boundaries) ... 127.0.0.1 - - [07/Oct/2026 21:37:00] "POST /api/archloop/workspaces HTTP/1.1" 200 -
127.0.0.1 - - [07/Oct/2026 21:37:00] "POST /api/archloop/workspaces/ws_20261007213700_a31d2d/generate HTTP/1.1" 200 -
127.0.0.1 - - [07/Oct/2026 21:37:00] "POST /api/archloop/workspaces/ws_20261007213700_a31d2d/apply-candidate HTTP/1.1" 200 -
127.0.0.1 - - [07/Oct/2026 21:37:00] "POST /api/archloop/workspaces HTTP/1.1" 200 -
127.0.0.1 - - [07/Oct/2026 21:37:00] "POST /api/archloop/workspaces/ws_20261007213700_cc8dd7/generate HTTP/1.1" 200 -
127.0.0.1 - - [07/Oct/2026 21:37:00] "POST /api/archloop/workspaces/ws_20261007213700_cc8dd7/apply-candidate HTTP/1.1" 200 -
127.0.0.1 - - [07/Oct/2026 21:37:00] "POST /api/archloop/workspaces/ws_20261007213700_a31d2d/records HTTP/1.1" 200 -
127.0.0.1 - - [07/Oct/2026 21:37:00] "GET /api/archloop/workspaces/ws_20261007213700_cc8dd7/records/69f2caad3eb54f7fabfa817603d7f334/history HTTP/1.1" 404 -
127.0.0.1 - - [07/Oct/2026 21:37:00] "POST /api/archloop/workspaces/ws_20261007213700_cc8dd7/records HTTP/1.1" 404 -
127.0.0.1 - - [07/Oct/2026 21:37:00] "POST /api/archloop/workspaces/ws_20261007213700_a31d2d/records HTTP/1.1" 400 -
127.0.0.1 - - [07/Oct/2026 21:37:00] "POST /api/archloop/workspaces/ws_20261007213700_a31d2d/records HTTP/1.1" 400 -
127.0.0.1 - - [07/Oct/2026 21:37:00] "POST /api/archloop/workspaces/ws_20261007213700_a31d2d/records HTTP/1.1" 400 -
127.0.0.1 - - [07/Oct/2026 21:37:00] "POST /api/archloop/workspaces/ws_20261007213700_a31d2d/records HTTP/1.1" 400 -
127.0.0.1 - - [07/Oct/2026 21:37:00] "POST /api/archloop/workspaces/ws_20261007213700_a31d2d/records HTTP/1.1" 400 -
127.0.0.1 - - [07/Oct/2026 21:37:00] "POST /api/archloop/workspaces/ws_20261007213700_a31d2d/records HTTP/1.1" 400 -
127.0.0.1 - - [07/Oct/2026 21:37:00] "POST /api/archloop/workspaces/ws_20261007213700_a31d2d/records HTTP/1.1" 400 -
127.0.0.1 - - [07/Oct/2026 21:37:00] "POST /api/archloop/workspaces/ws_20261007213700_a31d2d/apply-ops HTTP/1.1" 200 -
127.0.0.1 - - [07/Oct/2026 21:37:00] "POST /api/archloop/workspaces/ws_20261007213700_a31d2d/records HTTP/1.1" 409 -
127.0.0.1 - - [07/Oct/2026 21:37:00] "GET /api/archloop/workspaces/ws_20261007213700_a31d2d/records HTTP/1.1" 200 -
ok
test_planning_no_code_sha_and_request_protection (test_public_work_records.SharedWorkRecordTests.test_planning_no_code_sha_and_request_protection) ... 127.0.0.1 - - [07/Oct/2026 21:37:00] "POST /api/archloop/workspaces HTTP/1.1" 200 -
127.0.0.1 - - [07/Oct/2026 21:37:00] "POST /api/archloop/workspaces/ws_20261007213700_182fb8/generate HTTP/1.1" 200 -
127.0.0.1 - - [07/Oct/2026 21:37:00] "POST /api/archloop/workspaces/ws_20261007213700_182fb8/apply-candidate HTTP/1.1" 200 -
127.0.0.1 - - [07/Oct/2026 21:37:00] "POST /api/archloop/workspaces/ws_20261007213700_182fb8/records HTTP/1.1" 200 -
ok
test_shared_fixed_context_persistence_and_private_store (test_public_work_records.SharedWorkRecordTests.test_shared_fixed_context_persistence_and_private_store) ... 127.0.0.1 - - [07/Oct/2026 21:37:00] "POST /api/archloop/workspaces HTTP/1.1" 200 -
127.0.0.1 - - [07/Oct/2026 21:37:00] "POST /api/archloop/workspaces/ws_20261007213700_1301ce/generate HTTP/1.1" 200 -
127.0.0.1 - - [07/Oct/2026 21:37:00] "POST /api/archloop/workspaces/ws_20261007213700_1301ce/apply-candidate HTTP/1.1" 200 -
127.0.0.1 - - [07/Oct/2026 21:37:00] "POST /api/archloop/workspaces/ws_20261007213700_1301ce/records HTTP/1.1" 200 -
127.0.0.1 - - [07/Oct/2026 21:37:00] "GET /api/archloop/workspaces/ws_20261007213700_1301ce/records HTTP/1.1" 200 -
127.0.0.1 - - [07/Oct/2026 21:37:00] "GET /api/archloop/records HTTP/1.1" 200 -
127.0.0.1 - - [07/Oct/2026 21:37:00] "GET /api/archloop/workspaces/ws_20261007213700_1301ce/records/export HTTP/1.1" 200 -
ok
test_real_history_end_to_end_deterministic_no_map_write (test_real_b_integration.RealBIntegrationTests.test_real_history_end_to_end_deterministic_no_map_write) ... skipped 'real B implementation not found: G:\\jiagou\\projectmind-integration-bd/extensions/code_facts/facts.py'
test_real_wanted_paths_removed_path_strictness (test_real_b_integration.RealBIntegrationTests.test_real_wanted_paths_removed_path_strictness) ... skipped 'real B implementation not found: G:\\jiagou\\projectmind-integration-bd/extensions/code_facts/facts.py'
test_s02_s13_real_collector_supplied_pipeline (test_real_b_integration.RealBIntegrationTests.test_s02_s13_real_collector_supplied_pipeline) ... skipped 'real B implementation not found: G:\\jiagou\\projectmind-integration-bd/extensions/code_facts/facts.py'
test_s06_real_base_delta_gives_responsibility_change (test_real_b_integration.RealBIntegrationTests.test_s06_real_base_delta_gives_responsibility_change) ... skipped 'real B implementation not found: G:\\jiagou\\projectmind-integration-bd/extensions/code_facts/facts.py'
test_s14_real_revision_mismatch_rejected_same_revision_safe (test_real_b_integration.RealBIntegrationTests.test_s14_real_revision_mismatch_rejected_same_revision_safe) ... skipped 'real B implementation not found: G:\\jiagou\\projectmind-integration-bd/extensions/code_facts/facts.py'
test_s15_real_collector_unavailable_and_exception (test_real_b_integration.RealBIntegrationTests.test_s15_real_collector_unavailable_and_exception) ... skipped 'real B implementation not found: G:\\jiagou\\projectmind-integration-bd/extensions/code_facts/facts.py'
test_p05b_t1_context_enrichment_labeled_relevant_only (test_real_ca_integration.RealCAIntegrationTests.test_p05b_t1_context_enrichment_labeled_relevant_only) ... skipped 'real CA implementation not found: G:\\jiagou\\projectmind-context-authority/extensions/context_authority/context_pack.py'
test_p05b_t2_field_level_support_labels (test_real_ca_integration.RealCAIntegrationTests.test_p05b_t2_field_level_support_labels) ... ok
test_p05b_t3_head_confirmed_against_pin (test_real_ca_integration.RealCAIntegrationTests.test_p05b_t3_head_confirmed_against_pin) ... skipped 'real CA implementation not found: G:\\jiagou\\projectmind-context-authority/extensions/context_authority/context_pack.py'
test_p05b_t3_head_contradiction_marks_pack_untrusted (test_real_ca_integration.RealCAIntegrationTests.test_p05b_t3_head_contradiction_marks_pack_untrusted) ... skipped 'real CA implementation not found: G:\\jiagou\\projectmind-context-authority/extensions/context_authority/context_pack.py'
test_real_pack_metadata_round_trip (test_real_ca_integration.RealCAIntegrationTests.test_real_pack_metadata_round_trip) ... skipped 'real CA implementation not found: G:\\jiagou\\projectmind-context-authority/extensions/context_authority/context_pack.py'
test_s19_s25_real_pack_conflict_routing_and_poison_non_attach (test_real_ca_integration.RealCAIntegrationTests.test_s19_s25_real_pack_conflict_routing_and_poison_non_attach) ... skipped 'real CA implementation not found: G:\\jiagou\\projectmind-context-authority/extensions/context_authority/context_pack.py'
test_s20_real_stale_partition_never_read (test_real_ca_integration.RealCAIntegrationTests.test_s20_real_stale_partition_never_read) ... skipped 'real CA implementation not found: G:\\jiagou\\projectmind-context-authority/extensions/context_authority/context_pack.py'
test_s21_real_multi_scope_both_in_selection_layer (test_real_ca_integration.RealCAIntegrationTests.test_s21_real_multi_scope_both_in_selection_layer) ... skipped 'real CA implementation not found: G:\\jiagou\\projectmind-context-authority/extensions/context_authority/context_pack.py'
test_s24_tampered_real_pack_rejected_whole_pack_discarded (test_real_ca_integration.RealCAIntegrationTests.test_s24_tampered_real_pack_rejected_whole_pack_discarded) ... skipped 'real CA implementation not found: G:\\jiagou\\projectmind-context-authority/extensions/context_authority/context_pack.py'
test_changes_between_full_shas (test_repo_explorer_changes.ChangesEndpointTests.test_changes_between_full_shas) ... 127.0.0.1 - - [07/Oct/2026 21:37:01] "POST /api/repo-explorer/open HTTP/1.1" 200 -
127.0.0.1 - - [07/Oct/2026 21:37:01] "GET /api/repo-explorer/changes?projectId=002be9c2c06644b7abbd53600829781f&base=36a154d3a85f6835951481e6f7c6d8877b4f6e7a&target=b168d8cb2444b64f407a9037dec5eda6852c96ec HTTP/1.1" 200 -
ok
test_identical_shas_yield_empty_changes (test_repo_explorer_changes.ChangesEndpointTests.test_identical_shas_yield_empty_changes) ... 127.0.0.1 - - [07/Oct/2026 21:37:01] "POST /api/repo-explorer/open HTTP/1.1" 200 -
127.0.0.1 - - [07/Oct/2026 21:37:01] "GET /api/repo-explorer/changes?projectId=6f56e6e4b8b94f4a8891af9325747bb3&base=b168d8cb2444b64f407a9037dec5eda6852c96ec&target=b168d8cb2444b64f407a9037dec5eda6852c96ec HTTP/1.1" 200 -
ok
test_missing_params_are_rejected (test_repo_explorer_changes.ChangesEndpointTests.test_missing_params_are_rejected) ... 127.0.0.1 - - [07/Oct/2026 21:37:02] "POST /api/repo-explorer/open HTTP/1.1" 200 -
127.0.0.1 - - [07/Oct/2026 21:37:02] "GET /api/repo-explorer/changes?projectId=fcc4d82bf8f648f0b6e7e4d279fb58f5&base=8aabe4b93fd930f47924da58275e4f4c45cbe28a HTTP/1.1" 400 -
ok
test_name_status_parser_preserves_non_utf8_identity (test_repo_explorer_changes.ChangesEndpointTests.test_name_status_parser_preserves_non_utf8_identity) ... 127.0.0.1 - - [07/Oct/2026 21:37:02] "POST /api/repo-explorer/open HTTP/1.1" 200 -
ok
test_non_full_sha_revisions_are_rejected (test_repo_explorer_changes.ChangesEndpointTests.test_non_full_sha_revisions_are_rejected) ... 127.0.0.1 - - [07/Oct/2026 21:37:03] "POST /api/repo-explorer/open HTTP/1.1" 200 -
127.0.0.1 - - [07/Oct/2026 21:37:03] "GET /api/repo-explorer/changes?projectId=c44f18145f9c439e9119afdafa24a80d&base=HEAD&target=9428620b8724b0091792e251c8571c3629fc368b HTTP/1.1" 400 -
127.0.0.1 - - [07/Oct/2026 21:37:03] "GET /api/repo-explorer/changes?projectId=c44f18145f9c439e9119afdafa24a80d&base=main&target=9428620b8724b0091792e251c8571c3629fc368b HTTP/1.1" 400 -
127.0.0.1 - - [07/Oct/2026 21:37:03] "GET /api/repo-explorer/changes?projectId=c44f18145f9c439e9119afdafa24a80d&base=5a4dbfb2&target=9428620b8724b0091792e251c8571c3629fc368b HTTP/1.1" 400 -
ok
test_unknown_full_sha_is_rejected (test_repo_explorer_changes.ChangesEndpointTests.test_unknown_full_sha_is_rejected) ... 127.0.0.1 - - [07/Oct/2026 21:37:03] "POST /api/repo-explorer/open HTTP/1.1" 200 -
127.0.0.1 - - [07/Oct/2026 21:37:03] "GET /api/repo-explorer/changes?projectId=fe4e567323c64d93b76eb368e06715f8&base=0000000000000000000000000000000000000000&target=9428620b8724b0091792e251c8571c3629fc368b HTTP/1.1" 400 -
ok
test_add_display_collision_keeps_two_distinct_entries (test_repo_explorer_changes_identity.ChangesIdentityFixtureTests.test_add_display_collision_keeps_two_distinct_entries) ... 127.0.0.1 - - [07/Oct/2026 21:37:04] "POST /api/repo-explorer/open HTTP/1.1" 200 -
127.0.0.1 - - [07/Oct/2026 21:37:04] "GET /api/repo-explorer/changes?projectId=f58175b36c35493db5241f3b027f2a00&base=b48f1babdfdba51318e006a817db51ad472a6949&target=cdab729c300911d7ce3a48a4f5c4ed45a4608ccb HTTP/1.1" 200 -
ok
test_delete_display_collision_keeps_two_distinct_entries (test_repo_explorer_changes_identity.ChangesIdentityFixtureTests.test_delete_display_collision_keeps_two_distinct_entries) ... 127.0.0.1 - - [07/Oct/2026 21:37:04] "POST /api/repo-explorer/open HTTP/1.1" 200 -
127.0.0.1 - - [07/Oct/2026 21:37:04] "GET /api/repo-explorer/changes?projectId=eddfe0022833407285d343bfda0f695a&base=b48f1babdfdba51318e006a817db51ad472a6949&target=cdab729c300911d7ce3a48a4f5c4ed45a4608ccb HTTP/1.1" 200 -
ok
test_machine_identity_is_not_openable_as_source_path (test_repo_explorer_changes_identity.ChangesIdentityFixtureTests.test_machine_identity_is_not_openable_as_source_path) ... 127.0.0.1 - - [07/Oct/2026 21:37:05] "POST /api/repo-explorer/open HTTP/1.1" 200 -
127.0.0.1 - - [07/Oct/2026 21:37:05] "GET /api/repo-explorer/changes?projectId=c4e669c601014099bb48c5210f5d0ed3&base=ce54fa2c4f725c5e718ebfe3c286657045de37ae&target=de9a6e091e4777c67f983155cedb6e020f4613e1 HTTP/1.1" 200 -
127.0.0.1 - - [07/Oct/2026 21:37:05] "GET /api/repo-explorer/file?projectId=c4e669c601014099bb48c5210f5d0ed3&revision=de9a6e091e4777c67f983155cedb6e020f4613e1&path=%00b64%3AYWRkLf8ucHk%3D&startLine=1&endLine=10 HTTP/1.1" 400 -
ok
test_modify_display_collision_keeps_two_distinct_entries (test_repo_explorer_changes_identity.ChangesIdentityFixtureTests.test_modify_display_collision_keeps_two_distinct_entries) ... 127.0.0.1 - - [07/Oct/2026 21:37:06] "POST /api/repo-explorer/open HTTP/1.1" 200 -
127.0.0.1 - - [07/Oct/2026 21:37:06] "GET /api/repo-explorer/changes?projectId=e7e1439579ac4afb85084ab290eb1b47&base=b1af840966b5cd0e3829bf5095ceed5df7f24dbf&target=cc2e363e4db0da6f790b96111531a178171fbb2e HTTP/1.1" 200 -
ok
test_plain_rename_fields_unchanged (test_repo_explorer_changes_identity.ChangesIdentityFixtureTests.test_plain_rename_fields_unchanged) ... 127.0.0.1 - - [07/Oct/2026 21:37:06] "POST /api/repo-explorer/open HTTP/1.1" 200 -
ok
test_rename_display_collision_keeps_old_and_new_identities (test_repo_explorer_changes_identity.ChangesIdentityFixtureTests.test_rename_display_collision_keeps_old_and_new_identities) ... 127.0.0.1 - - [07/Oct/2026 21:37:07] "POST /api/repo-explorer/open HTTP/1.1" 200 -
127.0.0.1 - - [07/Oct/2026 21:37:07] "GET /api/repo-explorer/changes?projectId=874deadadd6f4f2cbb93d1794302fe1d&base=a33cd10876b4229d286405de117f571596ce0af8&target=bd47f65d7afb1efa66210691c616fae29b7dda8a HTTP/1.1" 200 -
ok
test_ui_change_rows_keep_colliding_entries_distinct (test_repo_explorer_changes_identity.ChangesIdentityFixtureTests.test_ui_change_rows_keep_colliding_entries_distinct) ... 127.0.0.1 - - [07/Oct/2026 21:37:07] "POST /api/repo-explorer/open HTTP/1.1" 200 -
127.0.0.1 - - [07/Oct/2026 21:37:07] "GET /api/repo-explorer/changes?projectId=8d142fad7d9b43cdad739c980cef79dc&base=a33cd10876b4229d286405de117f571596ce0af8&target=bd47f65d7afb1efa66210691c616fae29b7dda8a HTTP/1.1" 200 -
ok
test_file_empty_file_has_zero_range (test_repo_explorer_file.FileEndpointTests.test_file_empty_file_has_zero_range) ... 127.0.0.1 - - [07/Oct/2026 21:37:08] "POST /api/repo-explorer/open HTTP/1.1" 200 -
127.0.0.1 - - [07/Oct/2026 21:37:08] "GET /api/repo-explorer/file?projectId=77de576438584120a42035743ca62999&revision=919dac558e06bf19d512e338413986d0687fffad&path=empty.py&startLine=1&endLine=200 HTTP/1.1" 200 -
ok
test_file_end_line_beyond_total_is_clipped (test_repo_explorer_file.FileEndpointTests.test_file_end_line_beyond_total_is_clipped) ... 127.0.0.1 - - [07/Oct/2026 21:37:08] "POST /api/repo-explorer/open HTTP/1.1" 200 -
127.0.0.1 - - [07/Oct/2026 21:37:08] "GET /api/repo-explorer/file?projectId=61dc55dbb7e2485c8dcb867fed1da29c&revision=919dac558e06bf19d512e338413986d0687fffad&path=multiline.py&startLine=9&endLine=99 HTTP/1.1" 200 -
ok
test_file_lines_follow_physical_newlines_not_unicode_breaks (test_repo_explorer_file.FileEndpointTests.test_file_lines_follow_physical_newlines_not_unicode_breaks) ... 127.0.0.1 - - [07/Oct/2026 21:37:09] "POST /api/repo-explorer/open HTTP/1.1" 200 -
127.0.0.1 - - [07/Oct/2026 21:37:09] "POST /api/repo-explorer/open HTTP/1.1" 200 -
127.0.0.1 - - [07/Oct/2026 21:37:09] "GET /api/repo-explorer/file?projectId=5962588fd8db465fb76fa18d0b52455e&revision=f2597ac0f99b49c1f4dd65688b330a3737042f09&path=u2028.py HTTP/1.1" 200 -
ok
test_file_missing_params_are_rejected (test_repo_explorer_file.FileEndpointTests.test_file_missing_params_are_rejected) ... 127.0.0.1 - - [07/Oct/2026 21:37:09] "POST /api/repo-explorer/open HTTP/1.1" 200 -
127.0.0.1 - - [07/Oct/2026 21:37:09] "GET /api/repo-explorer/file?projectId=999938cf78514f8e9e593ecea3f66884&revision=48dd7894d8b495f0b05538b1f8d19eadda1b0222 HTTP/1.1" 400 -
ok
test_file_rejects_paths_outside_the_revision (test_repo_explorer_file.FileEndpointTests.test_file_rejects_paths_outside_the_revision) ... 127.0.0.1 - - [07/Oct/2026 21:37:10] "POST /api/repo-explorer/open HTTP/1.1" 200 -
127.0.0.1 - - [07/Oct/2026 21:37:10] "GET /api/repo-explorer/file?projectId=2367571a532f40249c767d8eddac3106&revision=9b3a419cc7be08fcf273f30cefc558bfb4a7ca1c&path=/etc/passwd HTTP/1.1" 400 -
127.0.0.1 - - [07/Oct/2026 21:37:10] "GET /api/repo-explorer/file?projectId=2367571a532f40249c767d8eddac3106&revision=9b3a419cc7be08fcf273f30cefc558bfb4a7ca1c&path=C:/windows HTTP/1.1" 400 -
127.0.0.1 - - [07/Oct/2026 21:37:10] "GET /api/repo-explorer/file?projectId=2367571a532f40249c767d8eddac3106&revision=9b3a419cc7be08fcf273f30cefc558bfb4a7ca1c&path=..%2Fsecret HTTP/1.1" 400 -
127.0.0.1 - - [07/Oct/2026 21:37:10] "GET /api/repo-explorer/file?projectId=2367571a532f40249c767d8eddac3106&revision=9b3a419cc7be08fcf273f30cefc558bfb4a7ca1c&path=a/../b HTTP/1.1" 400 -
127.0.0.1 - - [07/Oct/2026 21:37:10] "GET /api/repo-explorer/file?projectId=2367571a532f40249c767d8eddac3106&revision=9b3a419cc7be08fcf273f30cefc558bfb4a7ca1c&path=nested\\note.txt HTTP/1.1" 400 -
ok
test_file_rejects_unknown_paths (test_repo_explorer_file.FileEndpointTests.test_file_rejects_unknown_paths) ... 127.0.0.1 - - [07/Oct/2026 21:37:10] "POST /api/repo-explorer/open HTTP/1.1" 200 -
127.0.0.1 - - [07/Oct/2026 21:37:10] "GET /api/repo-explorer/file?projectId=84d9871d08ff4b03a605276c74869eee&revision=9b3a419cc7be08fcf273f30cefc558bfb4a7ca1c&path=nope.py HTTP/1.1" 404 -
ok
test_file_returns_committed_content_with_default_range (test_repo_explorer_file.FileEndpointTests.test_file_returns_committed_content_with_default_range) ... 127.0.0.1 - - [07/Oct/2026 21:37:11] "POST /api/repo-explorer/open HTTP/1.1" 200 -
127.0.0.1 - - [07/Oct/2026 21:37:11] "GET /api/repo-explorer/file?projectId=d5832995f4244f1584d6f47b4be62e5f&revision=c7161f034cf3fa2226c634c9f49e395f73f86765&path=multiline.py HTTP/1.1" 200 -
ok
test_file_skipped_content_is_named_not_silent (test_repo_explorer_file.FileEndpointTests.test_file_skipped_content_is_named_not_silent) ... 127.0.0.1 - - [07/Oct/2026 21:37:11] "POST /api/repo-explorer/open HTTP/1.1" 200 -
127.0.0.1 - - [07/Oct/2026 21:37:11] "GET /api/repo-explorer/file?projectId=0482828bc7fb4de4a967441f5f79e9ba&revision=c7161f034cf3fa2226c634c9f49e395f73f86765&path=data.bin HTTP/1.1" 403 -
ok
test_file_slices_requested_lines (test_repo_explorer_file.FileEndpointTests.test_file_slices_requested_lines) ... 127.0.0.1 - - [07/Oct/2026 21:37:12] "POST /api/repo-explorer/open HTTP/1.1" 200 -
127.0.0.1 - - [07/Oct/2026 21:37:12] "GET /api/repo-explorer/file?projectId=f4dbfa9ba2bc4b92807540d64ae79583&revision=d25e0ab4da08f381987404fde32339360f7312ae&path=multiline.py&startLine=2&endLine=3 HTTP/1.1" 200 -
ok
test_file_start_line_beyond_total_is_rejected (test_repo_explorer_file.FileEndpointTests.test_file_start_line_beyond_total_is_rejected) ... 127.0.0.1 - - [07/Oct/2026 21:37:13] "POST /api/repo-explorer/open HTTP/1.1" 200 -
127.0.0.1 - - [07/Oct/2026 21:37:13] "GET /api/repo-explorer/file?projectId=d2a42ac9846f4bc081f4b7a595f4bbcf&revision=b6aceae1e45cb5788510b5fc9e1410bf5ceaa30f&path=multiline.py&startLine=11&endLine=20 HTTP/1.1" 400 -
ok
test_file_truncated_is_true_while_any_line_is_unreturned (test_repo_explorer_file.FileEndpointTests.test_file_truncated_is_true_while_any_line_is_unreturned) ... 127.0.0.1 - - [07/Oct/2026 21:37:13] "POST /api/repo-explorer/open HTTP/1.1" 200 -
127.0.0.1 - - [07/Oct/2026 21:37:13] "GET /api/repo-explorer/file?projectId=a65c364fdf7f4803a3b3e6aed05eacb9&revision=b6aceae1e45cb5788510b5fc9e1410bf5ceaa30f&path=multiline.py&startLine=5&endLine=6 HTTP/1.1" 200 -
ok
test_file_window_over_500_lines_is_rejected (test_repo_explorer_file.FileEndpointTests.test_file_window_over_500_lines_is_rejected) ... 127.0.0.1 - - [07/Oct/2026 21:37:14] "POST /api/repo-explorer/open HTTP/1.1" 200 -
127.0.0.1 - - [07/Oct/2026 21:37:14] "GET /api/repo-explorer/file?projectId=e98320be85c64f20a98635ea51be6338&revision=e9f265bee58956ae08492c223a2e990a6063045c&path=multiline.py&startLine=1&endLine=501 HTTP/1.1" 400 -
ok
test_cat_file_failure_inconclusive_probe_maps_to_repo_unreadable (test_repo_explorer_final_audit.FinalAuditRegressionTests.test_cat_file_failure_inconclusive_probe_maps_to_repo_unreadable) ... 127.0.0.1 - - [07/Oct/2026 21:37:14] "POST /api/repo-explorer/open HTTP/1.1" 200 -
127.0.0.1 - - [07/Oct/2026 21:37:14] "GET /api/repo-explorer/symbols?projectId=846193d5347040ca905ac09f5c0d2a97&revision=a17310257e5f5ee19730185386aa5c4e83bd6146&path=alpha.py HTTP/1.1" 500 -
ok
test_cat_file_failure_with_repo_unreadable_probe_maps_to_repo_unreadable (test_repo_explorer_final_audit.FinalAuditRegressionTests.test_cat_file_failure_with_repo_unreadable_probe_maps_to_repo_unreadable) ... 127.0.0.1 - - [07/Oct/2026 21:37:15] "POST /api/repo-explorer/open HTTP/1.1" 200 -
127.0.0.1 - - [07/Oct/2026 21:37:15] "GET /api/repo-explorer/symbols?projectId=12733f10d9284c899327159985ceb6bb&revision=874a72bcdcfd2c13eeda7f12d96bac58b1d9c9dc&path=alpha.py HTTP/1.1" 500 -
ok
test_cat_file_probe_confirmed_missing_maps_to_object_missing (test_repo_explorer_final_audit.FinalAuditRegressionTests.test_cat_file_probe_confirmed_missing_maps_to_object_missing) ... 127.0.0.1 - - [07/Oct/2026 21:37:15] "POST /api/repo-explorer/open HTTP/1.1" 200 -
127.0.0.1 - - [07/Oct/2026 21:37:15] "GET /api/repo-explorer/symbols?projectId=2bd1d33df3a141598a074bcb68ec4bfd&revision=874a72bcdcfd2c13eeda7f12d96bac58b1d9c9dc&path=alpha.py HTTP/1.1" 500 -
ok
test_colliding_directories_stay_distinct_with_their_own_children (test_repo_explorer_final_audit.FinalAuditRegressionTests.test_colliding_directories_stay_distinct_with_their_own_children) ... 127.0.0.1 - - [07/Oct/2026 21:37:16] "POST /api/repo-explorer/open HTTP/1.1" 200 -
127.0.0.1 - - [07/Oct/2026 21:37:16] "GET /api/repo-explorer/tree?projectId=2f08996ed06e4d23bac4fc37aae1e464&revision=20e2ded3ba0d2f367c670ec5aa947ed2f5997cf9 HTTP/1.1" 200 -
ok
test_distinct_non_utf8_paths_keep_distinct_identities (test_repo_explorer_final_audit.FinalAuditRegressionTests.test_distinct_non_utf8_paths_keep_distinct_identities) ... 127.0.0.1 - - [07/Oct/2026 21:37:16] "POST /api/repo-explorer/open HTTP/1.1" 200 -
127.0.0.1 - - [07/Oct/2026 21:37:16] "GET /api/repo-explorer/tree?projectId=ea42b6aa5725497787e900edd2ca2753&revision=20e2ded3ba0d2f367c670ec5aa947ed2f5997cf9 HTTP/1.1" 200 -
ok
test_empty_file_does_not_bypass_range_validation (test_repo_explorer_final_audit.FinalAuditRegressionTests.test_empty_file_does_not_bypass_range_validation) ... 127.0.0.1 - - [07/Oct/2026 21:37:17] "POST /api/repo-explorer/open HTTP/1.1" 200 -
127.0.0.1 - - [07/Oct/2026 21:37:17] "GET /api/repo-explorer/file?projectId=44cb9efdb70542d7808a9c977a3ce4cf&revision=af6c1d122f909abee343a647031ef03dea6fe4a7&path=empty.py&startLine=0&endLine=200 HTTP/1.1" 400 -
127.0.0.1 - - [07/Oct/2026 21:37:17] "GET /api/repo-explorer/file?projectId=44cb9efdb70542d7808a9c977a3ce4cf&revision=af6c1d122f909abee343a647031ef03dea6fe4a7&path=empty.py&startLine=-1&endLine=5 HTTP/1.1" 400 -
127.0.0.1 - - [07/Oct/2026 21:37:17] "GET /api/repo-explorer/file?projectId=44cb9efdb70542d7808a9c977a3ce4cf&revision=af6c1d122f909abee343a647031ef03dea6fe4a7&path=empty.py&startLine=5&endLine=2 HTTP/1.1" 400 -
127.0.0.1 - - [07/Oct/2026 21:37:17] "GET /api/repo-explorer/file?projectId=44cb9efdb70542d7808a9c977a3ce4cf&revision=af6c1d122f909abee343a647031ef03dea6fe4a7&path=empty.py&startLine=1&endLine=502 HTTP/1.1" 400 -
ok
test_empty_file_still_answers_zero_range_for_legal_params (test_repo_explorer_final_audit.FinalAuditRegressionTests.test_empty_file_still_answers_zero_range_for_legal_params) ... 127.0.0.1 - - [07/Oct/2026 21:37:17] "POST /api/repo-explorer/open HTTP/1.1" 200 -
127.0.0.1 - - [07/Oct/2026 21:37:17] "GET /api/repo-explorer/file?projectId=b0ca5febe5b9471c9cac66aa37ed7c83&revision=af6c1d122f909abee343a647031ef03dea6fe4a7&path=empty.py&startLine=1&endLine=200 HTTP/1.1" 200 -
ok
test_f5_classification_is_kind_based_not_text_based (test_repo_explorer_final_audit.FinalAuditRegressionTests.test_f5_classification_is_kind_based_not_text_based) ... 127.0.0.1 - - [07/Oct/2026 21:37:18] "POST /api/repo-explorer/open HTTP/1.1" 200 -
ok
test_forged_b64_dir_name_cannot_collide_with_undecodable_identity (test_repo_explorer_final_audit.FinalAuditRegressionTests.test_forged_b64_dir_name_cannot_collide_with_undecodable_identity) ... 127.0.0.1 - - [07/Oct/2026 21:37:19] "POST /api/repo-explorer/open HTTP/1.1" 200 -
127.0.0.1 - - [07/Oct/2026 21:37:19] "GET /api/repo-explorer/tree?projectId=c84f12cfa7374a8fb5d27d65a8ab5060&revision=534a22143e3a634f6afc9592c89f78394b97e713 HTTP/1.1" 200 -
ok
test_object_missing_maps_to_object_missing_not_repo_unreadable (test_repo_explorer_final_audit.FinalAuditRegressionTests.test_object_missing_maps_to_object_missing_not_repo_unreadable) ... 127.0.0.1 - - [07/Oct/2026 21:37:19] "POST /api/repo-explorer/open HTTP/1.1" 200 -
127.0.0.1 - - [07/Oct/2026 21:37:19] "GET /api/repo-explorer/symbols?projectId=173e176c575f474d941d868d5f80cee4&revision=534a22143e3a634f6afc9592c89f78394b97e713&path=alpha.py HTTP/1.1" 500 -
ok
test_object_missing_probe_tristate_never_lies (test_repo_explorer_final_audit.FinalAuditRegressionTests.test_object_missing_probe_tristate_never_lies) ... 127.0.0.1 - - [07/Oct/2026 21:37:20] "POST /api/repo-explorer/open HTTP/1.1" 200 -
ok
test_one_real_directory_is_not_split_by_child_decodability (test_repo_explorer_final_audit.FinalAuditRegressionTests.test_one_real_directory_is_not_split_by_child_decodability) ... 127.0.0.1 - - [07/Oct/2026 21:37:20] "POST /api/repo-explorer/open HTTP/1.1" 200 -
127.0.0.1 - - [07/Oct/2026 21:37:20] "GET /api/repo-explorer/tree?projectId=61f43e3435544c85a1f51028457aabc4&revision=f12f10b4f663da81218ffcaa713a3ddf28722bd1 HTTP/1.1" 200 -
ok
test_open_coverage_reports_identities_too (test_repo_explorer_final_audit.FinalAuditRegressionTests.test_open_coverage_reports_identities_too) ... 127.0.0.1 - - [07/Oct/2026 21:37:21] "POST /api/repo-explorer/open HTTP/1.1" 200 -
127.0.0.1 - - [07/Oct/2026 21:37:21] "POST /api/repo-explorer/open HTTP/1.1" 200 -
ok
test_probe_uses_original_object_configuration (test_repo_explorer_final_audit.FinalAuditRegressionTests.test_probe_uses_original_object_configuration) ... 127.0.0.1 - - [07/Oct/2026 21:37:21] "POST /api/repo-explorer/open HTTP/1.1" 200 -
ok
test_tree_builder_links_children_that_sort_before_parents (test_repo_explorer_final_audit.FinalAuditRegressionTests.test_tree_builder_links_children_that_sort_before_parents) ... 127.0.0.1 - - [07/Oct/2026 21:37:22] "POST /api/repo-explorer/open HTTP/1.1" 200 -
ok
test_undecodable_display_text_does_not_collide_with_legal_name (test_repo_explorer_final_audit.FinalAuditRegressionTests.test_undecodable_display_text_does_not_collide_with_legal_name) ... 127.0.0.1 - - [07/Oct/2026 21:37:23] "POST /api/repo-explorer/open HTTP/1.1" 200 -
127.0.0.1 - - [07/Oct/2026 21:37:23] "GET /api/repo-explorer/tree?projectId=3f0d60191b22487a9418251303530323&revision=a39a0b8a09bbcf0c822ae760a03f357b44906abf HTTP/1.1" 200 -
ok
test_relations_match_the_oracle (test_repo_explorer_fixture_oracle.FixtureOracleTests.test_relations_match_the_oracle) ... 127.0.0.1 - - [07/Oct/2026 21:37:23] "POST /api/repo-explorer/open HTTP/1.1" 200 -
127.0.0.1 - - [07/Oct/2026 21:37:23] "GET /api/repo-explorer/relations?path=pkg%2Fservice.py&projectId=76f6b9af89a84eeba9ae7c87ca4dcedb&revision=cbb97e25faa459c32e17e567a899d4761d3d0102 HTTP/1.1" 200 -
ok
test_symbols_match_the_oracle (test_repo_explorer_fixture_oracle.FixtureOracleTests.test_symbols_match_the_oracle) ... 127.0.0.1 - - [07/Oct/2026 21:37:24] "POST /api/repo-explorer/open HTTP/1.1" 200 -
127.0.0.1 - - [07/Oct/2026 21:37:24] "GET /api/repo-explorer/symbols?path=pkg%2Fservice.py&projectId=1e736f39bd5b418ea80f114dd0d74379&revision=cbb97e25faa459c32e17e567a899d4761d3d0102 HTTP/1.1" 200 -
ok
test_target_revision_reverse_relation_matches_the_oracle (test_repo_explorer_fixture_oracle.FixtureOracleTests.test_target_revision_reverse_relation_matches_the_oracle) ... 127.0.0.1 - - [07/Oct/2026 21:37:24] "POST /api/repo-explorer/open HTTP/1.1" 200 -
127.0.0.1 - - [07/Oct/2026 21:37:24] "POST /api/repo-explorer/open HTTP/1.1" 200 -
127.0.0.1 - - [07/Oct/2026 21:37:24] "GET /api/repo-explorer/relations?projectId=7d5d8d747363429ca68dbe2357c8e1d2&revision=fbbe597de0788e735b985c9627f4fed0127abd22&path=pkg%2Futils.py HTTP/1.1" 200 -
ok
test_boundary_applies_to_read_endpoints (test_repo_explorer_http_boundary.HttpBoundaryTests.test_boundary_applies_to_read_endpoints) ... 127.0.0.1 - - [07/Oct/2026 21:37:25] "POST /api/repo-explorer/open HTTP/1.1" 200 -
127.0.0.1 - - [07/Oct/2026 21:37:25] "GET /api/repo-explorer/tree?projectId=2d0843deb1184c1fb8b708b7ed405234&revision=a6c0efbaeb97b2dc1a49e375080a50739db556d0 HTTP/1.1" 403 -
127.0.0.1 - - [07/Oct/2026 21:37:25] "GET /api/repo-explorer/file?projectId=2d0843deb1184c1fb8b708b7ed405234&revision=a6c0efbaeb97b2dc1a49e375080a50739db556d0&path=x.py HTTP/1.1" 403 -
ok
test_foreign_host_is_rejected (test_repo_explorer_http_boundary.HttpBoundaryTests.test_foreign_host_is_rejected) ... 127.0.0.1 - - [07/Oct/2026 21:37:25] "POST /api/repo-explorer/open HTTP/1.1" 403 -
ok
test_foreign_origin_is_rejected (test_repo_explorer_http_boundary.HttpBoundaryTests.test_foreign_origin_is_rejected) ... 127.0.0.1 - - [07/Oct/2026 21:37:26] "POST /api/repo-explorer/open HTTP/1.1" 403 -
ok
test_null_origin_is_rejected (test_repo_explorer_http_boundary.HttpBoundaryTests.test_null_origin_is_rejected) ... 127.0.0.1 - - [07/Oct/2026 21:37:27] "POST /api/repo-explorer/open HTTP/1.1" 403 -
ok
test_open_with_default_host_and_no_origin_is_allowed (test_repo_explorer_http_boundary.HttpBoundaryTests.test_open_with_default_host_and_no_origin_is_allowed) ... 127.0.0.1 - - [07/Oct/2026 21:37:27] "POST /api/repo-explorer/open HTTP/1.1" 200 -
ok
test_same_service_origin_is_allowed (test_repo_explorer_http_boundary.HttpBoundaryTests.test_same_service_origin_is_allowed) ... 127.0.0.1 - - [07/Oct/2026 21:37:28] "POST /api/repo-explorer/open HTTP/1.1" 200 -
ok
test_open_accepts_full_sha_and_is_idempotent (test_repo_explorer_open.OpenEndpointTests.test_open_accepts_full_sha_and_is_idempotent) ... 127.0.0.1 - - [07/Oct/2026 21:37:28] "POST /api/repo-explorer/open HTTP/1.1" 200 -
127.0.0.1 - - [07/Oct/2026 21:37:28] "POST /api/repo-explorer/open HTTP/1.1" 200 -
ok
test_open_counts_and_skips_per_budget (test_repo_explorer_open.OpenEndpointTests.test_open_counts_and_skips_per_budget) ... 127.0.0.1 - - [07/Oct/2026 21:37:29] "POST /api/repo-explorer/open HTTP/1.1" 200 -
ok
test_open_default_head_binds_full_sha (test_repo_explorer_open.OpenEndpointTests.test_open_default_head_binds_full_sha) ... 127.0.0.1 - - [07/Oct/2026 21:37:29] "POST /api/repo-explorer/open HTTP/1.1" 200 -
ok
test_open_rejects_empty_and_relative_repo_paths (test_repo_explorer_open.OpenEndpointTests.test_open_rejects_empty_and_relative_repo_paths) ... 127.0.0.1 - - [07/Oct/2026 21:37:30] "POST /api/repo-explorer/open HTTP/1.1" 400 -
127.0.0.1 - - [07/Oct/2026 21:37:30] "POST /api/repo-explorer/open HTTP/1.1" 400 -
127.0.0.1 - - [07/Oct/2026 21:37:30] "POST /api/repo-explorer/open HTTP/1.1" 400 -
ok
test_open_rejects_missing_directory (test_repo_explorer_open.OpenEndpointTests.test_open_rejects_missing_directory) ... 127.0.0.1 - - [07/Oct/2026 21:37:30] "POST /api/repo-explorer/open HTTP/1.1" 400 -
ok
test_open_rejects_non_commit_revisions (test_repo_explorer_open.OpenEndpointTests.test_open_rejects_non_commit_revisions) ... 127.0.0.1 - - [07/Oct/2026 21:37:31] "POST /api/repo-explorer/open HTTP/1.1" 400 -
127.0.0.1 - - [07/Oct/2026 21:37:31] "POST /api/repo-explorer/open HTTP/1.1" 400 -
127.0.0.1 - - [07/Oct/2026 21:37:31] "POST /api/repo-explorer/open HTTP/1.1" 400 -
ok
test_open_reports_encoding_declaration_failures_as_skips (test_repo_explorer_open.OpenEndpointTests.test_open_reports_encoding_declaration_failures_as_skips) ... 127.0.0.1 - - [07/Oct/2026 21:37:31] "POST /api/repo-explorer/open HTTP/1.1" 200 -
ok
test_open_survives_gitlink_entries (test_repo_explorer_open.OpenEndpointTests.test_open_survives_gitlink_entries) ... 127.0.0.1 - - [07/Oct/2026 21:37:32] "POST /api/repo-explorer/open HTTP/1.1" 200 -
ok
test_open_untracked_files_are_not_counted (test_repo_explorer_open.OpenEndpointTests.test_open_untracked_files_are_not_counted) ... 127.0.0.1 - - [07/Oct/2026 21:37:32] "POST /api/repo-explorer/open HTTP/1.1" 200 -
ok
test_post_body_over_size_cap_answers_413_not_timeout (test_repo_explorer_open.OpenEndpointTests.test_post_body_over_size_cap_answers_413_not_timeout) ... 127.0.0.1 - - [07/Oct/2026 21:37:33] "POST /api/repo-explorer/open HTTP/1.1" 413 -
ok
test_post_body_shorter_than_declared_is_never_dispatched (test_repo_explorer_open.OpenEndpointTests.test_post_body_shorter_than_declared_is_never_dispatched) ... 127.0.0.1 - - [07/Oct/2026 21:37:33] "POST /api/repo-explorer/open HTTP/1.1" 408 -
ok
test_tracked_file_count_excludes_symlinks_gitlinks_and_undecodable_names (test_repo_explorer_open.OpenEndpointTests.test_tracked_file_count_excludes_symlinks_gitlinks_and_undecodable_names) ... 127.0.0.1 - - [07/Oct/2026 21:37:34] "POST /api/repo-explorer/open HTTP/1.1" 200 -
ok
test_a_complete_deployment_has_both_parsers (test_repo_explorer_parser_absent.ParserGuardTests.test_a_complete_deployment_has_both_parsers) ... ok
test_a_failure_inside_an_installed_parser_is_not_reported_as_absent (test_repo_explorer_parser_absent.ParserGuardTests.test_a_failure_inside_an_installed_parser_is_not_reported_as_absent) ... ok
test_both_parsers_missing (test_repo_explorer_parser_absent.ParserGuardTests.test_both_parsers_missing) ... ok
test_missing_imports_parser_does_not_disable_symbols (test_repo_explorer_parser_absent.ParserGuardTests.test_missing_imports_parser_does_not_disable_symbols) ... ok
test_missing_symbols_parser_does_not_disable_imports (test_repo_explorer_parser_absent.ParserGuardTests.test_missing_symbols_parser_does_not_disable_imports) ... ok
test_access_refreshes_recency_true_lru (test_repo_explorer_registry.RegistryLruTests.test_access_refreshes_recency_true_lru) ... ok
test_in_flight_context_survives_eviction (test_repo_explorer_registry.RegistryLruTests.test_in_flight_context_survives_eviction) ... ok
test_open_beyond_capacity_evicts_oldest (test_repo_explorer_registry.RegistryLruTests.test_open_beyond_capacity_evicts_oldest) ... ok
test_reopening_evicted_context_issues_fresh_identity (test_repo_explorer_registry.RegistryLruTests.test_reopening_evicted_context_issues_fresh_identity) ... ok
test_revision_mismatch_is_rejected (test_repo_explorer_registry.RegistryLruTests.test_revision_mismatch_is_rejected) ... ok
test_second_newest_stays_within_capacity (test_repo_explorer_registry.RegistryLruTests.test_second_newest_stays_within_capacity) ... ok
test_example_one_dot_import_matches_the_package_helper (test_repo_explorer_relations.AcceptedSrcLayoutExamplesTests.test_example_one_dot_import_matches_the_package_helper) ... 127.0.0.1 - - [07/Oct/2026 21:37:35] "POST /api/repo-explorer/open HTTP/1.1" 200 -
127.0.0.1 - - [07/Oct/2026 21:37:35] "GET /api/repo-explorer/relations?projectId=8c19690c383c4c62ae0cf82c844ae378&revision=8334eb98670726a31ea26ec5127f787f438653d2&path=src/pkg/mod.py HTTP/1.1" 200 -
ok
test_example_three_beyond_the_top_level_package_never_matches (test_repo_explorer_relations.AcceptedSrcLayoutExamplesTests.test_example_three_beyond_the_top_level_package_never_matches) ... 127.0.0.1 - - [07/Oct/2026 21:37:36] "POST /api/repo-explorer/open HTTP/1.1" 200 -
127.0.0.1 - - [07/Oct/2026 21:37:36] "GET /api/repo-explorer/relations?projectId=5a178596808f440bbad7c65fcb19c3db&revision=2b9b7220f932a74bde58dc10adbbf0748a9a964e&path=src/pkg/mod.py HTTP/1.1" 200 -
ok
test_example_two_double_dot_import_matches_the_parent_package_helper (test_repo_explorer_relations.AcceptedSrcLayoutExamplesTests.test_example_two_double_dot_import_matches_the_parent_package_helper) ... 127.0.0.1 - - [07/Oct/2026 21:37:36] "POST /api/repo-explorer/open HTTP/1.1" 200 -
127.0.0.1 - - [07/Oct/2026 21:37:36] "GET /api/repo-explorer/relations?projectId=80a2d9b642e94a5598db03a2f69483ea&revision=2b9b7220f932a74bde58dc10adbbf0748a9a964e&path=src/pkg/sub/mod.py HTTP/1.1" 200 -
ok
test_a_nameless_directory_does_not_mask_a_real_module (test_repo_explorer_relations.RelationsEndpointTests.test_a_nameless_directory_does_not_mask_a_real_module) ... 127.0.0.1 - - [07/Oct/2026 21:37:37] "POST /api/repo-explorer/open HTTP/1.1" 200 -
127.0.0.1 - - [07/Oct/2026 21:37:37] "GET /api/repo-explorer/relations?projectId=1302b88aca794f7789072caa867a0b84&revision=c0551f053b34a9ce28a7b68527b69a5c7b72f46f&path=nsmod.py HTTP/1.1" 200 -
127.0.0.1 - - [07/Oct/2026 21:37:37] "GET /api/repo-explorer/relations?projectId=1302b88aca794f7789072caa867a0b84&revision=c0551f053b34a9ce28a7b68527b69a5c7b72f46f&path=helper.py HTTP/1.1" 200 -
ok
test_absolute_import_also_searches_the_files_own_search_root (test_repo_explorer_relations.RelationsEndpointTests.test_absolute_import_also_searches_the_files_own_search_root) ... 127.0.0.1 - - [07/Oct/2026 21:37:38] "POST /api/repo-explorer/open HTTP/1.1" 200 -
127.0.0.1 - - [07/Oct/2026 21:37:38] "GET /api/repo-explorer/relations?projectId=d0d0baabcecb4b7d9278da562a16ffa9&revision=c0551f053b34a9ce28a7b68527b69a5c7b72f46f&path=src/core/mod.py HTTP/1.1" 200 -
ok
test_absolute_import_uses_the_search_root_of_a_context_free_file (test_repo_explorer_relations.RelationsEndpointTests.test_absolute_import_uses_the_search_root_of_a_context_free_file) ... 127.0.0.1 - - [07/Oct/2026 21:37:38] "POST /api/repo-explorer/open HTTP/1.1" 200 -
127.0.0.1 - - [07/Oct/2026 21:37:38] "GET /api/repo-explorer/relations?projectId=b9c4d135b4a749fc9d4de5c924f8f2f0&revision=283fe68d338dc074ab3972bbf616b21f9925a89f&path=src/consumer.py HTTP/1.1" 200 -
ok
test_ambiguous_target_is_not_a_confirmed_dependent (test_repo_explorer_relations.RelationsEndpointTests.test_ambiguous_target_is_not_a_confirmed_dependent) ... 127.0.0.1 - - [07/Oct/2026 21:37:39] "POST /api/repo-explorer/open HTTP/1.1" 200 -
127.0.0.1 - - [07/Oct/2026 21:37:39] "GET /api/repo-explorer/relations?projectId=b3d11ff4b9484af294779849c4b5e357&revision=1d05a72483b4fa5dd25438b01e932eb18f3760eb&path=pkg/thing.py HTTP/1.1" 200 -
127.0.0.1 - - [07/Oct/2026 21:37:39] "GET /api/repo-explorer/relations?projectId=b3d11ff4b9484af294779849c4b5e357&revision=1d05a72483b4fa5dd25438b01e932eb18f3760eb&path=pkg/thing/__init__.py HTTP/1.1" 200 -
ok
test_capabilities_follow_the_actual_parser_availability (test_repo_explorer_relations.RelationsEndpointTests.test_capabilities_follow_the_actual_parser_availability) ... 127.0.0.1 - - [07/Oct/2026 21:37:39] "POST /api/repo-explorer/open HTTP/1.1" 200 -
127.0.0.1 - - [07/Oct/2026 21:37:39] "POST /api/repo-explorer/open HTTP/1.1" 200 -
ok
test_capabilities_now_report_imports_available (test_repo_explorer_relations.RelationsEndpointTests.test_capabilities_now_report_imports_available) ... 127.0.0.1 - - [07/Oct/2026 21:37:40] "POST /api/repo-explorer/open HTTP/1.1" 200 -
ok
test_dependents_only_count_resolved_records (test_repo_explorer_relations.RelationsEndpointTests.test_dependents_only_count_resolved_records) ... 127.0.0.1 - - [07/Oct/2026 21:37:40] "POST /api/repo-explorer/open HTTP/1.1" 200 -
127.0.0.1 - - [07/Oct/2026 21:37:40] "GET /api/repo-explorer/relations?projectId=a355779db51341dca52351d0b24ab633&revision=2e3f5ac2b0fbf57fd66e39f0fceda0fa40f00803&path=pkg/helper.py HTTP/1.1" 200 -
ok
test_from_module_import_resolves_to_the_module_itself (test_repo_explorer_relations.RelationsEndpointTests.test_from_module_import_resolves_to_the_module_itself) ... 127.0.0.1 - - [07/Oct/2026 21:37:41] "POST /api/repo-explorer/open HTTP/1.1" 200 -
127.0.0.1 - - [07/Oct/2026 21:37:41] "GET /api/repo-explorer/relations?projectId=c82d08bb933141b19f5029f6aba4ce33&revision=16b53383f35fd93f425aa911e1a14f11192e568d&path=pkg/frommodule.py HTTP/1.1" 200 -
127.0.0.1 - - [07/Oct/2026 21:37:41] "GET /api/repo-explorer/relations?projectId=c82d08bb933141b19f5029f6aba4ce33&revision=16b53383f35fd93f425aa911e1a14f11192e568d&path=pkg/utils.py HTTP/1.1" 200 -
ok
test_import_scan_reports_its_own_coverage_and_gaps (test_repo_explorer_relations.RelationsEndpointTests.test_import_scan_reports_its_own_coverage_and_gaps) ... 127.0.0.1 - - [07/Oct/2026 21:37:42] "POST /api/repo-explorer/open HTTP/1.1" 200 -
127.0.0.1 - - [07/Oct/2026 21:37:42] "GET /api/repo-explorer/relations?projectId=9b118b8595e547b68a0382c62cbbd1e3&revision=4c0cdaa943c6990f9a05b73713bb1fd746ace488&path=pkg/consumer.py HTTP/1.1" 200 -
127.0.0.1 - - [07/Oct/2026 21:37:42] "GET /api/repo-explorer/relations?projectId=9b118b8595e547b68a0382c62cbbd1e3&revision=4c0cdaa943c6990f9a05b73713bb1fd746ace488&path=pkg/helper.py HTTP/1.1" 200 -
ok
test_missing_candidate_is_unresolved_with_a_reason (test_repo_explorer_relations.RelationsEndpointTests.test_missing_candidate_is_unresolved_with_a_reason) ... 127.0.0.1 - - [07/Oct/2026 21:37:42] "POST /api/repo-explorer/open HTTP/1.1" 200 -
127.0.0.1 - - [07/Oct/2026 21:37:42] "GET /api/repo-explorer/relations?projectId=157dbc05dc9d416d895ed018645801bf&revision=4c0cdaa943c6990f9a05b73713bb1fd746ace488&path=pkg/consumer.py HTTP/1.1" 200 -
ok
test_module_existing_as_file_and_package_is_ambiguous (test_repo_explorer_relations.RelationsEndpointTests.test_module_existing_as_file_and_package_is_ambiguous) ... 127.0.0.1 - - [07/Oct/2026 21:37:43] "POST /api/repo-explorer/open HTTP/1.1" 200 -
127.0.0.1 - - [07/Oct/2026 21:37:43] "GET /api/repo-explorer/relations?projectId=9c9caac674474e78aa9ef2b3fbca13e7&revision=47bee721dae75827f314514162a2337652db4871&path=pkg/dualconsumer.py HTTP/1.1" 200 -
ok
test_module_index_keeps_case_variant_paths_in_a_stable_order (test_repo_explorer_relations.RelationsEndpointTests.test_module_index_keeps_case_variant_paths_in_a_stable_order) ... 127.0.0.1 - - [07/Oct/2026 21:37:43] "POST /api/repo-explorer/open HTTP/1.1" 200 -
ok
test_namespace_package_directory_is_unresolved_with_that_reason (test_repo_explorer_relations.RelationsEndpointTests.test_namespace_package_directory_is_unresolved_with_that_reason) ... 127.0.0.1 - - [07/Oct/2026 21:37:44] "POST /api/repo-explorer/open HTTP/1.1" 200 -
127.0.0.1 - - [07/Oct/2026 21:37:44] "GET /api/repo-explorer/relations?projectId=5c4e0e99265a4f66aca54ed1564c3b13&revision=b8c726886b3de0df21ad9928855031769e6ab98d&path=pkg/nsconsumer.py HTTP/1.1" 200 -
ok
test_one_level_relative_import_inside_a_subpackage (test_repo_explorer_relations.RelationsEndpointTests.test_one_level_relative_import_inside_a_subpackage) ... 127.0.0.1 - - [07/Oct/2026 21:37:44] "POST /api/repo-explorer/open HTTP/1.1" 200 -
127.0.0.1 - - [07/Oct/2026 21:37:44] "GET /api/repo-explorer/relations?projectId=a808d8e099e14869ba98643ad0e0c899&revision=b8c726886b3de0df21ad9928855031769e6ab98d&path=src/core/sub/mod.py HTTP/1.1" 200 -
ok
test_package_attribute_is_never_inferred_from_the_package_file (test_repo_explorer_relations.RelationsEndpointTests.test_package_attribute_is_never_inferred_from_the_package_file) ... 127.0.0.1 - - [07/Oct/2026 21:37:45] "POST /api/repo-explorer/open HTTP/1.1" 200 -
127.0.0.1 - - [07/Oct/2026 21:37:45] "GET /api/repo-explorer/relations?projectId=50cf4bc96d1240d4af8751033c94d5e0&revision=eee9f73e8c9b9ed25ba5550ab1e3899e755fdaf9&path=pkg/attributes.py HTTP/1.1" 200 -
127.0.0.1 - - [07/Oct/2026 21:37:45] "GET /api/repo-explorer/relations?projectId=50cf4bc96d1240d4af8751033c94d5e0&revision=eee9f73e8c9b9ed25ba5550ab1e3899e755fdaf9&path=pkg/__init__.py HTTP/1.1" 200 -
ok
test_parse_error_is_preserved (test_repo_explorer_relations.RelationsEndpointTests.test_parse_error_is_preserved) ... 127.0.0.1 - - [07/Oct/2026 21:37:46] "POST /api/repo-explorer/open HTTP/1.1" 200 -
127.0.0.1 - - [07/Oct/2026 21:37:46] "GET /api/repo-explorer/relations?projectId=7a87d709edb9458cb03b3b90b0277ea0&revision=879b605ac22b00c69c5d7edf37ee72c9da497356&path=pkg/broken.py HTTP/1.1" 200 -
ok
test_relation_jumps_keep_the_relations_version_context (test_repo_explorer_relations.RelationsEndpointTests.test_relation_jumps_keep_the_relations_version_context) ... 127.0.0.1 - - [07/Oct/2026 21:37:46] "POST /api/repo-explorer/open HTTP/1.1" 200 -
ok
test_relation_jumps_without_a_response_context_use_the_live_one (test_repo_explorer_relations.RelationsEndpointTests.test_relation_jumps_without_a_response_context_use_the_live_one) ... 127.0.0.1 - - [07/Oct/2026 21:37:47] "POST /api/repo-explorer/open HTTP/1.1" 200 -
ok
test_relations_degrade_honestly_when_no_parser_is_installed (test_repo_explorer_relations.RelationsEndpointTests.test_relations_degrade_honestly_when_no_parser_is_installed) ... 127.0.0.1 - - [07/Oct/2026 21:37:47] "POST /api/repo-explorer/open HTTP/1.1" 200 -
127.0.0.1 - - [07/Oct/2026 21:37:47] "GET /api/repo-explorer/relations?projectId=516858e564354c07a380f420e76750d8&revision=98beb56e7317528aa3e989d1198105661c6922c1&path=pkg/consumer.py HTTP/1.1" 200 -
127.0.0.1 - - [07/Oct/2026 21:37:47] "POST /api/repo-explorer/open HTTP/1.1" 200 -
ok
test_relative_import_beyond_the_top_level_package_never_matches (test_repo_explorer_relations.RelationsEndpointTests.test_relative_import_beyond_the_top_level_package_never_matches) ... 127.0.0.1 - - [07/Oct/2026 21:37:48] "POST /api/repo-explorer/open HTTP/1.1" 200 -
127.0.0.1 - - [07/Oct/2026 21:37:48] "GET /api/repo-explorer/relations?projectId=a47acc7388d14f7eba46d5cb8be72855&revision=3d803b9ce88309c755d3935ed596af0d8be8e9ab&path=src/core/mod.py HTTP/1.1" 200 -
ok
test_relative_import_outside_a_package_is_unresolved (test_repo_explorer_relations.RelationsEndpointTests.test_relative_import_outside_a_package_is_unresolved) ... 127.0.0.1 - - [07/Oct/2026 21:37:49] "POST /api/repo-explorer/open HTTP/1.1" 200 -
127.0.0.1 - - [07/Oct/2026 21:37:49] "GET /api/repo-explorer/relations?projectId=6552ba4bcaa5430e8eb29e2a5597ea06&revision=3d803b9ce88309c755d3935ed596af0d8be8e9ab&path=service.py HTTP/1.1" 200 -
ok
test_relative_import_resolves_inside_the_package (test_repo_explorer_relations.RelationsEndpointTests.test_relative_import_resolves_inside_the_package) ... 127.0.0.1 - - [07/Oct/2026 21:37:49] "POST /api/repo-explorer/open HTTP/1.1" 200 -
127.0.0.1 - - [07/Oct/2026 21:37:49] "GET /api/repo-explorer/relations?projectId=34e0bc6c9521426da1715c0151c963ec&revision=09c163313edacba7ad248c0f679d83a55a62ee2c&path=pkg/consumer.py HTTP/1.1" 200 -
ok
test_relative_import_under_the_search_root_has_no_package_context (test_repo_explorer_relations.RelationsEndpointTests.test_relative_import_under_the_search_root_has_no_package_context) ... 127.0.0.1 - - [07/Oct/2026 21:37:50] "POST /api/repo-explorer/open HTTP/1.1" 200 -
127.0.0.1 - - [07/Oct/2026 21:37:50] "GET /api/repo-explorer/relations?projectId=3bf4db43782a4db8a505c585214dac6a&revision=46f314f7a4317e85416d249ef7fe4c4ee08c874d&path=src/tool.py HTTP/1.1" 200 -
ok
test_same_name_module_file_and_package_stay_ambiguous (test_repo_explorer_relations.RelationsEndpointTests.test_same_name_module_file_and_package_stay_ambiguous) ... 127.0.0.1 - - [07/Oct/2026 21:37:50] "POST /api/repo-explorer/open HTTP/1.1" 200 -
127.0.0.1 - - [07/Oct/2026 21:37:50] "GET /api/repo-explorer/relations?projectId=f9eb6d99783a4867a364a473aaec0872&revision=46f314f7a4317e85416d249ef7fe4c4ee08c874d&path=pkg/ambiguous.py HTTP/1.1" 200 -
ok
test_scan_range_matches_the_parser_support_range (test_repo_explorer_relations.RelationsEndpointTests.test_scan_range_matches_the_parser_support_range) ... 127.0.0.1 - - [07/Oct/2026 21:37:51] "POST /api/repo-explorer/open HTTP/1.1" 200 -
127.0.0.1 - - [07/Oct/2026 21:37:51] "GET /api/repo-explorer/relations?projectId=e310e4b9e56f4be3a0c039ee7588752e&revision=5b1bde9af95ddb5e53c7a8eabfec4666f9f4e370&path=pkg/helper.py HTTP/1.1" 200 -
ok
test_skipped_files_share_admission (test_repo_explorer_relations.RelationsEndpointTests.test_skipped_files_share_admission) ... 127.0.0.1 - - [07/Oct/2026 21:37:51] "POST /api/repo-explorer/open HTTP/1.1" 200 -
127.0.0.1 - - [07/Oct/2026 21:37:51] "GET /api/repo-explorer/relations?projectId=d950d4f4cab54637a958cb11b8fddc9f&revision=5b1bde9af95ddb5e53c7a8eabfec4666f9f4e370&path=big.log HTTP/1.1" 403 -
ok
test_src_layout_dependents_stay_inside_the_search_root (test_repo_explorer_relations.RelationsEndpointTests.test_src_layout_dependents_stay_inside_the_search_root) ... 127.0.0.1 - - [07/Oct/2026 21:37:52] "POST /api/repo-explorer/open HTTP/1.1" 200 -
127.0.0.1 - - [07/Oct/2026 21:37:52] "GET /api/repo-explorer/relations?projectId=6c8565e00b9e4dafad79b0ffa94b82a1&revision=73e275039618c2cc1f4b0913ba2bd566d1c4d602&path=src/core/helper.py HTTP/1.1" 200 -
ok
test_src_layout_package_depth_is_measured_from_the_search_root (test_repo_explorer_relations.RelationsEndpointTests.test_src_layout_package_depth_is_measured_from_the_search_root) ... 127.0.0.1 - - [07/Oct/2026 21:37:53] "POST /api/repo-explorer/open HTTP/1.1" 200 -
127.0.0.1 - - [07/Oct/2026 21:37:53] "GET /api/repo-explorer/relations?projectId=eb22c66548214d38b5328f5a4402fa65&revision=894cd577446c28c5ba5a6cde1b5a000e4cde488b&path=src/core/mod.py HTTP/1.1" 200 -
ok
test_unknown_path_is_404 (test_repo_explorer_relations.RelationsEndpointTests.test_unknown_path_is_404) ... 127.0.0.1 - - [07/Oct/2026 21:37:53] "POST /api/repo-explorer/open HTTP/1.1" 200 -
127.0.0.1 - - [07/Oct/2026 21:37:53] "GET /api/repo-explorer/relations?projectId=7011c504ddc34b4e86c88cee727980d9&revision=894cd577446c28c5ba5a6cde1b5a000e4cde488b&path=nope.py HTTP/1.1" 404 -
ok
test_map_mode_has_no_explorer_routes (test_repo_explorer_startup.MapModeUnchangedTests.test_map_mode_has_no_explorer_routes) ... 127.0.0.1 - - [07/Oct/2026 21:37:54] "POST /api/repo-explorer/open HTTP/1.1" 404 -
ok
test_map_mode_snapshot_still_works (test_repo_explorer_startup.MapModeUnchangedTests.test_map_mode_snapshot_still_works) ... 127.0.0.1 - - [07/Oct/2026 21:37:54] "GET /api/snapshot HTTP/1.1" 200 -
ok
test_ai_status_survives_without_a_map (test_repo_explorer_startup.NoMapModeTests.test_ai_status_survives_without_a_map) ... 127.0.0.1 - - [07/Oct/2026 21:37:55] "GET /api/ai-status HTTP/1.1" 200 -
ok
test_browsing_does_not_create_extension_stores_in_the_repo (test_repo_explorer_startup.NoMapModeTests.test_browsing_does_not_create_extension_stores_in_the_repo) ... 127.0.0.1 - - [07/Oct/2026 21:37:55] "GET / HTTP/1.1" 200 -
127.0.0.1 - - [07/Oct/2026 21:37:55] "GET /api/extensions HTTP/1.1" 503 -
127.0.0.1 - - [07/Oct/2026 21:37:55] "GET /api/extensions/worklog HTTP/1.1" 503 -
127.0.0.1 - - [07/Oct/2026 21:37:55] "POST /api/extensions/worklog HTTP/1.1" 503 -
127.0.0.1 - - [07/Oct/2026 21:37:55] "GET /ext/worklog HTTP/1.1" 503 -
127.0.0.1 - - [07/Oct/2026 21:37:55] "GET /api/snapshot HTTP/1.1" 400 -
ok
test_explorer_still_serves_in_no_map_mode (test_repo_explorer_startup.NoMapModeTests.test_explorer_still_serves_in_no_map_mode) ... 127.0.0.1 - - [07/Oct/2026 21:37:56] "POST /api/repo-explorer/open HTTP/1.1" 200 -
ok
test_extension_routes_are_blocked_before_handlers_run (test_repo_explorer_startup.NoMapModeTests.test_extension_routes_are_blocked_before_handlers_run) ... 127.0.0.1 - - [07/Oct/2026 21:37:56] "GET /api/extensions HTTP/1.1" 503 -
127.0.0.1 - - [07/Oct/2026 21:37:56] "GET /api/extensions/worklog HTTP/1.1" 503 -
127.0.0.1 - - [07/Oct/2026 21:37:56] "POST /api/extensions/worklog HTTP/1.1" 503 -
127.0.0.1 - - [07/Oct/2026 21:37:56] "GET /ext/worklog HTTP/1.1" 503 -
ok
test_legacy_map_endpoints_require_a_map (test_repo_explorer_startup.NoMapModeTests.test_legacy_map_endpoints_require_a_map) ... 127.0.0.1 - - [07/Oct/2026 21:37:57] "GET /api/snapshot HTTP/1.1" 400 -
127.0.0.1 - - [07/Oct/2026 21:37:57] "GET /api/evidence?path=x.py&revision=HEAD HTTP/1.1" 400 -
127.0.0.1 - - [07/Oct/2026 21:37:57] "GET /api/compare?base=1&target=2 HTTP/1.1" 400 -
127.0.0.1 - - [07/Oct/2026 21:37:57] "GET /api/export HTTP/1.1" 400 -
127.0.0.1 - - [07/Oct/2026 21:37:57] "POST /api/explain HTTP/1.1" 400 -
ok
test_no_map_mode_does_not_even_import_extension_modules (test_repo_explorer_startup.NoMapModeTests.test_no_map_mode_does_not_even_import_extension_modules) ... ok
test_default_startup_is_demo_map_plus_explorer (test_repo_explorer_startup.ResolveRuntimeTests.test_default_startup_is_demo_map_plus_explorer) ... ok
test_map_argument_keeps_legacy_map_mode_without_explorer (test_repo_explorer_startup.ResolveRuntimeTests.test_map_argument_keeps_legacy_map_mode_without_explorer) ... ok
test_missing_repo_directory_is_rejected_in_every_mode (test_repo_explorer_startup.ResolveRuntimeTests.test_missing_repo_directory_is_rejected_in_every_mode) ... ok
test_repo_without_map_starts_explorer_mode (test_repo_explorer_startup.ResolveRuntimeTests.test_repo_without_map_starts_explorer_mode) ... ok
test_coding_cookie_in_a_non_python_file_stays_browsable (test_repo_explorer_symbols.SymbolsEndpointTests.test_coding_cookie_in_a_non_python_file_stays_browsable) ... 127.0.0.1 - - [07/Oct/2026 21:37:58] "POST /api/repo-explorer/open HTTP/1.1" 200 -
127.0.0.1 - - [07/Oct/2026 21:37:58] "GET /api/repo-explorer/file?projectId=c271dae9c6ac4408b399a59542b06603&revision=6d0d84d1bd2f54b8915fea8b54efeaea5c59749f&path=cookie.txt HTTP/1.1" 200 -
127.0.0.1 - - [07/Oct/2026 21:37:58] "GET /api/repo-explorer/symbols?projectId=c271dae9c6ac4408b399a59542b06603&revision=6d0d84d1bd2f54b8915fea8b54efeaea5c59749f&path=cookie.txt HTTP/1.1" 200 -
ok
test_docstrings_are_cleaned_and_reported (test_repo_explorer_symbols.SymbolsEndpointTests.test_docstrings_are_cleaned_and_reported) ... 127.0.0.1 - - [07/Oct/2026 21:37:59] "POST /api/repo-explorer/open HTTP/1.1" 200 -
127.0.0.1 - - [07/Oct/2026 21:37:59] "GET /api/repo-explorer/symbols?projectId=c816cb0893e44ea9a9fca62a72ad7afc&revision=c43159403e18e00610f2eac92d2bc0bf9443d591&path=service.py HTTP/1.1" 200 -
ok
test_empty_python_file_is_ok_with_no_symbols (test_repo_explorer_symbols.SymbolsEndpointTests.test_empty_python_file_is_ok_with_no_symbols) ... 127.0.0.1 - - [07/Oct/2026 21:37:59] "POST /api/repo-explorer/open HTTP/1.1" 200 -
127.0.0.1 - - [07/Oct/2026 21:37:59] "GET /api/repo-explorer/symbols?projectId=9ca0ec1859124d61999edd249b6c837c&revision=c43159403e18e00610f2eac92d2bc0bf9443d591&path=empty.py HTTP/1.1" 200 -
ok
test_non_python_symbols_never_consult_the_pep263_reader (test_repo_explorer_symbols.SymbolsEndpointTests.test_non_python_symbols_never_consult_the_pep263_reader) ... 127.0.0.1 - - [07/Oct/2026 21:38:00] "POST /api/repo-explorer/open HTTP/1.1" 200 -
127.0.0.1 - - [07/Oct/2026 21:38:00] "GET /api/repo-explorer/symbols?projectId=bae59f94688742e693db274d32dffb78&revision=8bb8e38e249f765782bb78a1d4fa8463305302cb&path=notes.txt HTTP/1.1" 200 -
127.0.0.1 - - [07/Oct/2026 21:38:00] "GET /api/repo-explorer/symbols?projectId=bae59f94688742e693db274d32dffb78&revision=8bb8e38e249f765782bb78a1d4fa8463305302cb&path=service.py HTTP/1.1" 200 -
ok
test_non_python_text_is_unsupported (test_repo_explorer_symbols.SymbolsEndpointTests.test_non_python_text_is_unsupported) ... 127.0.0.1 - - [07/Oct/2026 21:38:00] "POST /api/repo-explorer/open HTTP/1.1" 200 -
127.0.0.1 - - [07/Oct/2026 21:38:00] "GET /api/repo-explorer/symbols?projectId=e4aa5b18bc9a45fdb200aa5147175ef1&revision=8bb8e38e249f765782bb78a1d4fa8463305302cb&path=notes.txt HTTP/1.1" 200 -
ok
test_open_capabilities_report_symbols_available (test_repo_explorer_symbols.SymbolsEndpointTests.test_open_capabilities_report_symbols_available) ... 127.0.0.1 - - [07/Oct/2026 21:38:01] "POST /api/repo-explorer/open HTTP/1.1" 200 -
127.0.0.1 - - [07/Oct/2026 21:38:01] "POST /api/repo-explorer/open HTTP/1.1" 200 -
ok
test_oversized_file_shares_open_admission (test_repo_explorer_symbols.SymbolsEndpointTests.test_oversized_file_shares_open_admission) ... 127.0.0.1 - - [07/Oct/2026 21:38:01] "POST /api/repo-explorer/open HTTP/1.1" 200 -
127.0.0.1 - - [07/Oct/2026 21:38:01] "GET /api/repo-explorer/symbols?projectId=33bd04be61c64af8a4df5b575408771e&revision=b13fab214612ccceaf6c19dcc79f67a152413f13&path=big.log HTTP/1.1" 403 -
ok
test_python_file_returns_full_python_ast_ranges (test_repo_explorer_symbols.SymbolsEndpointTests.test_python_file_returns_full_python_ast_ranges) ... 127.0.0.1 - - [07/Oct/2026 21:38:02] "POST /api/repo-explorer/open HTTP/1.1" 200 -
127.0.0.1 - - [07/Oct/2026 21:38:02] "GET /api/repo-explorer/symbols?projectId=f6d8fffdc16a45068a9ca25a6c33248e&revision=42427044294c2c116c8f1909a6f3029dc1245e57&path=service.py HTTP/1.1" 200 -
ok
test_symbol_ranges_stay_inside_the_file_line_count (test_repo_explorer_symbols.SymbolsEndpointTests.test_symbol_ranges_stay_inside_the_file_line_count) ... 127.0.0.1 - - [07/Oct/2026 21:38:02] "POST /api/repo-explorer/open HTTP/1.1" 200 -
127.0.0.1 - - [07/Oct/2026 21:38:02] "GET /api/repo-explorer/symbols?projectId=b1a1ae46d2c04b4d8eb42545a94db806&revision=42427044294c2c116c8f1909a6f3029dc1245e57&path=service.py HTTP/1.1" 200 -
127.0.0.1 - - [07/Oct/2026 21:38:02] "GET /api/repo-explorer/file?projectId=b1a1ae46d2c04b4d8eb42545a94db806&revision=42427044294c2c116c8f1909a6f3029dc1245e57&path=service.py HTTP/1.1" 200 -
ok
test_symbols_degrade_honestly_when_no_parser_is_installed (test_repo_explorer_symbols.SymbolsEndpointTests.test_symbols_degrade_honestly_when_no_parser_is_installed) ... 127.0.0.1 - - [07/Oct/2026 21:38:03] "POST /api/repo-explorer/open HTTP/1.1" 200 -
127.0.0.1 - - [07/Oct/2026 21:38:03] "GET /api/repo-explorer/symbols?projectId=c266928913d7469ca06246678b20fade&revision=16df4f396a6a97e3c4a8fc42c9ab2cbe31e89b0b&path=service.py HTTP/1.1" 200 -
ok
test_syntax_error_file_is_parse_error_not_empty_success (test_repo_explorer_symbols.SymbolsEndpointTests.test_syntax_error_file_is_parse_error_not_empty_success) ... 127.0.0.1 - - [07/Oct/2026 21:38:03] "POST /api/repo-explorer/open HTTP/1.1" 200 -
127.0.0.1 - - [07/Oct/2026 21:38:03] "GET /api/repo-explorer/symbols?projectId=d0dcde0cb59c4fcfb9e1881196bb8cc9&revision=16df4f396a6a97e3c4a8fc42c9ab2cbe31e89b0b&path=broken.py HTTP/1.1" 200 -
ok
test_unknown_path_is_404 (test_repo_explorer_symbols.SymbolsEndpointTests.test_unknown_path_is_404) ... 127.0.0.1 - - [07/Oct/2026 21:38:04] "POST /api/repo-explorer/open HTTP/1.1" 200 -
127.0.0.1 - - [07/Oct/2026 21:38:04] "GET /api/repo-explorer/symbols?projectId=3d43a1786f0c4eb28de997c50db74ee8&revision=2bd41a0453ff183d0cedf9f0d93dea6ad5fe7853&path=nope.py HTTP/1.1" 404 -
ok
test_tree_entries_structure_and_order (test_repo_explorer_tree.TreeEndpointTests.test_tree_entries_structure_and_order) ... 127.0.0.1 - - [07/Oct/2026 21:38:04] "POST /api/repo-explorer/open HTTP/1.1" 200 -
127.0.0.1 - - [07/Oct/2026 21:38:04] "GET /api/repo-explorer/tree?projectId=116ea6353c254f098826c77ac31fc1cd&revision=55d687eebddbade0617fcfb8e469d839c186b5c6 HTTP/1.1" 200 -
ok
test_tree_marks_skipped_files_with_reason (test_repo_explorer_tree.TreeEndpointTests.test_tree_marks_skipped_files_with_reason) ... 127.0.0.1 - - [07/Oct/2026 21:38:05] "POST /api/repo-explorer/open HTTP/1.1" 200 -
127.0.0.1 - - [07/Oct/2026 21:38:05] "GET /api/repo-explorer/tree?projectId=183c06ba9ac14fa4b9b0b05af27dbe83&revision=97f837320157d798c0712e595bb62df94018c0e3 HTTP/1.1" 200 -
ok
test_tree_rejects_missing_params (test_repo_explorer_tree.TreeEndpointTests.test_tree_rejects_missing_params) ... 127.0.0.1 - - [07/Oct/2026 21:38:06] "POST /api/repo-explorer/open HTTP/1.1" 200 -
127.0.0.1 - - [07/Oct/2026 21:38:06] "GET /api/repo-explorer/tree?projectId=a8bd0955966d4f69b1fdb79710b616de HTTP/1.1" 400 -
ok
test_tree_rejects_revision_mismatch (test_repo_explorer_tree.TreeEndpointTests.test_tree_rejects_revision_mismatch) ... 127.0.0.1 - - [07/Oct/2026 21:38:06] "POST /api/repo-explorer/open HTTP/1.1" 200 -
127.0.0.1 - - [07/Oct/2026 21:38:06] "GET /api/repo-explorer/tree?projectId=171457b22dc248ee91afba541f882e5c&revision=cfb6000000000000000000000000000000000000 HTTP/1.1" 400 -
ok
test_tree_rejects_unknown_context (test_repo_explorer_tree.TreeEndpointTests.test_tree_rejects_unknown_context) ... 127.0.0.1 - - [07/Oct/2026 21:38:07] "POST /api/repo-explorer/open HTTP/1.1" 200 -
127.0.0.1 - - [07/Oct/2026 21:38:07] "GET /api/repo-explorer/tree?projectId=deadbeef&revision=97919344f74c2e3cbdc5d9c7bd81a538c845af0c HTTP/1.1" 410 -
ok
test_basic_imports_and_aliases (test_repo_index_imports.TestRepoIndexImports.test_basic_imports_and_aliases) ... ok
test_empty_file (test_repo_index_imports.TestRepoIndexImports.test_empty_file) ... ok
test_from_relative_imports (test_repo_index_imports.TestRepoIndexImports.test_from_relative_imports) ... ok
test_nested_in_function_or_condition (test_repo_index_imports.TestRepoIndexImports.test_nested_in_function_or_condition) ... ok
test_syntax_error_and_unsupported (test_repo_index_imports.TestRepoIndexImports.test_syntax_error_and_unsupported) ... ok
test_wildcard_and_multiline (test_repo_index_imports.TestRepoIndexImports.test_wildcard_and_multiline) ... ok
test_async_function_and_method (test_repo_index_symbols.ParseSymbolsTests.test_async_function_and_method) ... ok
test_chinese_names_and_docstrings_keep_text_and_clean_indentation (test_repo_index_symbols.ParseSymbolsTests.test_chinese_names_and_docstrings_keep_text_and_clean_indentation) ... ok
test_comments_and_strings_do_not_create_symbols (test_repo_index_symbols.ParseSymbolsTests.test_comments_and_strings_do_not_create_symbols) ... ok
test_control_blocks_inside_function_keep_function_scope (test_repo_index_symbols.ParseSymbolsTests.test_control_blocks_inside_function_keep_function_scope) ... ok
test_decorators_and_multiline_signatures_preserve_definition_ranges (test_repo_index_symbols.ParseSymbolsTests.test_decorators_and_multiline_signatures_preserve_definition_ranges) ... ok
test_docstring_at_2000_characters_is_not_truncated (test_repo_index_symbols.ParseSymbolsTests.test_docstring_at_2000_characters_is_not_truncated) ... ok
test_duplicate_function_and_method_names_are_not_overwritten (test_repo_index_symbols.ParseSymbolsTests.test_duplicate_function_and_method_names_are_not_overwritten) ... ok
test_empty_and_whitespace_only_files_are_successful_empty_results (test_repo_index_symbols.ParseSymbolsTests.test_empty_and_whitespace_only_files_are_successful_empty_results) ... ok
test_function_class_and_method_have_exact_source_ranges (test_repo_index_symbols.ParseSymbolsTests.test_function_class_and_method_have_exact_source_ranges) ... ok
test_if_try_except_and_for_do_not_create_definition_scopes (test_repo_index_symbols.ParseSymbolsTests.test_if_try_except_and_for_do_not_create_definition_scopes) ... ok
test_long_docstring_is_truncated_by_characters_with_warning (test_repo_index_symbols.ParseSymbolsTests.test_long_docstring_is_truncated_by_characters_with_warning) ... ok
test_nested_definitions_use_nearest_definition_scope_and_source_order (test_repo_index_symbols.ParseSymbolsTests.test_nested_definitions_use_nearest_definition_scope_and_source_order) ... ok
test_non_python_extensions_are_unsupported_even_with_invalid_source (test_repo_index_symbols.ParseSymbolsTests.test_non_python_extensions_are_unsupported_even_with_invalid_source) ... ok
test_null_character_error_reports_line_for_all_python_newlines (test_repo_index_symbols.ParseSymbolsTests.test_null_character_error_reports_line_for_all_python_newlines) ... ok
test_python_and_stub_extensions_are_case_insensitive (test_repo_index_symbols.ParseSymbolsTests.test_python_and_stub_extensions_are_case_insensitive) ... ok
test_source_imports_and_module_and_class_bodies_are_not_executed (test_repo_index_symbols.ParseSymbolsTests.test_source_imports_and_module_and_class_bodies_are_not_executed) ... ok
test_syntax_error_discards_partial_symbols_and_reports_error_line (test_repo_index_symbols.ParseSymbolsTests.test_syntax_error_discards_partial_symbols_and_reports_error_line) ... ok
test_empty_read_does_not_create_stores (test_team_footprints.FootprintTests.test_empty_read_does_not_create_stores) ... ok
test_http_homepage_contract_and_repository_isolation (test_team_footprints.FootprintTests.test_http_homepage_contract_and_repository_isolation) ... 127.0.0.1 - - [07/Oct/2026 21:38:07] "GET /api/extensions HTTP/1.1" 200 -
127.0.0.1 - - [07/Oct/2026 21:38:07] "GET /ext/team_footprints HTTP/1.1" 200 -
127.0.0.1 - - [07/Oct/2026 21:38:07] "GET /api/extensions/team_footprints?year=2026 HTTP/1.1" 200 -
127.0.0.1 - - [07/Oct/2026 21:38:07] "POST /api/extensions/team_footprints HTTP/1.1" 405 -
ok
test_import_history_empty_claim_and_ai_are_not_new_work (test_team_footprints.FootprintTests.test_import_history_empty_claim_and_ai_are_not_new_work) ... ok
test_inherited_git_environment_cannot_redirect_the_record_lookup (test_team_footprints.FootprintTests.test_inherited_git_environment_cannot_redirect_the_record_lookup) ... ok
test_meaningful_edits_daily_cap_and_actual_time (test_team_footprints.FootprintTests.test_meaningful_edits_daily_cap_and_actual_time) ... ok
test_problem_resolution_session_and_relay (test_team_footprints.FootprintTests.test_problem_resolution_session_and_relay) ... ok
test_timezone_database_gap_is_distinguished_from_a_bad_key (test_team_footprints.FootprintTests.test_timezone_database_gap_is_distinguished_from_a_bad_key) ... ok
test_declared_but_absent_at_revision_is_controlled_error (test_ui_evidence_links.EvidenceEndpointContractTests.test_declared_but_absent_at_revision_is_controlled_error) ... hint: Using 'master' as the name for the initial branch. This default branch name
hint: is subject to change. To configure the initial branch name to use in all
hint: of your new repositories, which will suppress this warning, call:
hint:
hint: 	git config --global init.defaultBranch <name>
hint:
hint: Names commonly chosen instead of 'master' are 'main', 'trunk' and
hint: 'development'. The just-created branch can be renamed via this command:
hint:
hint: 	git branch -m <name>
hint:
hint: Disable this message with "git config set advice.defaultBranchName false"
ok
test_added_file (test_ui_evidence_links.EvidenceLinkDecisionTests.test_added_file) ... ok
test_deleted_file (test_ui_evidence_links.EvidenceLinkDecisionTests.test_deleted_file) ... ok
test_modified_file (test_ui_evidence_links.EvidenceLinkDecisionTests.test_modified_file) ... ok
test_renamed_file (test_ui_evidence_links.EvidenceLinkDecisionTests.test_renamed_file) ... ok
test_declaration_change_outside_map_domains_unresolved (test_w2_channels.ModifiedChannelTests.test_declaration_change_outside_map_domains_unresolved) ... ok
test_s06_entrypoint_gone_responsibility_no_first_symbol_pick (test_w2_channels.ModifiedChannelTests.test_s06_entrypoint_gone_responsibility_no_first_symbol_pick) ... ok
test_s07_comment_only_zero_strong_proposal (test_w2_channels.ModifiedChannelTests.test_s07_comment_only_zero_strong_proposal) ... ok
test_s09_helper_only_no_node_no_strong_proposal (test_w2_channels.ModifiedChannelTests.test_s09_helper_only_no_node_no_strong_proposal) ... ok
test_s10_added_class_does_not_become_node (test_w2_channels.ModifiedChannelTests.test_s10_added_class_does_not_become_node) ... ok
test_added_without_facts_entries_is_unresolved (test_w2_channels.NodeAddTests.test_added_without_facts_entries_is_unresolved) ... ok
test_map_covered_added_path_not_a_node (test_w2_channels.NodeAddTests.test_map_covered_added_path_not_a_node) ... ok
test_s01_function_only_module_still_low_confidence_node (test_w2_channels.NodeAddTests.test_s01_function_only_module_still_low_confidence_node) ... ok
test_s01_new_module_exact_node_with_structured_evidence (test_w2_channels.NodeAddTests.test_s01_new_module_exact_node_with_structured_evidence) ... ok
test_test_noise_and_generated_not_nodes (test_w2_channels.NodeAddTests.test_test_noise_and_generated_not_nodes) ... ok
test_s04_rename_updates_link_not_node (test_w2_channels.RenameTests.test_s04_rename_updates_link_not_node) ... ok
test_s17_multiple_owners_ambiguity_flagged (test_w2_channels.RenameTests.test_s17_multiple_owners_ambiguity_flagged) ... ok
test_determinism_full_request (test_w2_channels.SkippedAndPriorTests.test_determinism_full_request) ... ok
test_f04_skipped_source_never_feeds_strong_candidates (test_w2_channels.SkippedAndPriorTests.test_f04_skipped_source_never_feeds_strong_candidates) ... ok
test_f20_prior_rejected_suppression (test_w2_channels.SkippedAndPriorTests.test_f20_prior_rejected_suppression) ... ok
test_base_equals_target_zero_proposal_even_with_stale_map (test_w2_channels.StaleMapTests.test_base_equals_target_zero_proposal_even_with_stale_map) ... ok
test_read_failure_is_unknown_not_absence (test_w2_channels.StaleMapTests.test_read_failure_is_unknown_not_absence) ... ok
test_s05_partial_evidence_retained_no_removal (test_w2_channels.StaleMapTests.test_s05_partial_evidence_retained_no_removal) ... ok
test_s16_deleted_before_base_flagged_honestly (test_w2_channels.StaleMapTests.test_s16_deleted_before_base_flagged_honestly) ... ok
test_s16_fully_gone_at_target_removal_candidate (test_w2_channels.StaleMapTests.test_s16_fully_gone_at_target_removal_candidate) ... ok
test_adversarial_1a_relative_from_dot_import_submodule (test_w3_relations.RelationChannelTests.test_adversarial_1a_relative_from_dot_import_submodule) ... ok
test_adversarial_1b_relative_from_dot_module_import (test_w3_relations.RelationChannelTests.test_adversarial_1b_relative_from_dot_module_import) ... ok
test_adversarial_3_from_package_import_submodule (test_w3_relations.RelationChannelTests.test_adversarial_3_from_package_import_submodule) ... ok
test_c01_removal_allowed_when_full_target_domain_dropped (test_w3_relations.RelationChannelTests.test_c01_removal_allowed_when_full_target_domain_dropped) ... ok
test_c01_residual_import_to_other_target_member_blocks_removal (test_w3_relations.RelationChannelTests.test_c01_residual_import_to_other_target_member_blocks_removal) ... ok
test_c01_residual_import_via_auxiliary_source_member (test_w3_relations.RelationChannelTests.test_c01_residual_import_via_auxiliary_source_member) ... ok
test_c01_signal_and_residual_on_different_members (test_w3_relations.RelationChannelTests.test_c01_signal_and_residual_on_different_members) ... ok
test_c02_one_of_multiple_target_members_skipped_blocks_add (test_w3_relations.RelationChannelTests.test_c02_one_of_multiple_target_members_skipped_blocks_add) ... ok
test_c02_partial_supplied_facts_missing_member_blocks_add (test_w3_relations.RelationChannelTests.test_c02_partial_supplied_facts_missing_member_blocks_add) ... ok
test_c02_skipped_auxiliary_source_not_used_in_removal_proof (test_w3_relations.RelationChannelTests.test_c02_skipped_auxiliary_source_not_used_in_removal_proof) ... ok
test_c02_skipped_target_member_blocks_add_with_visible_unresolved (test_w3_relations.RelationChannelTests.test_c02_skipped_target_member_blocks_add_with_visible_unresolved) ... ok
test_f04_x21_skipped_source_never_feeds_relations (test_w3_relations.RelationChannelTests.test_f04_x21_skipped_source_never_feeds_relations) ... ok
test_invalid_multiline_import_is_unknown_not_silent (test_w3_relations.RelationChannelTests.test_invalid_multiline_import_is_unknown_not_silent) ... ok
test_mixed_provenance_from_and_explicit_import_keeps_medium (test_w3_relations.RelationChannelTests.test_mixed_provenance_from_and_explicit_import_keeps_medium) ... ok
test_multiline_parenthesized_from_import (test_w3_relations.RelationChannelTests.test_multiline_parenthesized_from_import) ... ok
test_parse_failure_is_unknown_not_zero (test_w3_relations.RelationChannelTests.test_parse_failure_is_unknown_not_zero) ... ok
test_relation_add_determinism (test_w3_relations.RelationChannelTests.test_relation_add_determinism) ... ok
test_removal_requires_existing_map_edge (test_w3_relations.RelationChannelTests.test_removal_requires_existing_map_edge) ... ok
test_s02_x01_real_import_add_with_unchanged_declarations (test_w3_relations.RelationChannelTests.test_s02_x01_real_import_add_with_unchanged_declarations) ... ok
test_s03_domain_proof_is_ast_not_text (test_w3_relations.RelationChannelTests.test_s03_domain_proof_is_ast_not_text) ... ok
test_s03_multi_source_remaining_import_no_removal (test_w3_relations.RelationChannelTests.test_s03_multi_source_remaining_import_no_removal) ... ok
test_s03_x11_last_import_removed_gives_removal_candidate (test_w3_relations.RelationChannelTests.test_s03_x11_last_import_removed_gives_removal_candidate) ... ok
test_s11_x03_docstring_import_text_never_a_relation (test_w3_relations.RelationChannelTests.test_s11_x03_docstring_import_text_never_a_relation) ... ok
test_x02_changed_dynamic_keyword_target_is_not_silent (test_w3_relations.RelationChannelTests.test_x02_changed_dynamic_keyword_target_is_not_silent) ... ok
test_x02_changed_dynamic_target_is_not_silent (test_w3_relations.RelationChannelTests.test_x02_changed_dynamic_target_is_not_silent) ... ok
test_x02_dynamic_import_unknown_unresolved (test_w3_relations.RelationChannelTests.test_x02_dynamic_import_unknown_unresolved) ... ok
test_x13_import_rewrite_churn_no_relation (test_w3_relations.RelationChannelTests.test_x13_import_rewrite_churn_no_relation) ... ok
test_s19_related_conflict_suppresses_touching_candidates_only (test_w4_ca_trust.AdmissionTests.test_s19_related_conflict_suppresses_touching_candidates_only) ... ok
test_s19_x15_word_boundary_no_substring_false_positive (test_w4_ca_trust.AdmissionTests.test_s19_x15_word_boundary_no_substring_false_positive) ... ok
test_s23_unavailable_keys_explicit_unknown_not_fake_badpack (test_w4_ca_trust.AdmissionTests.test_s23_unavailable_keys_explicit_unknown_not_fake_badpack) ... ok
test_s24_invalid_pack_degrades_but_independent_candidates_survive (test_w4_ca_trust.AdmissionTests.test_s24_invalid_pack_degrades_but_independent_candidates_survive) ... ok
test_s25_coherent_poison_never_enters_evidence (test_w4_ca_trust.AdmissionTests.test_s25_coherent_poison_never_enters_evidence) ... ok
test_s25_poison_never_attaches_when_proposals_exist (test_w4_ca_trust.AdmissionTests.test_s25_poison_never_attaches_when_proposals_exist) ... ok
test_c03_baseline_head_at_base_does_not_release_conflict (test_w4_ca_trust.C03SubjectAwareT3Tests.test_c03_baseline_head_at_base_does_not_release_conflict) ... ok
test_c03_component_named_baseline_is_foreign_not_baseline (test_w4_ca_trust.C03SubjectAwareT3Tests.test_c03_component_named_baseline_is_foreign_not_baseline) ... ok
test_c03_component_scoped_baseline_head_is_foreign (test_w4_ca_trust.C03SubjectAwareT3Tests.test_c03_component_scoped_baseline_head_is_foreign) ... ok
test_c03_foreign_component_head_unknown_never_contradiction (test_w4_ca_trust.C03SubjectAwareT3Tests.test_c03_foreign_component_head_unknown_never_contradiction) ... ok
test_c03_multiple_legitimate_heads_coexist (test_w4_ca_trust.C03SubjectAwareT3Tests.test_c03_multiple_legitimate_heads_coexist) ... ok
test_c03_target_head_wrong_still_contradicts (test_w4_ca_trust.C03SubjectAwareT3Tests.test_c03_target_head_wrong_still_contradicts) ... ok
test_c03_wrong_baseline_head_is_same_subject_contradiction (test_w4_ca_trust.C03SubjectAwareT3Tests.test_c03_wrong_baseline_head_is_same_subject_contradiction) ... ok
test_no_pack_degraded (test_w4_ca_trust.LoadContextTests.test_no_pack_degraded) ... ok
test_s20_non_current_partitions_never_read (test_w4_ca_trust.LoadContextTests.test_s20_non_current_partitions_never_read) ... ok
test_s21_multi_scope_same_key_both_in_selection_layer (test_w4_ca_trust.LoadContextTests.test_s21_multi_scope_same_key_both_in_selection_layer) ... ok
test_s22_verified_fields_per_field (test_w4_ca_trust.LoadContextTests.test_s22_verified_fields_per_field) ... ok
test_unavailable_validator_degrades_without_fake_claims (test_w4_ca_trust.LoadContextTests.test_unavailable_validator_degrades_without_fake_claims) ... ok
test_validator_reject_discards_whole_pack (test_w4_ca_trust.LoadContextTests.test_validator_reject_discards_whole_pack) ... ok
test_legacy_candidates_cannot_exceed_canonical (test_w5_compatibility.CompatibilityEnvelopeTests.test_legacy_candidates_cannot_exceed_canonical) ... ok
test_legacy_candidates_equal_admitted_node_adds (test_w5_compatibility.CompatibilityEnvelopeTests.test_legacy_candidates_equal_admitted_node_adds) ... ok
test_revision_is_full_target_sha (test_w5_compatibility.CompatibilityEnvelopeTests.test_revision_is_full_target_sha) ... ok
test_x07_mode_honesty_with_placeholder_key (test_w5_compatibility.CompatibilityEnvelopeTests.test_x07_mode_honesty_with_placeholder_key) ... ok
test_a26_repeat_is_byte_identical (test_w5_compatibility.DeterminismAndIdentityTests.test_a26_repeat_is_byte_identical) ... ok
test_node_id_respects_existing_map_ids (test_w5_compatibility.DeterminismAndIdentityTests.test_node_id_respects_existing_map_ids) ... ok
test_x09_same_basename_files_get_distinct_node_ids (test_w5_compatibility.DeterminismAndIdentityTests.test_x09_same_basename_files_get_distinct_node_ids) ... ok
test_installed_b_exception_shape_not_available (test_w5_compatibility.ErrorBoundaryTests.test_installed_b_exception_shape_not_available) ... ok
test_malformed_facts_shape_controlled_rejection (test_w5_compatibility.ErrorBoundaryTests.test_malformed_facts_shape_controlled_rejection) ... ok
test_malformed_map_shape_controlled_rejection (test_w5_compatibility.ErrorBoundaryTests.test_malformed_map_shape_controlled_rejection) ... ok
test_no_position_anywhere_in_any_proposal (test_w5_compatibility.ErrorBoundaryTests.test_no_position_anywhere_in_any_proposal) ... ok
test_s28_rename_old_path_abuse_rejected (test_w5_compatibility.ErrorBoundaryTests.test_s28_rename_old_path_abuse_rejected) ... ok
test_accepted_deferred_do_not_suppress (test_w5_compatibility.F20ReplayTests.test_accepted_deferred_do_not_suppress) ... ok
test_rejected_candidate_suppressed_and_limit_traced (test_w5_compatibility.F20ReplayTests.test_rejected_candidate_suppressed_and_limit_traced) ... ok
test_end_to_end_on_real_history (test_w6_smoke.RealDiffSmokeTests.test_end_to_end_on_real_history) ... ok
test_chunk_order_finish_and_original_backup (test_worklog.WorklogTests.test_chunk_order_finish_and_original_backup) ... ok
test_concurrent_writers_only_one_wins (test_worklog.WorklogTests.test_concurrent_writers_only_one_wins) ... ok
test_d01_explicit_repo_wins_over_inherited_git_env (test_worklog.WorklogTests.test_d01_explicit_repo_wins_over_inherited_git_env) ... ok
test_d03_unhashable_category_is_controlled_400 (test_worklog.WorklogTests.test_d03_unhashable_category_is_controlled_400) ... ok
test_doc_conversion_adapter (test_worklog.WorklogTests.test_doc_conversion_adapter) ... ok
test_docx_extracts_paragraphs_and_keeps_original (test_worklog.WorklogTests.test_docx_extracts_paragraphs_and_keeps_original) ... ok
test_pdf_and_document_errors (test_worklog.WorklogTests.test_pdf_and_document_errors) ... ok
test_persistence_history_conflict_and_ai_state (test_worklog.WorklogTests.test_persistence_history_conflict_and_ai_state) ... ok
test_real_http_create_import_history_and_conflict (test_worklog.WorklogTests.test_real_http_create_import_history_and_conflict) ... 127.0.0.1 - - [07/Oct/2026 21:38:10] "GET /ext/worklog HTTP/1.1" 200 -
127.0.0.1 - - [07/Oct/2026 21:38:10] "POST /api/extensions/worklog HTTP/1.1" 200 -
127.0.0.1 - - [07/Oct/2026 21:38:10] "POST /api/extensions/worklog HTTP/1.1" 200 -
127.0.0.1 - - [07/Oct/2026 21:38:10] "POST /api/extensions/worklog HTTP/1.1" 409 -
127.0.0.1 - - [07/Oct/2026 21:38:10] "POST /api/extensions/worklog HTTP/1.1" 200 -
127.0.0.1 - - [07/Oct/2026 21:38:10] "POST /api/extensions/worklog HTTP/1.1" 200 -
127.0.0.1 - - [07/Oct/2026 21:38:10] "POST /api/extensions/worklog HTTP/1.1" 200 -
127.0.0.1 - - [07/Oct/2026 21:38:10] "POST /api/extensions/worklog HTTP/1.1" 200 -
127.0.0.1 - - [07/Oct/2026 21:38:10] "POST /api/extensions/worklog HTTP/1.1" 200 -
127.0.0.1 - - [07/Oct/2026 21:38:10] "POST /api/extensions/worklog HTTP/1.1" 200 -
127.0.0.1 - - [07/Oct/2026 21:38:10] "POST /api/extensions/worklog HTTP/1.1" 200 -
127.0.0.1 - - [07/Oct/2026 21:38:10] "GET /api/extensions/worklog?action=file&id=db724f301a434c0e8a2e7b07de4b1ea3 HTTP/1.1" 200 -
127.0.0.1 - - [07/Oct/2026 21:38:10] "GET /api/extensions/worklog?action=list HTTP/1.1" 200 -
ok
test_validation_and_repository_isolation (test_worklog.WorklogTests.test_validation_and_repository_isolation) ... ok

----------------------------------------------------------------------
Ran 1027 tests in 139.572s

OK (skipped=15)
{"hostIngress": {"schemaVersion": "projectmind_https_ingress_v1", "status": "PASS", "certificateAndHostnameVerified": true, "customCA": true, "networkScope": "explicit_ip_tls", "authenticatedChecksRun": true, "observations": [{"check": "login_page", "status": 200, "expected": 200, "passed": true}, {"check": "anonymous_api_rejected", "status": 401, "expected": 401, "passed": true}, {"check": "forged_identity_rejected", "status": 401, "expected": 401, "passed": true}, {"check": "foreign_origin_rejected", "status": 403, "expected": 403, "passed": true}, {"check": "login_1", "status": 200, "expected": 200, "passed": true}, {"check": "authenticated_api_1", "status": 200, "expected": 200, "passed": true}, {"check": "login_2", "status": 200, "expected": 200, "passed": true}, {"check": "authenticated_api_2", "status": 200, "expected": 200, "passed": true}, {"check": "missing_csrf_rejected", "status": 403, "expected": 403, "passed": true}, {"check": "cross_session_csrf_rejected", "status": 403, "expected": 403, "passed": true}, {"check": "logout_1", "status": 200, "expected": 200, "passed": true}, {"check": "logged_out_rejected_1", "status": 401, "expected": 401, "passed": true}, {"check": "logout_2", "status": 200, "expected": 200, "passed": true}, {"check": "logged_out_rejected_2", "status": 401, "expected": 401, "passed": true}], "productDataWritten": false, "scope": "ingress/session checks only; no browser, model, graph approval or task verification"}}
