test_broken_module_import_is_invalid_test_never_pass (test_acceptance_runner.RunnerMetaTests.test_broken_module_import_is_invalid_test_never_pass) ... ok
test_class_without_matching_tests_is_not_run (test_acceptance_runner.RunnerMetaTests.test_class_without_matching_tests_is_not_run) ... ok
test_error_is_fail_never_pass (test_acceptance_runner.RunnerMetaTests.test_error_is_fail_never_pass) ... ok
test_input_hash_changes_with_a_zero_match_selection (test_acceptance_runner.RunnerMetaTests.test_input_hash_changes_with_a_zero_match_selection) ... ok
test_input_hash_covers_all_selections_not_only_the_first (test_acceptance_runner.RunnerMetaTests.test_input_hash_covers_all_selections_not_only_the_first) ... ok
test_missing_module_is_invalid_test_never_pass (test_acceptance_runner.RunnerMetaTests.test_missing_module_is_invalid_test_never_pass) ... ok
test_real_fail_is_fail_never_pass (test_acceptance_runner.RunnerMetaTests.test_real_fail_is_fail_never_pass) ... ok
test_real_pass_is_pass (test_acceptance_runner.RunnerMetaTests.test_real_pass_is_pass) ... ok
test_result_categories_are_explicit_and_only_pass_passes (test_acceptance_runner.RunnerMetaTests.test_result_categories_are_explicit_and_only_pass_passes) ... ok
test_skiptest_is_skip_never_pass (test_acceptance_runner.RunnerMetaTests.test_skiptest_is_skip_never_pass) ... ok
test_zero_match_selection_is_not_run_even_with_passing_sibling (test_acceptance_runner.RunnerMetaTests.test_zero_match_selection_is_not_run_even_with_passing_sibling) ... ok
test_zero_matched_tests_is_not_run_never_pass (test_acceptance_runner.RunnerMetaTests.test_zero_matched_tests_is_not_run_never_pass) ... ok
test_s30_all_green_a30_tests_are_pass (test_acceptance_runner.S30PathMetaTests.test_s30_all_green_a30_tests_are_pass) ... ok
test_s30_broken_enumeration_is_invalid_test (test_acceptance_runner.S30PathMetaTests.test_s30_broken_enumeration_is_invalid_test) ... ok
test_s30_failing_a30_test_is_fail (test_acceptance_runner.S30PathMetaTests.test_s30_failing_a30_test_is_fail) ... ok
test_s30_no_a30_tests_anywhere_is_not_run (test_acceptance_runner.S30PathMetaTests.test_s30_no_a30_tests_anywhere_is_not_run) ... ok
test_s30_skipped_a30_test_is_skip_never_pass (test_acceptance_runner.S30PathMetaTests.test_s30_skipped_a30_test_is_skip_never_pass) ... ok
test_report_round_trips_as_utf8_with_the_default_encoding_disabled (test_acceptance_runner_encoding.AcceptanceRunnerEncodingTests.test_report_round_trips_as_utf8_with_the_default_encoding_disabled) ... ok
test_same_report_under_the_host_default_encoding (test_acceptance_runner_encoding.AcceptanceRunnerEncodingTests.test_same_report_under_the_host_default_encoding) ... ok
test_ai_explanation_only_receives_selected_changed_evidence (test_app.SnapshotTests.test_ai_explanation_only_receives_selected_changed_evidence) ... hint: Using 'master' as the name for the initial branch. This default branch name
hint: is subject to change. To configure the initial branch name to use in all
hint: of your new repositories, which will suppress this warning, call:
hint:
hint: 	git config --global init.defaultBranch <name>
hint:
hint: Names commonly chosen instead of 'master' are 'main', 'trunk' and
hint: 'development'. The just-created branch can be renamed via this command:
hint:
hint: 	git branch -m <name>
hint:
hint: Disable this message with "git config set advice.defaultBranchName false"
ok
test_ai_is_explicitly_unavailable_without_configuration (test_app.SnapshotTests.test_ai_is_explicitly_unavailable_without_configuration) ... ok
test_chosen_repository_needs_its_own_valid_map (test_app.SnapshotTests.test_chosen_repository_needs_its_own_valid_map) ... hint: Using 'master' as the name for the initial branch. This default branch name
hint: is subject to change. To configure the initial branch name to use in all
hint: of your new repositories, which will suppress this warning, call:
hint:
hint: 	git config --global init.defaultBranch <name>
hint:
hint: Names commonly chosen instead of 'master' are 'main', 'trunk' and
hint: 'development'. The just-created branch can be renamed via this command:
hint:
hint: 	git branch -m <name>
hint:
hint: Disable this message with "git config set advice.defaultBranchName false"
ok
test_evidence_is_read_from_pinned_commit_not_worktree (test_app.SnapshotTests.test_evidence_is_read_from_pinned_commit_not_worktree) ... hint: Using 'master' as the name for the initial branch. This default branch name
hint: is subject to change. To configure the initial branch name to use in all
hint: of your new repositories, which will suppress this warning, call:
hint:
hint: 	git config --global init.defaultBranch <name>
hint:
hint: Names commonly chosen instead of 'master' are 'main', 'trunk' and
hint: 'development'. The just-created branch can be renamed via this command:
hint:
hint: 	git branch -m <name>
hint:
hint: Disable this message with "git config set advice.defaultBranchName false"
ok
test_model_request_is_stateless_and_collects_message_text (test_app.SnapshotTests.test_model_request_is_stateless_and_collects_message_text) ... ok
test_only_declared_paths_can_be_read (test_app.SnapshotTests.test_only_declared_paths_can_be_read) ... ok
test_rename_and_delete_only_flag_nodes_with_changed_evidence (test_app.SnapshotTests.test_rename_and_delete_only_flag_nodes_with_changed_evidence) ... hint: Using 'master' as the name for the initial branch. This default branch name
hint: is subject to change. To configure the initial branch name to use in all
hint: of your new repositories, which will suppress this warning, call:
hint:
hint: 	git config --global init.defaultBranch <name>
hint:
hint: Names commonly chosen instead of 'master' are 'main', 'trunk' and
hint: 'development'. The just-created branch can be renamed via this command:
hint:
hint: 	git branch -m <name>
hint:
hint: Disable this message with "git config set advice.defaultBranchName false"
ok
test_actual_fixture_success_does_not_mean_product_pass (test_archloop_d_acceptance.AcceptanceHonestyTests.test_actual_fixture_success_does_not_mean_product_pass) ... ok
test_fixture_generator_refuses_existing_checkout_and_ignores_git_env (test_archloop_d_acceptance.AcceptanceHonestyTests.test_fixture_generator_refuses_existing_checkout_and_ignores_git_env) ... ok
test_wrong_ui_version_or_missing_evidence_is_rejected (test_archloop_d_acceptance.AcceptanceHonestyTests.test_wrong_ui_version_or_missing_evidence_is_rejected) ... ok
test_configured_A_D_factory_requires_real_B_version_binding (test_archloop_d_adapter.AdapterTests.test_configured_A_D_factory_requires_real_B_version_binding) ... ok
test_missing_provider_bindings_are_not_faked (test_archloop_d_adapter.AdapterTests.test_missing_provider_bindings_are_not_faked) ... ok
test_concurrent_stale_writers_no_overwrite (test_archloop_d_fix_tasks.FixTasksTests.test_concurrent_stale_writers_no_overwrite) ... ok
test_done_json_or_claim_is_not_verification (test_archloop_d_fix_tasks.FixTasksTests.test_done_json_or_claim_is_not_verification) ... ok
test_failed_test_does_not_close_deviation (test_archloop_d_fix_tasks.FixTasksTests.test_failed_test_does_not_close_deviation) ... ok
test_fixture_execution_cannot_target_formal_root (test_archloop_d_fix_tasks.FixTasksTests.test_fixture_execution_cannot_target_formal_root) ... ok
test_idempotent_create_history_reopen_and_markdown (test_archloop_d_fix_tasks.FixTasksTests.test_idempotent_create_history_reopen_and_markdown) ... ok
test_json_provider_is_not_actual_verification (test_archloop_d_fix_tasks.FixTasksTests.test_json_provider_is_not_actual_verification) ... ok
test_out_of_scope_wrong_repo_missing_or_old_sha_rejected (test_archloop_d_fix_tasks.FixTasksTests.test_out_of_scope_wrong_repo_missing_or_old_sha_rejected) ... ok
test_real_fix_submission_then_test_and_confirmation (test_archloop_d_fix_tasks.FixTasksTests.test_real_fix_submission_then_test_and_confirmation) ... ok
test_reject_then_rework_keeps_history (test_archloop_d_fix_tasks.FixTasksTests.test_reject_then_rework_keeps_history) ... ok
test_second_client_receives_transfer_without_inheriting_verified (test_archloop_d_fix_tasks.FixTasksTests.test_second_client_receives_transfer_without_inheriting_verified) ... ok
test_unknown_process_planning_and_wrong_evidence_rejected (test_archloop_d_fix_tasks.FixTasksTests.test_unknown_process_planning_and_wrong_evidence_rejected) ... ok
test_unrelated_branch_and_dirty_changes_rejected (test_archloop_d_fix_tasks.FixTasksTests.test_unrelated_branch_and_dirty_changes_rejected) ... ok
test_credentials_and_bad_shapes_rejected (test_archloop_d_handoff.SameVersionTests.test_credentials_and_bad_shapes_rejected) ... ok
test_dirty_workspaces_preserved (test_archloop_d_handoff.SameVersionTests.test_dirty_workspaces_preserved) ... ok
test_inherited_git_environment_does_not_redirect_checks (test_archloop_d_handoff.SameVersionTests.test_inherited_git_environment_does_not_redirect_checks) ... ok
test_missing_source_is_draft_not_trusted (test_archloop_d_handoff.SameVersionTests.test_missing_source_is_draft_not_trusted) ... ok
test_planning_null_sha_round_trip (test_archloop_d_handoff.SameVersionTests.test_planning_null_sha_round_trip) ... ok
test_tampered_packet_even_rehashed_is_not_git_version (test_archloop_d_handoff.SameVersionTests.test_tampered_packet_even_rehashed_is_not_git_version) ... ok
test_two_independent_clones_exact_version_no_formal_write (test_archloop_d_handoff.SameVersionTests.test_two_independent_clones_exact_version_no_formal_write) ... ok
test_worklog_snapshot_reads_fixed_version_without_writing_original (test_archloop_d_handoff.SameVersionTests.test_worklog_snapshot_reads_fixed_version_without_writing_original) ... ok
test_wrong_same_name_repo_rejected (test_archloop_d_handoff.SameVersionTests.test_wrong_same_name_repo_rejected) ... ok
test_confirmation_is_bound_to_session_task_and_preview (test_archloop_d_http.GatewayHttpTests.test_confirmation_is_bound_to_session_task_and_preview) ... ok
test_legacy_http_contract_does_not_open_unprotected_new_write (test_archloop_d_http.GatewayHttpTests.test_legacy_http_contract_does_not_open_unprotected_new_write) ... ok
test_missing_real_provider_does_not_fabricate_verification (test_archloop_d_http.GatewayHttpTests.test_missing_real_provider_does_not_fabricate_verification) ... ok
test_real_http_session_csrf_cross_origin_and_forged_context (test_archloop_d_http.GatewayHttpTests.test_real_http_session_csrf_cross_origin_and_forged_context) ... ok
test_inspection_git_pins_no_lazy_fetch (test_bd_integration.LazyFetchGuardTests.test_inspection_git_pins_no_lazy_fetch) ... ok
test_config_keeps_remote_scheme (test_bd_integration.RemoteSchemeTests.test_config_keeps_remote_scheme) ... ok
test_remotes_keeps_canonical_and_original (test_bd_integration.RemoteSchemeTests.test_remotes_keeps_canonical_and_original) ... ok
test_core_git_strips_inherited_git_env_and_forbids_lazy_fetch (test_bd_integration.WorkNotesRoundtripTests.test_core_git_strips_inherited_git_env_and_forbids_lazy_fetch) ... ok
test_export_with_notes_imports_into_continuity (test_bd_integration.WorkNotesRoundtripTests.test_export_with_notes_imports_into_continuity) ... ok
test_export_without_notes_still_imports (test_bd_integration.WorkNotesRoundtripTests.test_export_without_notes_still_imports) ... ok
test_imported_log_bad_category_returns_400 (test_bd_integration.WorkNotesRoundtripTests.test_imported_log_bad_category_returns_400) ... ok
test_over_limit_notes_truncate_summary_and_keep_full_notes (test_bd_integration.WorkNotesRoundtripTests.test_over_limit_notes_truncate_summary_and_keep_full_notes) ... ok
test_non_string_category_is_400 (test_bd_integration.WorklogCategoryTypeTests.test_non_string_category_is_400) ... ok
test_c04_empty_entries_never_support_node_add (test_c_medium.C04EmptyDeclarations.test_c04_empty_entries_never_support_node_add) ... ok
test_c05_full_identity_still_fires_responsibility (test_c_medium.C05ResponsibilityIdentity.test_c05_full_identity_still_fires_responsibility) ... ok
test_c05_tail_name_match_does_not_fire_responsibility (test_c_medium.C05ResponsibilityIdentity.test_c05_tail_name_match_does_not_fire_responsibility) ... ok
test_c06_aliased_import_module_is_visible (test_c_medium.C06UnsupportedImportSemantics.test_c06_aliased_import_module_is_visible) ... /opt/codex/runtimes/codex-primary-runtime/dependencies/python/lib/python3.12/tempfile.py:940: ResourceWarning: Implicitly cleaning up <TemporaryDirectory '/tmp/tmpm1c11c2q'>
  _warnings.warn(warn_message, ResourceWarning)
ok
test_c06_direct_import_module_is_visible (test_c_medium.C06UnsupportedImportSemantics.test_c06_direct_import_module_is_visible) ... /opt/codex/runtimes/codex-primary-runtime/dependencies/python/lib/python3.12/tempfile.py:940: ResourceWarning: Implicitly cleaning up <TemporaryDirectory '/tmp/tmpydzzzkf5'>
  _warnings.warn(warn_message, ResourceWarning)
ok
test_c06_namespace_package_import_is_visible (test_c_medium.C06UnsupportedImportSemantics.test_c06_namespace_package_import_is_visible) ... ok
test_c06_src_layout_unresolved_internal_import_is_visible (test_c_medium.C06UnsupportedImportSemantics.test_c06_src_layout_unresolved_internal_import_is_visible) ... ok
test_c07_missing_base_comparison_is_visible_degradation (test_c_medium.C07DegradedComparison.test_c07_missing_base_comparison_is_visible_degradation) ... ok
test_c08_entry_point_traversal_path_rejected (test_c_medium.C08PathValidation.test_c08_entry_point_traversal_path_rejected) ... ok
test_c08_supplied_facts_traversal_path_rejected (test_c_medium.C08PathValidation.test_c08_supplied_facts_traversal_path_rejected) ... ok
test_c08_valid_paths_still_accepted (test_c_medium.C08PathValidation.test_c08_valid_paths_still_accepted) ... ok
test_p01_arbitrary_revision_rejected (test_ca_adversarial_pack.AdversarialPackTests.test_p01_arbitrary_revision_rejected) ... ok
test_p02_nonexistent_full_revision_rejected (test_ca_adversarial_pack.AdversarialPackTests.test_p02_nonexistent_full_revision_rejected) ... ok
test_p03_short_revision_rejected (test_ca_adversarial_pack.AdversarialPackTests.test_p03_short_revision_rejected) ... ok
test_p04_head_alias_rejected_for_saved_pack (test_ca_adversarial_pack.AdversarialPackTests.test_p04_head_alias_rejected_for_saved_pack) ... ok
test_p05_uppercase_revision_rejected (test_ca_adversarial_pack.AdversarialPackTests.test_p05_uppercase_revision_rejected) ... ok
test_p06_default_revision_is_actual_head (test_ca_adversarial_pack.AdversarialPackTests.test_p06_default_revision_is_actual_head) ... ok
test_p07_explicit_old_code_revision_is_stale (test_ca_adversarial_pack.AdversarialPackTests.test_p07_explicit_old_code_revision_is_stale) ... ok
test_p08_repo_source_commit_cannot_be_current_at_another_commit (test_ca_adversarial_pack.AdversarialPackTests.test_p08_repo_source_commit_cannot_be_current_at_another_commit) ... ok
test_p09_contract_source_revision_remains_provenance (test_ca_adversarial_pack.AdversarialPackTests.test_p09_contract_source_revision_remains_provenance) ... ok
test_p10_collapsed_claims_preserve_each_source (test_ca_adversarial_pack.AdversarialPackTests.test_p10_collapsed_claims_preserve_each_source) ... ok
test_p11_evidence_covers_every_section (test_ca_adversarial_pack.AdversarialPackTests.test_p11_evidence_covers_every_section) ... ok
test_p12_scalar_implementation_value_does_not_crash (test_ca_adversarial_pack.AdversarialPackTests.test_p12_scalar_implementation_value_does_not_crash) ... ok
test_p13_open_pr_at_generic_key_keeps_warning (test_ca_adversarial_pack.AdversarialPackTests.test_p13_open_pr_at_generic_key_keeps_warning) ... ok
test_p14_proposal_saying_confirmed_remains_proposal (test_ca_adversarial_pack.AdversarialPackTests.test_p14_proposal_saying_confirmed_remains_proposal) ... ok
test_p15_research_masquerading_as_contract_rejected (test_ca_adversarial_pack.AdversarialPackTests.test_p15_research_masquerading_as_contract_rejected) ... ok
test_p16_missing_source_locator_rejected (test_ca_adversarial_pack.AdversarialPackTests.test_p16_missing_source_locator_rejected) ... ok
test_p17_c_task_gets_team_and_contract (test_ca_adversarial_pack.AdversarialPackTests.test_p17_c_task_gets_team_and_contract) ... ok
test_p18_task_filter_excludes_unrelated_evidence_and_counts (test_ca_adversarial_pack.AdversarialPackTests.test_p18_task_filter_excludes_unrelated_evidence_and_counts) ... ok
test_p19_pr_substring_does_not_filter_unknown_task (test_ca_adversarial_pack.AdversarialPackTests.test_p19_pr_substring_does_not_filter_unknown_task) ... ok
test_p20_multi_scope_does_not_pick_a_scope (test_ca_adversarial_pack.AdversarialPackTests.test_p20_multi_scope_does_not_pick_a_scope) ... ok
test_p21_live_verifier_unavailable_is_not_current (test_ca_adversarial_pack.AdversarialPackTests.test_p21_live_verifier_unavailable_is_not_current) ... ok
test_p22_live_stale_replacement_keeps_both_evidence (test_ca_adversarial_pack.AdversarialPackTests.test_p22_live_stale_replacement_keeps_both_evidence) ... ok
test_p23_consumer_expected_revision_mismatch_rejected (test_ca_adversarial_pack.AdversarialPackTests.test_p23_consumer_expected_revision_mismatch_rejected) ... ok
test_p24_missing_evidence_rejected_even_after_rehash (test_ca_adversarial_pack.AdversarialPackTests.test_p24_missing_evidence_rejected_even_after_rehash) ... ok
test_p25_duplicate_evidence_rejected_even_after_rehash (test_ca_adversarial_pack.AdversarialPackTests.test_p25_duplicate_evidence_rejected_even_after_rehash) ... ok
test_p26_modified_source_revision_rejected (test_ca_adversarial_pack.AdversarialPackTests.test_p26_modified_source_revision_rejected) ... ok
test_p27_contract_section_cannot_smuggle_research (test_ca_adversarial_pack.AdversarialPackTests.test_p27_contract_section_cannot_smuggle_research) ... ok
test_p28_proposal_cannot_be_human_decision (test_ca_adversarial_pack.AdversarialPackTests.test_p28_proposal_cannot_be_human_decision) ... ok
test_p29_conflict_requires_human_resolution (test_ca_adversarial_pack.AdversarialPackTests.test_p29_conflict_requires_human_resolution) ... ok
test_p30_stale_cannot_be_current (test_ca_adversarial_pack.AdversarialPackTests.test_p30_stale_cannot_be_current) ... ok
test_p31_wrong_schema_rejected (test_ca_adversarial_pack.AdversarialPackTests.test_p31_wrong_schema_rejected) ... ok
test_p32_current_projection_cannot_drop_scope (test_ca_adversarial_pack.AdversarialPackTests.test_p32_current_projection_cannot_drop_scope) ... ok
test_p33_count_cannot_hide_conflict (test_ca_adversarial_pack.AdversarialPackTests.test_p33_count_cannot_hide_conflict) ... ok
test_p34_open_warning_cannot_be_removed (test_ca_adversarial_pack.AdversarialPackTests.test_p34_open_warning_cannot_be_removed) ... ok
test_p35_task_domain_cannot_be_rewritten (test_ca_adversarial_pack.AdversarialPackTests.test_p35_task_domain_cannot_be_rewritten) ... ok
test_p36_checksum_detects_accidental_modification (test_ca_adversarial_pack.AdversarialPackTests.test_p36_checksum_detects_accidental_modification) ... ok
test_p37_coherent_wrong_human_claim_requires_external_authority (test_ca_adversarial_pack.AdversarialPackTests.test_p37_coherent_wrong_human_claim_requires_external_authority) ... ok
test_p38_extension_exposes_actual_consumer_validator (test_ca_adversarial_pack.AdversarialPackTests.test_p38_extension_exposes_actual_consumer_validator) ... ok
test_p39_extension_rejects_poisoned_pack_as_bad_request (test_ca_adversarial_pack.AdversarialPackTests.test_p39_extension_rejects_poisoned_pack_as_bad_request) ... ok
test_p40_extension_wrong_revision_is_bad_request (test_ca_adversarial_pack.AdversarialPackTests.test_p40_extension_wrong_revision_is_bad_request) ... ok
test_p41_registry_reordering_preserves_pack (test_ca_adversarial_pack.AdversarialPackTests.test_p41_registry_reordering_preserves_pack) ... ok
test_p42_snapshot_commit_is_independent_of_dirty_worktree (test_ca_adversarial_pack.AdversarialPackTests.test_p42_snapshot_commit_is_independent_of_dirty_worktree) ... ok
test_p43_conflicted_alternate_scope_blocks_unqualified_projection (test_ca_adversarial_pack.AdversarialPackTests.test_p43_conflicted_alternate_scope_blocks_unqualified_projection) ... ok
test_p44_unavailable_alternate_scope_blocks_unqualified_projection (test_ca_adversarial_pack.AdversarialPackTests.test_p44_unavailable_alternate_scope_blocks_unqualified_projection) ... ok
test_p45_valid_replacement_across_code_revisions_not_broken (test_ca_adversarial_pack.AdversarialPackTests.test_p45_valid_replacement_across_code_revisions_not_broken) ... ok
test_p46_invalid_graph_single_claim_is_human_required (test_ca_adversarial_pack.AdversarialPackTests.test_p46_invalid_graph_single_claim_is_human_required) ... ok
test_p47_live_matching_value_preserves_verifier_locator (test_ca_adversarial_pack.AdversarialPackTests.test_p47_live_matching_value_preserves_verifier_locator) ... ok
test_p48_cached_origin_reference_is_not_reported_live_remote (test_ca_adversarial_pack.AdversarialPackTests.test_p48_cached_origin_reference_is_not_reported_live_remote) ... ok
test_p49_false_freshness_claim_rejected (test_ca_adversarial_pack.AdversarialPackTests.test_p49_false_freshness_claim_rejected) ... ok
test_p50_fake_current_type_list_rejected (test_ca_adversarial_pack.AdversarialPackTests.test_p50_fake_current_type_list_rejected) ... ok
test_p51_unknown_confirmed_field_rejected (test_ca_adversarial_pack.AdversarialPackTests.test_p51_unknown_confirmed_field_rejected) ... ok
test_p52_unknown_source_field_rejected (test_ca_adversarial_pack.AdversarialPackTests.test_p52_unknown_source_field_rejected) ... ok
test_p53_malformed_nested_pack_is_value_error (test_ca_adversarial_pack.AdversarialPackTests.test_p53_malformed_nested_pack_is_value_error) ... ok
test_p54_unknown_evidence_type_rejected (test_ca_adversarial_pack.AdversarialPackTests.test_p54_unknown_evidence_type_rejected) ... ok
test_p55_generic_unavailable_record_needs_matching_evidence (test_ca_adversarial_pack.AdversarialPackTests.test_p55_generic_unavailable_record_needs_matching_evidence) ... ok
test_p56_generated_fact_derivation_cannot_be_erased (test_ca_adversarial_pack.AdversarialPackTests.test_p56_generated_fact_derivation_cannot_be_erased) ... ok
test_p57_coherent_research_artifact_cannot_authorize_contract (test_ca_adversarial_pack.AdversarialPackTests.test_p57_coherent_research_artifact_cannot_authorize_contract) ... ok
test_p58_research_confirmation_requires_distinct_human_evidence (test_ca_adversarial_pack.AdversarialPackTests.test_p58_research_confirmation_requires_distinct_human_evidence) ... ok
test_p59_superseded_record_needs_replacement_edge (test_ca_adversarial_pack.AdversarialPackTests.test_p59_superseded_record_needs_replacement_edge) ... ok
test_p60_stale_record_cannot_omit_reason (test_ca_adversarial_pack.AdversarialPackTests.test_p60_stale_record_cannot_omit_reason) ... ok
test_a01_three_active_different_values_keep_every_claim (test_ca_adversarial_resolver.ResolverAdversarialTests.test_a01_three_active_different_values_keep_every_claim) ... ok
test_a02_two_equal_plus_one_conflicting_does_not_majority_vote (test_ca_adversarial_resolver.ResolverAdversarialTests.test_a02_two_equal_plus_one_conflicting_does_not_majority_vote) ... ok
test_a03_supersedes_chain_has_one_survivor_and_full_provenance (test_ca_adversarial_resolver.ResolverAdversarialTests.test_a03_supersedes_chain_has_one_survivor_and_full_provenance) ... ok
test_a04_two_node_cycle_requires_human (test_ca_adversarial_resolver.ResolverAdversarialTests.test_a04_two_node_cycle_requires_human) ... ok
test_a05_three_node_cycle_and_tail_cannot_erase_group (test_ca_adversarial_resolver.ResolverAdversarialTests.test_a05_three_node_cycle_and_tail_cannot_erase_group) ... ok
test_a06_self_supersedes_requires_human (test_ca_adversarial_resolver.ResolverAdversarialTests.test_a06_self_supersedes_requires_human) ... ok
test_a07_broken_edge_cannot_supply_unqualified_current (test_ca_adversarial_resolver.ResolverAdversarialTests.test_a07_broken_edge_cannot_supply_unqualified_current) ... ok
test_a08_duplicate_ids_rejected_by_direct_resolve (test_ca_adversarial_resolver.ResolverAdversarialTests.test_a08_duplicate_ids_rejected_by_direct_resolve) ... ok
test_a09_two_distinct_scopes_both_survive_without_global_winner (test_ca_adversarial_resolver.ResolverAdversarialTests.test_a09_two_distinct_scopes_both_survive_without_global_winner) ... ok
test_a10_equal_values_in_two_scopes_do_not_erase_scope (test_ca_adversarial_resolver.ResolverAdversarialTests.test_a10_equal_values_in_two_scopes_do_not_erase_scope) ... ok
test_a11_conflict_in_one_scope_does_not_mask_another_scope (test_ca_adversarial_resolver.ResolverAdversarialTests.test_a11_conflict_in_one_scope_does_not_mask_another_scope) ... ok
test_a12_cross_scope_supersedes_cannot_remove_current (test_ca_adversarial_resolver.ResolverAdversarialTests.test_a12_cross_scope_supersedes_cannot_remove_current) ... ok
test_a13_cross_key_supersedes_cannot_hide_unrelated_truth (test_ca_adversarial_resolver.ResolverAdversarialTests.test_a13_cross_key_supersedes_cannot_hide_unrelated_truth) ... ok
test_a14_historical_cannot_supersede_confirmed_decision (test_ca_adversarial_resolver.ResolverAdversarialTests.test_a14_historical_cannot_supersede_confirmed_decision) ... ok
test_a15_proposal_cannot_supersede_confirmed_architecture (test_ca_adversarial_resolver.ResolverAdversarialTests.test_a15_proposal_cannot_supersede_confirmed_architecture) ... ok
test_a16_cross_scope_historical_supersession_keeps_real_superseder (test_ca_adversarial_resolver.ResolverAdversarialTests.test_a16_cross_scope_historical_supersession_keeps_real_superseder) ... ok
test_a17_many_historical_values_do_not_create_current_conflict (test_ca_adversarial_resolver.ResolverAdversarialTests.test_a17_many_historical_values_do_not_create_current_conflict) ... ok
test_a18_wrong_domain_authority_rejected_in_direct_resolve (test_ca_adversarial_resolver.ResolverAdversarialTests.test_a18_wrong_domain_authority_rejected_in_direct_resolve) ... ok
test_a19_equal_contract_and_human_sources_are_both_preserved (test_ca_adversarial_resolver.ResolverAdversarialTests.test_a19_equal_contract_and_human_sources_are_both_preserved) ... ok
test_a20_empty_registry_is_deterministic_and_json_serializable (test_ca_adversarial_resolver.ResolverAdversarialTests.test_a20_empty_registry_is_deterministic_and_json_serializable) ... ok
test_a21_unavailable_verifier_withholds_current_and_keeps_evidence (test_ca_adversarial_resolver.ResolverAdversarialTests.test_a21_unavailable_verifier_withholds_current_and_keeps_evidence) ... ok
test_a22_verifier_timeout_is_explicit_unavailable (test_ca_adversarial_resolver.ResolverAdversarialTests.test_a22_verifier_timeout_is_explicit_unavailable) ... ok
test_a23_non_dict_verifier_result_is_unavailable (test_ca_adversarial_resolver.ResolverAdversarialTests.test_a23_non_dict_verifier_result_is_unavailable) ... ok
test_a24_missing_value_verifier_result_is_unavailable (test_ca_adversarial_resolver.ResolverAdversarialTests.test_a24_missing_value_verifier_result_is_unavailable) ... ok
test_a25_non_json_live_value_is_unavailable (test_ca_adversarial_resolver.ResolverAdversarialTests.test_a25_non_json_live_value_is_unavailable) ... ok
test_a26_live_replacement_keeps_exact_source_and_original_claim (test_ca_adversarial_resolver.ResolverAdversarialTests.test_a26_live_replacement_keeps_exact_source_and_original_claim) ... ok
test_a27_matching_live_value_keeps_verification_metadata (test_ca_adversarial_resolver.ResolverAdversarialTests.test_a27_matching_live_value_keeps_verification_metadata) ... ok
test_a28_sanitized_key_auto_id_collision_cannot_alias_evidence (test_ca_adversarial_resolver.ResolverAdversarialTests.test_a28_sanitized_key_auto_id_collision_cannot_alias_evidence) ... ok
test_a29_auto_id_cannot_impersonate_registered_claim (test_ca_adversarial_resolver.ResolverAdversarialTests.test_a29_auto_id_cannot_impersonate_registered_claim) ... ok
test_a30_two_stale_equal_live_claims_deduplicate_auto_id_with_all_sources (test_ca_adversarial_resolver.ResolverAdversarialTests.test_a30_two_stale_equal_live_claims_deduplicate_auto_id_with_all_sources) ... ok
test_a31_reordered_invalid_edges_produce_identical_problem_order (test_ca_adversarial_resolver.ResolverAdversarialTests.test_a31_reordered_invalid_edges_produce_identical_problem_order) ... ok
test_a32_nested_dict_order_and_distinct_sources_semantic_duplicate (test_ca_adversarial_resolver.ResolverAdversarialTests.test_a32_nested_dict_order_and_distinct_sources_semantic_duplicate) ... ok
test_a33_json_boolean_is_not_same_as_integer (test_ca_adversarial_resolver.ResolverAdversarialTests.test_a33_json_boolean_is_not_same_as_integer) ... ok
test_a34_stored_state_is_rejected_in_direct_resolve (test_ca_adversarial_resolver.ResolverAdversarialTests.test_a34_stored_state_is_rejected_in_direct_resolve) ... ok
test_a35_unknown_source_kind_rejected_in_direct_resolve (test_ca_adversarial_resolver.ResolverAdversarialTests.test_a35_unknown_source_kind_rejected_in_direct_resolve) ... ok
test_a36_unknown_type_rejected_in_direct_resolve (test_ca_adversarial_resolver.ResolverAdversarialTests.test_a36_unknown_type_rejected_in_direct_resolve) ... ok
test_a37_nested_non_json_value_explicit_validation_error (test_ca_adversarial_resolver.ResolverAdversarialTests.test_a37_nested_non_json_value_explicit_validation_error) ... ok
test_a38_nan_in_registry_is_rejected_with_line_number (test_ca_adversarial_resolver.ResolverAdversarialTests.test_a38_nan_in_registry_is_rejected_with_line_number) ... ok
test_a39_null_is_a_valid_json_value (test_ca_adversarial_resolver.ResolverAdversarialTests.test_a39_null_is_a_valid_json_value) ... ok
test_a40_5000_claims_reorder_without_loss_or_recursion_failure (test_ca_adversarial_resolver.ResolverAdversarialTests.test_a40_5000_claims_reorder_without_loss_or_recursion_failure) ... ok
test_a41_5000_node_chain_does_not_recurse (test_ca_adversarial_resolver.ResolverAdversarialTests.test_a41_5000_node_chain_does_not_recurse) ... ok
test_a42_save_batch_validation_does_not_write_partial_records (test_ca_adversarial_resolver.ResolverAdversarialTests.test_a42_save_batch_validation_does_not_write_partial_records) ... ok
test_a43_save_append_duplicate_fails_before_corruption (test_ca_adversarial_resolver.ResolverAdversarialTests.test_a43_save_append_duplicate_fails_before_corruption) ... ok
test_a44_input_not_mutated_by_live_resolution (test_ca_adversarial_resolver.ResolverAdversarialTests.test_a44_input_not_mutated_by_live_resolution) ... ok
test_a54_research_source_cannot_masquerade_as_current_authority (test_ca_adversarial_resolver.ResolverAdversarialTests.test_a54_research_source_cannot_masquerade_as_current_authority) ... ok
test_a55_distinct_human_confirmation_preserves_research_provenance (test_ca_adversarial_resolver.ResolverAdversarialTests.test_a55_distinct_human_confirmation_preserves_research_provenance) ... ok
test_a45_open_to_closed_transition (test_ca_adversarial_resolver.VerifierAdversarialTests.test_a45_open_to_closed_transition) ... ok
test_a46_open_to_merged_transition_distinguishes_merged (test_ca_adversarial_resolver.VerifierAdversarialTests.test_a46_open_to_merged_transition_distinguishes_merged) ... ok
test_a47_malformed_pr_payload_is_unavailable (test_ca_adversarial_resolver.VerifierAdversarialTests.test_a47_malformed_pr_payload_is_unavailable) ... ok
test_a48_gh_network_failure_is_reported (test_ca_adversarial_resolver.VerifierAdversarialTests.test_a48_gh_network_failure_is_reported) ... ok
test_a49_default_verifies_code_facts_status_and_head (test_ca_adversarial_resolver.VerifierAdversarialTests.test_a49_default_verifies_code_facts_status_and_head) ... ok
test_a50_main_head_drift_stales_claim (test_ca_adversarial_resolver.VerifierAdversarialTests.test_a50_main_head_drift_stales_claim) ... ok
test_a51_main_missing_remote_ref_does_not_fallback_to_local_branch (test_ca_adversarial_resolver.VerifierAdversarialTests.test_a51_main_missing_remote_ref_does_not_fallback_to_local_branch) ... ok
test_a52_main_malformed_sha_is_unavailable (test_ca_adversarial_resolver.VerifierAdversarialTests.test_a52_main_malformed_sha_is_unavailable) ... ok
test_a53_disabled_verification_performs_no_live_calls (test_ca_adversarial_resolver.VerifierAdversarialTests.test_a53_disabled_verification_performs_no_live_calls) ... ok
test_main_head_verifier_ignores_inherited_git_environment (test_ca_git_isolation.ContextAuthorityGitIsolationTests.test_main_head_verifier_ignores_inherited_git_environment) ... ok
test_project_revision_ignores_inherited_git_environment (test_ca_git_isolation.ContextAuthorityGitIsolationTests.test_project_revision_ignores_inherited_git_environment) ... ok
test_pr21_contents_have_exact_source_version (test_ca_live_boundary.LiveBoundaryTests.test_pr21_contents_have_exact_source_version) ... ok
test_registered_snapshot_absence_is_explicitly_bounded (test_ca_live_boundary.LiveBoundaryTests.test_registered_snapshot_absence_is_explicitly_bounded) ... ok
test_sha_units_corrected_with_explicit_supersession (test_ca_live_boundary.LiveBoundaryTests.test_sha_units_corrected_with_explicit_supersession) ... ok
test_utf8_subprocess_output_with_non_ascii_github_text (test_ca_live_boundary.LiveBoundaryTests.test_utf8_subprocess_output_with_non_ascii_github_text) ... ok
test_blob_and_annotated_tag_object_are_rejected (test_code_facts.CollectorAcceptanceTests.test_blob_and_annotated_tag_object_are_rejected) ... ok
test_declared_source_encoding_is_supported (test_code_facts.CollectorAcceptanceTests.test_declared_source_encoding_is_supported) ... ok
test_deep_valid_syntax_is_extracted_or_explicitly_skipped (test_code_facts.CollectorAcceptanceTests.test_deep_valid_syntax_is_extracted_or_explicitly_skipped) ... ok
test_exact_entries_and_definition_lines (test_code_facts.CollectorAcceptanceTests.test_exact_entries_and_definition_lines) ... ok
test_historical_commit_ignores_current_worktree (test_code_facts.CollectorAcceptanceTests.test_historical_commit_ignores_current_worktree) ... ok
test_inherited_git_overrides_cannot_switch_repository (test_code_facts.CollectorAcceptanceTests.test_inherited_git_overrides_cannot_switch_repository) ... ok
test_invalid_path_inputs_are_rejected (test_code_facts.CollectorAcceptanceTests.test_invalid_path_inputs_are_rejected) ... ok
test_local_replacement_refs_cannot_change_sha_evidence (test_code_facts.CollectorAcceptanceTests.test_local_replacement_refs_cannot_change_sha_evidence) ... ok
test_missing_file_in_target_commit_rejects_whole_request (test_code_facts.CollectorAcceptanceTests.test_missing_file_in_target_commit_rejects_whole_request) ... ok
test_none_selects_all_but_empty_paths_selects_nothing (test_code_facts.CollectorAcceptanceTests.test_none_selects_all_but_empty_paths_selects_nothing) ... ok
test_output_is_json_and_evidence_is_checkable_by_consumer (test_code_facts.CollectorAcceptanceTests.test_output_is_json_and_evidence_is_checkable_by_consumer) ... ok
test_oversized_file_is_skipped_without_losing_other_facts (test_code_facts.CollectorAcceptanceTests.test_oversized_file_is_skipped_without_losing_other_facts) ... ok
test_parse_errors_are_skipped_and_other_files_remain_available (test_code_facts.CollectorAcceptanceTests.test_parse_errors_are_skipped_and_other_files_remain_available) ... ok
test_partial_clone_missing_blob_fails_without_fetching_or_writing_packs (test_code_facts.CollectorAcceptanceTests.test_partial_clone_missing_blob_fails_without_fetching_or_writing_packs) ... ok
test_paths_are_exact_not_globs (test_code_facts.CollectorAcceptanceTests.test_paths_are_exact_not_globs) ... ok
test_repository_root_is_required (test_code_facts.CollectorAcceptanceTests.test_repository_root_is_required) ... ok
test_revision_requires_full_lowercase_commit_sha (test_code_facts.CollectorAcceptanceTests.test_revision_requires_full_lowercase_commit_sha) ... ok
test_selected_paths_are_sorted_and_deduplicated (test_code_facts.CollectorAcceptanceTests.test_selected_paths_are_sorted_and_deduplicated) ... ok
test_sha256_repository_when_supported_by_installed_git (test_code_facts.CollectorAcceptanceTests.test_sha256_repository_when_supported_by_installed_git) ... ok
test_source_is_never_executed (test_code_facts.CollectorAcceptanceTests.test_source_is_never_executed) ... ok
test_symlink_and_gitlink_are_skipped (test_code_facts.CollectorAcceptanceTests.test_symlink_and_gitlink_are_skipped) ... ok
test_total_python_budget_rejects_request_with_clear_error (test_code_facts.CollectorAcceptanceTests.test_total_python_budget_rejects_request_with_clear_error) ... ok
test_bad_b_requests_are_400_and_leave_core_routes_usable (test_code_facts.CoreHttpIntegrationTests.test_bad_b_requests_are_400_and_leave_core_routes_usable) ... ok
test_get_post_and_snapshot_share_exact_repository_revision (test_code_facts.CoreHttpIntegrationTests.test_get_post_and_snapshot_share_exact_repository_revision) ... ok
test_real_core_automatically_discovers_and_serves_b_page (test_code_facts.CoreHttpIntegrationTests.test_real_core_automatically_discovers_and_serves_b_page) ... ok
test_space_path_is_exact_for_real_http_get_and_post (test_code_facts.CoreHttpIntegrationTests.test_space_path_is_exact_for_real_http_get_and_post) ... ok
test_unicode_separator_path_is_exact_for_real_http_get_and_post (test_code_facts.CoreHttpIntegrationTests.test_unicode_separator_path_is_exact_for_real_http_get_and_post) ... ok
test_empty_post_paths_stays_empty_and_blank_get_selects_all (test_code_facts.ExtensionAdapterAcceptanceTests.test_empty_post_paths_stays_empty_and_blank_get_selects_all) ... ok
test_get_and_post_have_equivalent_results (test_code_facts.ExtensionAdapterAcceptanceTests.test_get_and_post_have_equivalent_results) ... ok
test_invalid_requests_raise_real_host_extension_error (test_code_facts.ExtensionAdapterAcceptanceTests.test_invalid_requests_raise_real_host_extension_error) ... ok
test_conflict_then_resolution (test_context_authority.ConstructedScenarioTests.test_conflict_then_resolution) ... ok
test_stale_pr_head_flow (test_context_authority.ConstructedScenarioTests.test_stale_pr_head_flow) ... ok
test_verifier_unavailable_is_reported_not_faked (test_context_authority.ConstructedScenarioTests.test_verifier_unavailable_is_reported_not_faked) ... ok
test_get_claims_and_conflicts (test_context_authority.HandleLayerTests.test_get_claims_and_conflicts) ... ok
test_get_state (test_context_authority.HandleLayerTests.test_get_state) ... ok
test_post_context_pack (test_context_authority.HandleLayerTests.test_post_context_pack) ... ok
test_post_context_requires_task (test_context_authority.HandleLayerTests.test_post_context_requires_task) ... ok
test_post_resolve_state (test_context_authority.HandleLayerTests.test_post_resolve_state) ... ok
test_strict_key_validation (test_context_authority.HandleLayerTests.test_strict_key_validation) ... ok
test_f1_role_mapping (test_context_authority.RealDriftFixtureTests.test_f1_role_mapping) ... ok
test_f2_code_facts_shape (test_context_authority.RealDriftFixtureTests.test_f2_code_facts_shape) ... ok
test_f3_code_facts_status (test_context_authority.RealDriftFixtureTests.test_f3_code_facts_status) ... ok
test_f4_line_reference (test_context_authority.RealDriftFixtureTests.test_f4_line_reference) ... ok
test_f5_research_not_promoted (test_context_authority.RealDriftFixtureTests.test_f5_research_not_promoted) ... ok
test_t10_open_never_becomes_merged_automatically (test_context_authority.SpecTests.test_t10_open_never_becomes_merged_automatically) ... ok
test_t11_pack_contains_evidence (test_context_authority.SpecTests.test_t11_pack_contains_evidence) ... ok
test_t12_pack_contains_do_not_assume (test_context_authority.SpecTests.test_t12_pack_contains_do_not_assume) ... ok
test_t13_deterministic (test_context_authority.SpecTests.test_t13_deterministic) ... ok
test_t14_reorder_same_state (test_context_authority.SpecTests.test_t14_reorder_same_state) ... ok
test_t15_unknown_type_rejected (test_context_authority.SpecTests.test_t15_unknown_type_rejected) ... ok
test_t16_invalid_source_rejected (test_context_authority.SpecTests.test_t16_invalid_source_rejected) ... ok
test_t17_duplicate_id_rejected (test_context_authority.SpecTests.test_t17_duplicate_id_rejected) ... ok
test_t18_broken_supersedes_reported (test_context_authority.SpecTests.test_t18_broken_supersedes_reported) ... ok
test_t1_single_verified_fact_resolves (test_context_authority.SpecTests.test_t1_single_verified_fact_resolves) ... ok
test_t2_human_decision_resolves (test_context_authority.SpecTests.test_t2_human_decision_resolves) ... ok
test_t3_proposal_not_in_current (test_context_authority.SpecTests.test_t3_proposal_not_in_current) ... ok
test_t4_research_not_in_current (test_context_authority.SpecTests.test_t4_research_not_in_current) ... ok
test_t5_historical_not_in_current (test_context_authority.SpecTests.test_t5_historical_not_in_current) ... ok
test_t6_supersedes_removes_old_from_current (test_context_authority.SpecTests.test_t6_supersedes_removes_old_from_current) ... ok
test_t7_conflicting_active_claims (test_context_authority.SpecTests.test_t7_conflicting_active_claims) ... ok
test_t8_timestamp_does_not_win (test_context_authority.SpecTests.test_t8_timestamp_does_not_win) ... ok
test_t9_stale_verified_fact_detected (test_context_authority.SpecTests.test_t9_stale_verified_fact_detected) ... ok
test_attachment_roundtrip_missing_and_tampered_hash (test_continuity.ContinuityTests.test_attachment_roundtrip_missing_and_tampered_hash) ... ok
test_capture_worktree_optional_and_snapshot_refresh (test_continuity.ContinuityTests.test_capture_worktree_optional_and_snapshot_refresh) ... ok
test_concurrent_write_conflicts_and_followup (test_continuity.ContinuityTests.test_concurrent_write_conflicts_and_followup) ... ok
test_d02_continuity_storage_survives_corrupted_worklog_db (test_continuity.ContinuityTests.test_d02_continuity_storage_survives_corrupted_worklog_db) ... ok
test_d03_malformed_checklist_state_is_controlled_400 (test_continuity.ContinuityTests.test_d03_malformed_checklist_state_is_controlled_400) ... ok
test_direct_claim_keeps_unchecked_reviews_unverified (test_continuity.ContinuityTests.test_direct_claim_keeps_unchecked_reviews_unverified) ... ok
test_finish_session_preserves_open_items_and_new_entry_point_on_import (test_continuity.ContinuityTests.test_finish_session_preserves_open_items_and_new_entry_point_on_import) ... ok
test_full_sender_receiver_feedback_completion_and_history (test_continuity.ContinuityTests.test_full_sender_receiver_feedback_completion_and_history) ... ok
test_git_checks_renames_changes_source_mismatch_and_worktree (test_continuity.ContinuityTests.test_git_checks_renames_changes_source_mismatch_and_worktree) ... ok
test_import_events_are_not_local_authority_and_survive_next_export (test_continuity.ContinuityTests.test_import_events_are_not_local_authority_and_survive_next_export) ... ok
test_legacy_import_json_and_ai_context_preserve_unknowns (test_continuity.ContinuityTests.test_legacy_import_json_and_ai_context_preserve_unknowns) ... ok
test_logs_are_fixed_snapshots_and_original_untouched (test_continuity.ContinuityTests.test_logs_are_fixed_snapshots_and_original_untouched) ... ok
test_missing_commit_and_map_changed (test_continuity.ContinuityTests.test_missing_commit_and_map_changed) ... ok
test_old_export_import_preserves_feedback_and_handoff (test_continuity.ContinuityTests.test_old_export_import_preserves_feedback_and_handoff) ... ok
test_problem_impact_and_completion_are_distinct (test_continuity.ContinuityTests.test_problem_impact_and_completion_are_distinct) ... ok
test_real_http_import_chunks_export_and_old_pages_available (test_continuity.ContinuityTests.test_real_http_import_chunks_export_and_old_pages_available) ... 127.0.0.1 - - [07/Oct/2026 12:05:03] "GET /ext/continuity HTTP/1.1" 200 -
127.0.0.1 - - [07/Oct/2026 12:05:03] "GET /ext/worklog HTTP/1.1" 200 -
127.0.0.1 - - [07/Oct/2026 12:05:03] "GET /ext/handoff HTTP/1.1" 200 -
127.0.0.1 - - [07/Oct/2026 12:05:03] "POST /api/extensions/continuity HTTP/1.1" 200 -
127.0.0.1 - - [07/Oct/2026 12:05:03] "GET /api/extensions/continuity?action=export&id=c7c94cb3df90428c977d4537fd225daf HTTP/1.1" 200 -
127.0.0.1 - - [07/Oct/2026 12:05:03] "POST /api/extensions/continuity HTTP/1.1" 200 -
127.0.0.1 - - [07/Oct/2026 12:05:03] "POST /api/extensions/continuity HTTP/1.1" 409 -
127.0.0.1 - - [07/Oct/2026 12:05:03] "POST /api/extensions/continuity HTTP/1.1" 200 -
127.0.0.1 - - [07/Oct/2026 12:05:03] "POST /api/extensions/continuity HTTP/1.1" 200 -
127.0.0.1 - - [07/Oct/2026 12:05:03] "GET /api/extensions/continuity?action=inspect&id=aa123d30e6a44e0cae45813326d93d5f HTTP/1.1" 200 -
ok
test_real_http_quick_actions_session_end_and_reimport (test_continuity.ContinuityTests.test_real_http_quick_actions_session_end_and_reimport) ... 127.0.0.1 - - [07/Oct/2026 12:05:03] "POST /api/extensions/continuity HTTP/1.1" 200 -
127.0.0.1 - - [07/Oct/2026 12:05:03] "POST /api/extensions/continuity HTTP/1.1" 200 -
127.0.0.1 - - [07/Oct/2026 12:05:03] "POST /api/extensions/continuity HTTP/1.1" 200 -
127.0.0.1 - - [07/Oct/2026 12:05:03] "POST /api/extensions/continuity HTTP/1.1" 200 -
127.0.0.1 - - [07/Oct/2026 12:05:03] "POST /api/extensions/continuity HTTP/1.1" 400 -
127.0.0.1 - - [07/Oct/2026 12:05:03] "POST /api/extensions/continuity HTTP/1.1" 200 -
127.0.0.1 - - [07/Oct/2026 12:05:03] "GET /api/extensions/continuity?action=export&id=d8fcd512e5e944038b0e80f832a1a881 HTTP/1.1" 200 -
127.0.0.1 - - [07/Oct/2026 12:05:03] "POST /api/extensions/continuity HTTP/1.1" 200 -
ok
test_remote_normalization_and_path_validation (test_continuity.ContinuityTests.test_remote_normalization_and_path_validation) ... ok
test_session_end_rejects_missing_entry_point_atomically_and_stale_writes (test_continuity.ContinuityTests.test_session_end_rejects_missing_entry_point_atomically_and_stale_writes) ... ok
test_task_readiness_not_equals_acceptance (test_continuity.ContinuityTests.test_task_readiness_not_equals_acceptance) ... ok
test_copy_original_log_is_explicit_and_keeps_source_bytes (test_continuity_github.GitHubExperimentTests.test_copy_original_log_is_explicit_and_keeps_source_bytes) ... ok
test_export_reimport_and_session_retain_references (test_continuity_github.GitHubExperimentTests.test_export_reimport_and_session_retain_references) ... ok
test_imported_file_references_and_http_discovery (test_continuity_github.GitHubExperimentTests.test_imported_file_references_and_http_discovery) ... 127.0.0.1 - - [07/Oct/2026 12:05:04] "GET /api/extensions HTTP/1.1" 200 -
127.0.0.1 - - [07/Oct/2026 12:05:04] "GET /ext/continuity_github HTTP/1.1" 200 -
127.0.0.1 - - [07/Oct/2026 12:05:04] "GET /api/extensions/continuity_github?action=log_page HTTP/1.1" 200 -
127.0.0.1 - - [07/Oct/2026 12:05:04] "POST /api/extensions/continuity_github HTTP/1.1" 200 -
ok
test_inherited_git_environment_cannot_redirect_the_experimental_store (test_continuity_github.GitHubExperimentTests.test_inherited_git_environment_cannot_redirect_the_experimental_store) ... ok
test_isolated_logs_history_conflicts_and_fixed_handoff (test_continuity_github.GitHubExperimentTests.test_isolated_logs_history_conflicts_and_fixed_handoff) ... ok
test_links_are_canonical_fixed_and_unverified (test_continuity_github.GitHubExperimentTests.test_links_are_canonical_fixed_and_unverified) ... ok
test_local_code_requires_repository_identity (test_continuity_github.GitHubExperimentTests.test_local_code_requires_repository_identity) ... ok
test_log_page_is_served_as_exact_utf8_text (test_continuity_github.GitHubExperimentTests.test_log_page_is_served_as_exact_utf8_text) ... ok
test_a30_d_extension_routes_survive_runtime_system_exit (test_extensions.ExtensionHttpTests.test_a30_d_extension_routes_survive_runtime_system_exit) ... 127.0.0.1 - - [07/Oct/2026 12:05:05] "GET /api/extensions/exiting_runtime HTTP/1.1" 500 -
127.0.0.1 - - [07/Oct/2026 12:05:05] "GET /api/extensions HTTP/1.1" 200 -
127.0.0.1 - - [07/Oct/2026 12:05:05] "GET /api/extensions/worklog HTTP/1.1" 200 -
127.0.0.1 - - [07/Oct/2026 12:05:05] "GET /api/extensions/handoff HTTP/1.1" 200 -
127.0.0.1 - - [07/Oct/2026 12:05:05] "GET /api/extensions/continuity HTTP/1.1" 200 -
127.0.0.1 - - [07/Oct/2026 12:05:05] "GET /api/extensions/project_summary HTTP/1.1" 200 -
127.0.0.1 - - [07/Oct/2026 12:05:05] "GET /api/snapshot HTTP/1.1" 200 -
ok
test_a30_host_run_contract_direct (test_extensions.ExtensionHttpTests.test_a30_host_run_contract_direct) ... ok
test_a30_runtime_base_exception_family_is_contained (test_extensions.ExtensionHttpTests.test_a30_runtime_base_exception_family_is_contained) ... 127.0.0.1 - - [07/Oct/2026 12:05:05] "GET /api/extensions/raises_ki HTTP/1.1" 500 -
127.0.0.1 - - [07/Oct/2026 12:05:05] "GET /api/extensions/raises_ge HTTP/1.1" 500 -
127.0.0.1 - - [07/Oct/2026 12:05:05] "GET /api/snapshot HTTP/1.1" 200 -
ok
test_a30_runtime_system_exit_is_contained_as_extension_error (test_extensions.ExtensionHttpTests.test_a30_runtime_system_exit_is_contained_as_extension_error) ... 127.0.0.1 - - [07/Oct/2026 12:05:06] "GET /api/extensions/exiting_runtime HTTP/1.1" 500 -
127.0.0.1 - - [07/Oct/2026 12:05:06] "GET /api/extensions/healthy HTTP/1.1" 200 -
127.0.0.1 - - [07/Oct/2026 12:05:06] "GET /api/snapshot HTTP/1.1" 200 -
127.0.0.1 - - [07/Oct/2026 12:05:06] "GET /api/extensions HTTP/1.1" 200 -
ok
test_broken_extension_is_reported_without_breaking_existing_map (test_extensions.ExtensionHttpTests.test_broken_extension_is_reported_without_breaking_existing_map) ... 127.0.0.1 - - [07/Oct/2026 12:05:06] "GET /api/extensions HTTP/1.1" 200 -
127.0.0.1 - - [07/Oct/2026 12:05:06] "GET /api/snapshot HTTP/1.1" 200 -
127.0.0.1 - - [07/Oct/2026 12:05:06] "GET /api/extensions/broken HTTP/1.1" 503 -
ok
test_new_directory_provides_api_and_page_without_core_edits (test_extensions.ExtensionHttpTests.test_new_directory_provides_api_and_page_without_core_edits) ... 127.0.0.1 - - [07/Oct/2026 12:05:07] "GET /api/extensions HTTP/1.1" 200 -
127.0.0.1 - - [07/Oct/2026 12:05:07] "GET /ext/team_facts HTTP/1.1" 200 -
127.0.0.1 - - [07/Oct/2026 12:05:07] "GET /api/extensions/team_facts?value=from-get HTTP/1.1" 200 -
127.0.0.1 - - [07/Oct/2026 12:05:07] "POST /api/extensions/team_facts HTTP/1.1" 200 -
127.0.0.1 - - [07/Oct/2026 12:05:07] "POST /api/extensions/team_facts HTTP/1.1" 400 -
ok
test_runtime_failure_is_contained_and_other_routes_still_work (test_extensions.ExtensionHttpTests.test_runtime_failure_is_contained_and_other_routes_still_work) ... 127.0.0.1 - - [07/Oct/2026 12:05:07] "GET /api/extensions/runtime_failure HTTP/1.1" 500 -
127.0.0.1 - - [07/Oct/2026 12:05:07] "GET /api/snapshot HTTP/1.1" 200 -
ok
test_shipped_example_is_discovered_and_has_a_default_page (test_extensions.ExtensionHttpTests.test_shipped_example_is_discovered_and_has_a_default_page) ... 127.0.0.1 - - [07/Oct/2026 12:05:08] "GET / HTTP/1.1" 200 -
127.0.0.1 - - [07/Oct/2026 12:05:08] "GET /extensions.js HTTP/1.1" 200 -
127.0.0.1 - - [07/Oct/2026 12:05:08] "GET /api/extensions HTTP/1.1" 200 -
127.0.0.1 - - [07/Oct/2026 12:05:08] "GET /api/extensions/project_summary HTTP/1.1" 200 -
127.0.0.1 - - [07/Oct/2026 12:05:08] "GET /api/snapshot HTTP/1.1" 200 -
127.0.0.1 - - [07/Oct/2026 12:05:08] "GET /ext/project_summary HTTP/1.1" 200 -
ok
test_system_exit_during_load_does_not_stop_core_or_other_extensions (test_extensions.ExtensionHttpTests.test_system_exit_during_load_does_not_stop_core_or_other_extensions) ... 127.0.0.1 - - [07/Oct/2026 12:05:09] "GET /api/snapshot HTTP/1.1" 200 -
127.0.0.1 - - [07/Oct/2026 12:05:09] "GET /api/extensions HTTP/1.1" 200 -
127.0.0.1 - - [07/Oct/2026 12:05:09] "GET /api/extensions/healthy HTTP/1.1" 200 -
ok
test_actual_host_discovers_extension_and_adapter_rejects_stale_page (test_handoff.HandoffTests.test_actual_host_discovers_extension_and_adapter_rejects_stale_page) ... ok
test_ai_context_keeps_versions_limits_and_work_notes (test_handoff.HandoffTests.test_ai_context_keeps_versions_limits_and_work_notes) ... ok
test_complete_and_no_mutation (test_handoff.HandoffTests.test_complete_and_no_mutation) ... ok
test_invalid_source_and_comparison (test_handoff.HandoffTests.test_invalid_source_and_comparison) ... ok
test_live_http_page_generate_and_stale_error (test_handoff.HandoffTests.test_live_http_page_generate_and_stale_error) ... 127.0.0.1 - - [07/Oct/2026 12:05:09] "GET /ext/handoff HTTP/1.1" 200 -
127.0.0.1 - - [07/Oct/2026 12:05:09] "GET /api/snapshot HTTP/1.1" 200 -
127.0.0.1 - - [07/Oct/2026 12:05:09] "POST /api/extensions/handoff HTTP/1.1" 200 -
127.0.0.1 - - [07/Oct/2026 12:05:09] "POST /api/extensions/handoff HTTP/1.1" 400 -
ok
test_local_path_and_missing_evidence_visible (test_handoff.HandoffTests.test_local_path_and_missing_evidence_visible) ... ok
test_main_resolves_local_tracking_ref_each_time (test_handoff.HandoffTests.test_main_resolves_local_tracking_ref_each_time) ... ok
test_main_revision_ignores_inherited_git_environment (test_handoff.HandoffTests.test_main_revision_ignores_inherited_git_environment) ... ok
test_markdown_distinguishes_missing_comparison_and_unmapped_changes (test_handoff.HandoffTests.test_markdown_distinguishes_missing_comparison_and_unmapped_changes) ... ok
test_markdown_is_readable_and_escapes_source_markup (test_handoff.HandoffTests.test_markdown_is_readable_and_escapes_source_markup) ... ok
test_markdown_preserves_replay_information (test_handoff.HandoffTests.test_markdown_preserves_replay_information) ... ok
test_notes_are_separate_unverified_records_and_validate_types (test_handoff.HandoffTests.test_notes_are_separate_unverified_records_and_validate_types) ... ok
test_reject_malformed_ai_lists_and_short_baseline (test_handoff.HandoffTests.test_reject_malformed_ai_lists_and_short_baseline) ... ok
test_reject_wrong_ai_version_and_fabricated_evidence (test_handoff.HandoffTests.test_reject_wrong_ai_version_and_fabricated_evidence) ... ok
test_unmapped_changes_include_only_changes_without_declared_paths (test_handoff.HandoffTests.test_unmapped_changes_include_only_changes_without_declared_paths) ... ok
test_without_optional_inputs_does_not_claim_no_changes (test_handoff.HandoffTests.test_without_optional_inputs_does_not_claim_no_changes) ... ok
test_b_unavailable_degraded_with_limits_no_fabricated_fact (test_map_proposal.BGateTests.test_b_unavailable_degraded_with_limits_no_fabricated_fact) ... ok
test_installed_b_mismatch_rejected (test_map_proposal.BGateTests.test_installed_b_mismatch_rejected) ... ok
test_installed_b_shape_exception_degraded_not_crash (test_map_proposal.BGateTests.test_installed_b_shape_exception_degraded_not_crash) ... ok
test_supplied_mismatch_rejected_on_empty_changes (test_map_proposal.BGateTests.test_supplied_mismatch_rejected_on_empty_changes) ... ok
test_supplied_mismatch_rejected_on_normal_path (test_map_proposal.BGateTests.test_supplied_mismatch_rejected_on_normal_path) ... ok
test_supplied_mismatch_rejected_on_same_revision (test_map_proposal.BGateTests.test_supplied_mismatch_rejected_on_same_revision) ... ok
test_supplied_non_dict_shape_controlled_rejection (test_map_proposal.BGateTests.test_supplied_non_dict_shape_controlled_rejection) ... ok
test_canonical_buckets_and_request_trace (test_map_proposal.CanonicalAndIdentityTests.test_canonical_buckets_and_request_trace) ... ok
test_determinism_same_input_same_output (test_map_proposal.CanonicalAndIdentityTests.test_determinism_same_input_same_output) ... ok
test_legacy_projection_from_admitted_node_add_only (test_map_proposal.CanonicalAndIdentityTests.test_legacy_projection_from_admitted_node_add_only) ... ok
test_make_proposal_rejects_position_and_empty_evidence (test_map_proposal.CanonicalAndIdentityTests.test_make_proposal_rejects_position_and_empty_evidence) ... ok
test_mode_honesty_no_ai_candidate_without_model (test_map_proposal.CanonicalAndIdentityTests.test_mode_honesty_no_ai_candidate_without_model) ... ok
test_node_id_collision_widening (test_map_proposal.CanonicalAndIdentityTests.test_node_id_collision_widening) ... ok
test_proposal_id_stable_and_payload_sensitive (test_map_proposal.CanonicalAndIdentityTests.test_proposal_id_stable_and_payload_sensitive) ... ok
test_core_changes_mapped_to_changed_paths (test_map_proposal.CoreCompareAdapterTests.test_core_changes_mapped_to_changed_paths) ... ok
test_edge_unknown_reference_rejected (test_map_proposal.MapIntakeTests.test_edge_unknown_reference_rejected) ... ok
test_empty_nodes_rejected (test_map_proposal.MapIntakeTests.test_empty_nodes_rejected) ... ok
test_missing_current_map_rejected (test_map_proposal.MapIntakeTests.test_missing_current_map_rejected) ... ok
test_missing_node_id_rejected (test_map_proposal.MapIntakeTests.test_missing_node_id_rejected) ... ok
test_map_file_hash_unchanged (test_map_proposal.NoMapWriteTests.test_map_file_hash_unchanged) ... ok
test_facts_and_entry_point_paths_bounded (test_map_proposal.PathSafetyTests.test_facts_and_entry_point_paths_bounded) ... ok
test_unsafe_changed_paths_rejected (test_map_proposal.PathSafetyTests.test_unsafe_changed_paths_rejected) ... ok
test_unsafe_map_evidence_path_rejected (test_map_proposal.PathSafetyTests.test_unsafe_map_evidence_path_rejected) ... ok
test_base_equals_target_zero_proposal_after_gates (test_map_proposal.PinGateTests.test_base_equals_target_zero_proposal_after_gates) ... ok
test_empty_changes_with_different_pins_rejected (test_map_proposal.PinGateTests.test_empty_changes_with_different_pins_rejected) ... ok
test_full_40_and_64_hex_accepted (test_map_proposal.PinGateTests.test_full_40_and_64_hex_accepted) ... ok
test_head_and_short_sha_rejected (test_map_proposal.PinGateTests.test_head_and_short_sha_rejected) ... ok
test_missing_pins_controlled_rejection_no_snapshot_fallback (test_map_proposal.PinGateTests.test_missing_pins_controlled_rejection_no_snapshot_fallback) ... ok
test_changed_skipped_becomes_human_required (test_map_proposal.SkippedEligibilityTests.test_changed_skipped_becomes_human_required) ... ok
test_unchanged_skipped_not_reported (test_map_proposal.SkippedEligibilityTests.test_unchanged_skipped_not_reported) ... ok
test_unified_eligibility (test_map_proposal.SkippedEligibilityTests.test_unified_eligibility) ... ok
test_drifted_anchor_is_anchor_not_found (test_mutation_runner.MutationRunnerMetaTests.test_drifted_anchor_is_anchor_not_found) ... ok
test_environment_fault_in_baseline_is_not_a_kill (test_mutation_runner.MutationRunnerMetaTests.test_environment_fault_in_baseline_is_not_a_kill) ... ok
test_environment_fault_in_post_mutation_guards_is_not_a_kill (test_mutation_runner.MutationRunnerMetaTests.test_environment_fault_in_post_mutation_guards_is_not_a_kill) ... ok
test_green_guards_on_valid_mutation_is_missed_never_caught (test_mutation_runner.MutationRunnerMetaTests.test_green_guards_on_valid_mutation_is_missed_never_caught) ... ok
test_invalid_python_after_mutation_is_invalid_mutation_never_caught (test_mutation_runner.MutationRunnerMetaTests.test_invalid_python_after_mutation_is_invalid_mutation_never_caught) ... ok
test_red_guards_on_valid_mutation_is_semantic_caught (test_mutation_runner.MutationRunnerMetaTests.test_red_guards_on_valid_mutation_is_semantic_caught) ... ok
test_get_method_allowed_post_only_others_rejected (test_p06_matrix_closure.ExtensionSeamBoundary.test_get_method_allowed_post_only_others_rejected) ... ok
test_malicious_map_text_controlled_rejection_not_crash (test_p06_matrix_closure.ExtensionSeamBoundary.test_malicious_map_text_controlled_rejection_not_crash) ... ok
test_missing_pin_is_400_not_head_fallback (test_p06_matrix_closure.ExtensionSeamBoundary.test_missing_pin_is_400_not_head_fallback) ... ok
test_unparseable_entry_point_is_visible_degradation_not_silence (test_p06_matrix_closure.P07EntryPointDiagnostics.test_unparseable_entry_point_is_visible_degradation_not_silence) ... ok
test_s04_subdirectory_move_link_change (test_p06_matrix_closure.S04SubdirectoryRename.test_s04_subdirectory_move_link_change) ... ok
test_s08_line_and_quote_drift_only_zero_proposals (test_p06_matrix_closure.S08FormattingOnly.test_s08_line_and_quote_drift_only_zero_proposals) ... ok
test_s12_test_and_generated_noise_no_business_candidates (test_p06_matrix_closure.S12TestNoise.test_s12_test_and_generated_noise_no_business_candidates) ... ok
test_s17_multi_owner_relation_ends_low_confidence_not_arbitrary (test_p06_matrix_closure.S17MultiOwnerAmbiguity.test_s17_multi_owner_relation_ends_low_confidence_not_arbitrary) ... ok
test_s18_added_file_without_b_entries_unresolved_unknown (test_p06_matrix_closure.S18MissingEvidence.test_s18_added_file_without_b_entries_unresolved_unknown) ... ok
test_s27_malformed_map_evidence_inside_valid_context_rejected (test_p06_matrix_closure.S27MalformedWithContext.test_s27_malformed_map_evidence_inside_valid_context_rejected) ... ok
test_real_history_end_to_end_deterministic_no_map_write (test_real_b_integration.RealBIntegrationTests.test_real_history_end_to_end_deterministic_no_map_write) ... skipped 'real B implementation not found: G:\\jiagou\\projectmind-integration-bd/extensions/code_facts/facts.py'
test_real_wanted_paths_removed_path_strictness (test_real_b_integration.RealBIntegrationTests.test_real_wanted_paths_removed_path_strictness) ... skipped 'real B implementation not found: G:\\jiagou\\projectmind-integration-bd/extensions/code_facts/facts.py'
test_s02_s13_real_collector_supplied_pipeline (test_real_b_integration.RealBIntegrationTests.test_s02_s13_real_collector_supplied_pipeline) ... skipped 'real B implementation not found: G:\\jiagou\\projectmind-integration-bd/extensions/code_facts/facts.py'
test_s06_real_base_delta_gives_responsibility_change (test_real_b_integration.RealBIntegrationTests.test_s06_real_base_delta_gives_responsibility_change) ... skipped 'real B implementation not found: G:\\jiagou\\projectmind-integration-bd/extensions/code_facts/facts.py'
test_s14_real_revision_mismatch_rejected_same_revision_safe (test_real_b_integration.RealBIntegrationTests.test_s14_real_revision_mismatch_rejected_same_revision_safe) ... skipped 'real B implementation not found: G:\\jiagou\\projectmind-integration-bd/extensions/code_facts/facts.py'
test_s15_real_collector_unavailable_and_exception (test_real_b_integration.RealBIntegrationTests.test_s15_real_collector_unavailable_and_exception) ... skipped 'real B implementation not found: G:\\jiagou\\projectmind-integration-bd/extensions/code_facts/facts.py'
test_p05b_t1_context_enrichment_labeled_relevant_only (test_real_ca_integration.RealCAIntegrationTests.test_p05b_t1_context_enrichment_labeled_relevant_only) ... skipped 'real CA implementation not found: G:\\jiagou\\projectmind-context-authority/extensions/context_authority/context_pack.py'
test_p05b_t2_field_level_support_labels (test_real_ca_integration.RealCAIntegrationTests.test_p05b_t2_field_level_support_labels) ... ok
test_p05b_t3_head_confirmed_against_pin (test_real_ca_integration.RealCAIntegrationTests.test_p05b_t3_head_confirmed_against_pin) ... skipped 'real CA implementation not found: G:\\jiagou\\projectmind-context-authority/extensions/context_authority/context_pack.py'
test_p05b_t3_head_contradiction_marks_pack_untrusted (test_real_ca_integration.RealCAIntegrationTests.test_p05b_t3_head_contradiction_marks_pack_untrusted) ... skipped 'real CA implementation not found: G:\\jiagou\\projectmind-context-authority/extensions/context_authority/context_pack.py'
test_real_pack_metadata_round_trip (test_real_ca_integration.RealCAIntegrationTests.test_real_pack_metadata_round_trip) ... skipped 'real CA implementation not found: G:\\jiagou\\projectmind-context-authority/extensions/context_authority/context_pack.py'
test_s19_s25_real_pack_conflict_routing_and_poison_non_attach (test_real_ca_integration.RealCAIntegrationTests.test_s19_s25_real_pack_conflict_routing_and_poison_non_attach) ... skipped 'real CA implementation not found: G:\\jiagou\\projectmind-context-authority/extensions/context_authority/context_pack.py'
test_s20_real_stale_partition_never_read (test_real_ca_integration.RealCAIntegrationTests.test_s20_real_stale_partition_never_read) ... skipped 'real CA implementation not found: G:\\jiagou\\projectmind-context-authority/extensions/context_authority/context_pack.py'
test_s21_real_multi_scope_both_in_selection_layer (test_real_ca_integration.RealCAIntegrationTests.test_s21_real_multi_scope_both_in_selection_layer) ... skipped 'real CA implementation not found: G:\\jiagou\\projectmind-context-authority/extensions/context_authority/context_pack.py'
test_s24_tampered_real_pack_rejected_whole_pack_discarded (test_real_ca_integration.RealCAIntegrationTests.test_s24_tampered_real_pack_rejected_whole_pack_discarded) ... skipped 'real CA implementation not found: G:\\jiagou\\projectmind-context-authority/extensions/context_authority/context_pack.py'
test_changes_between_full_shas (test_repo_explorer_changes.ChangesEndpointTests.test_changes_between_full_shas) ... 127.0.0.1 - - [07/Oct/2026 12:05:11] "POST /api/repo-explorer/open HTTP/1.1" 200 -
127.0.0.1 - - [07/Oct/2026 12:05:11] "GET /api/repo-explorer/changes?projectId=8917b62445d949639243a02310a58d8e&base=23c1eee3234e448f9982dabe07428ee44054e589&target=9abd9b1a7ef6af48cae3930c82cf442bb21b174a HTTP/1.1" 200 -
ok
test_identical_shas_yield_empty_changes (test_repo_explorer_changes.ChangesEndpointTests.test_identical_shas_yield_empty_changes) ... 127.0.0.1 - - [07/Oct/2026 12:05:12] "POST /api/repo-explorer/open HTTP/1.1" 200 -
127.0.0.1 - - [07/Oct/2026 12:05:12] "GET /api/repo-explorer/changes?projectId=ce4287d2aafa4bdab794ba03abf81a2e&base=f50b9d06329413f6c876a5f8ebb451a1a2f58d07&target=f50b9d06329413f6c876a5f8ebb451a1a2f58d07 HTTP/1.1" 200 -
ok
test_missing_params_are_rejected (test_repo_explorer_changes.ChangesEndpointTests.test_missing_params_are_rejected) ... 127.0.0.1 - - [07/Oct/2026 12:05:12] "POST /api/repo-explorer/open HTTP/1.1" 200 -
127.0.0.1 - - [07/Oct/2026 12:05:12] "GET /api/repo-explorer/changes?projectId=c39a9cd3155f47fa9df0e99a32ec7c00&base=0d2eb9d53c1d78fcbd1f5fc3b964a7bc411fa358 HTTP/1.1" 400 -
ok
test_name_status_parser_preserves_non_utf8_identity (test_repo_explorer_changes.ChangesEndpointTests.test_name_status_parser_preserves_non_utf8_identity) ... 127.0.0.1 - - [07/Oct/2026 12:05:13] "POST /api/repo-explorer/open HTTP/1.1" 200 -
ok
test_non_full_sha_revisions_are_rejected (test_repo_explorer_changes.ChangesEndpointTests.test_non_full_sha_revisions_are_rejected) ... 127.0.0.1 - - [07/Oct/2026 12:05:13] "POST /api/repo-explorer/open HTTP/1.1" 200 -
127.0.0.1 - - [07/Oct/2026 12:05:13] "GET /api/repo-explorer/changes?projectId=54cc45cdec7f4a7bae63b7325bb17862&base=HEAD&target=32cd6880f960bf364470c22b74d390c40f165ff2 HTTP/1.1" 400 -
127.0.0.1 - - [07/Oct/2026 12:05:13] "GET /api/repo-explorer/changes?projectId=54cc45cdec7f4a7bae63b7325bb17862&base=main&target=32cd6880f960bf364470c22b74d390c40f165ff2 HTTP/1.1" 400 -
127.0.0.1 - - [07/Oct/2026 12:05:13] "GET /api/repo-explorer/changes?projectId=54cc45cdec7f4a7bae63b7325bb17862&base=3fd115a9&target=32cd6880f960bf364470c22b74d390c40f165ff2 HTTP/1.1" 400 -
ok
test_unknown_full_sha_is_rejected (test_repo_explorer_changes.ChangesEndpointTests.test_unknown_full_sha_is_rejected) ... 127.0.0.1 - - [07/Oct/2026 12:05:14] "POST /api/repo-explorer/open HTTP/1.1" 200 -
127.0.0.1 - - [07/Oct/2026 12:05:14] "GET /api/repo-explorer/changes?projectId=d6e159adb0444a85be99da00ec8eb304&base=0000000000000000000000000000000000000000&target=2e5a7cd96147fdad78576156d3c62959e0c39c8a HTTP/1.1" 400 -
ok
test_add_display_collision_keeps_two_distinct_entries (test_repo_explorer_changes_identity.ChangesIdentityFixtureTests.test_add_display_collision_keeps_two_distinct_entries) ... 127.0.0.1 - - [07/Oct/2026 12:05:14] "POST /api/repo-explorer/open HTTP/1.1" 200 -
127.0.0.1 - - [07/Oct/2026 12:05:14] "GET /api/repo-explorer/changes?projectId=70303cef889c498c876f8edc938dc484&base=4b0c229239ffd6f401fb4d17442417425496d09e&target=7057fc79e9ba11385d45ed85bfc72539fb05a5ac HTTP/1.1" 200 -
ok
test_delete_display_collision_keeps_two_distinct_entries (test_repo_explorer_changes_identity.ChangesIdentityFixtureTests.test_delete_display_collision_keeps_two_distinct_entries) ... 127.0.0.1 - - [07/Oct/2026 12:05:15] "POST /api/repo-explorer/open HTTP/1.1" 200 -
127.0.0.1 - - [07/Oct/2026 12:05:15] "GET /api/repo-explorer/changes?projectId=810ce8101f564e559c25ea43009d357f&base=ecc94809787a584c0728c3a11e9f9972ccce80c5&target=3bc451c95caefd24bec28de5b0c26b7b867e97cb HTTP/1.1" 200 -
ok
test_machine_identity_is_not_openable_as_source_path (test_repo_explorer_changes_identity.ChangesIdentityFixtureTests.test_machine_identity_is_not_openable_as_source_path) ... 127.0.0.1 - - [07/Oct/2026 12:05:15] "POST /api/repo-explorer/open HTTP/1.1" 200 -
127.0.0.1 - - [07/Oct/2026 12:05:15] "GET /api/repo-explorer/changes?projectId=8533e32508ba4f5e8b1f8ea12c874d85&base=ecc94809787a584c0728c3a11e9f9972ccce80c5&target=3bc451c95caefd24bec28de5b0c26b7b867e97cb HTTP/1.1" 200 -
127.0.0.1 - - [07/Oct/2026 12:05:15] "GET /api/repo-explorer/file?projectId=8533e32508ba4f5e8b1f8ea12c874d85&revision=3bc451c95caefd24bec28de5b0c26b7b867e97cb&path=%00b64%3AYWRkLf8ucHk%3D&startLine=1&endLine=10 HTTP/1.1" 400 -
ok
test_modify_display_collision_keeps_two_distinct_entries (test_repo_explorer_changes_identity.ChangesIdentityFixtureTests.test_modify_display_collision_keeps_two_distinct_entries) ... 127.0.0.1 - - [07/Oct/2026 12:05:16] "POST /api/repo-explorer/open HTTP/1.1" 200 -
127.0.0.1 - - [07/Oct/2026 12:05:16] "GET /api/repo-explorer/changes?projectId=b0b1f927d6f94243bc4989510875e853&base=145ed57793b844304bce8f34927b4d4633e585a4&target=5574d5c99b8a02ef8636a466299bc4588c897a22 HTTP/1.1" 200 -
ok
test_plain_rename_fields_unchanged (test_repo_explorer_changes_identity.ChangesIdentityFixtureTests.test_plain_rename_fields_unchanged) ... 127.0.0.1 - - [07/Oct/2026 12:05:17] "POST /api/repo-explorer/open HTTP/1.1" 200 -
ok
test_rename_display_collision_keeps_old_and_new_identities (test_repo_explorer_changes_identity.ChangesIdentityFixtureTests.test_rename_display_collision_keeps_old_and_new_identities) ... 127.0.0.1 - - [07/Oct/2026 12:05:17] "POST /api/repo-explorer/open HTTP/1.1" 200 -
127.0.0.1 - - [07/Oct/2026 12:05:17] "GET /api/repo-explorer/changes?projectId=afde7e4fd5cf484192041f72ee1013b1&base=9e42d2141de1683af5e63e511301c81c1a885707&target=4b50c3e1d371d6b8dd0a3677ce1a02710257372e HTTP/1.1" 200 -
ok
test_ui_change_rows_keep_colliding_entries_distinct (test_repo_explorer_changes_identity.ChangesIdentityFixtureTests.test_ui_change_rows_keep_colliding_entries_distinct) ... 127.0.0.1 - - [07/Oct/2026 12:05:18] "POST /api/repo-explorer/open HTTP/1.1" 200 -
127.0.0.1 - - [07/Oct/2026 12:05:18] "GET /api/repo-explorer/changes?projectId=ab29fc8e0b8342708ea56cb158569b4d&base=3fd476ec13e6b3ef8b997494fc6df23c310452fb&target=8cfa23e99434ad0df642b937645ee0ef3b7ce69f HTTP/1.1" 200 -
ok
test_file_empty_file_has_zero_range (test_repo_explorer_file.FileEndpointTests.test_file_empty_file_has_zero_range) ... 127.0.0.1 - - [07/Oct/2026 12:05:18] "POST /api/repo-explorer/open HTTP/1.1" 200 -
127.0.0.1 - - [07/Oct/2026 12:05:18] "GET /api/repo-explorer/file?projectId=e785ed16c6ab410286fed0dc3c23c567&revision=11a928f559802c5fa4536267f156d874d597de7f&path=empty.py&startLine=1&endLine=200 HTTP/1.1" 200 -
ok
test_file_end_line_beyond_total_is_clipped (test_repo_explorer_file.FileEndpointTests.test_file_end_line_beyond_total_is_clipped) ... 127.0.0.1 - - [07/Oct/2026 12:05:19] "POST /api/repo-explorer/open HTTP/1.1" 200 -
127.0.0.1 - - [07/Oct/2026 12:05:19] "GET /api/repo-explorer/file?projectId=01202dfcf90645b386cf215d5b8d345d&revision=473a30cf23711f43c801bef2f677b2223ff43d68&path=multiline.py&startLine=9&endLine=99 HTTP/1.1" 200 -
ok
test_file_lines_follow_physical_newlines_not_unicode_breaks (test_repo_explorer_file.FileEndpointTests.test_file_lines_follow_physical_newlines_not_unicode_breaks) ... 127.0.0.1 - - [07/Oct/2026 12:05:19] "POST /api/repo-explorer/open HTTP/1.1" 200 -
127.0.0.1 - - [07/Oct/2026 12:05:19] "POST /api/repo-explorer/open HTTP/1.1" 200 -
127.0.0.1 - - [07/Oct/2026 12:05:19] "GET /api/repo-explorer/file?projectId=e65739d38cb745f794b3be2b6531bb54&revision=d2e50f57bbb006a95ee6bd6ebf10450c311c83ae&path=u2028.py HTTP/1.1" 200 -
ok
test_file_missing_params_are_rejected (test_repo_explorer_file.FileEndpointTests.test_file_missing_params_are_rejected) ... 127.0.0.1 - - [07/Oct/2026 12:05:20] "POST /api/repo-explorer/open HTTP/1.1" 200 -
127.0.0.1 - - [07/Oct/2026 12:05:20] "GET /api/repo-explorer/file?projectId=2bc72d9eedc84c75afd2b56761df6544&revision=d43f6881c89ded773e0245cfec132588f4ef0630 HTTP/1.1" 400 -
ok
test_file_rejects_paths_outside_the_revision (test_repo_explorer_file.FileEndpointTests.test_file_rejects_paths_outside_the_revision) ... 127.0.0.1 - - [07/Oct/2026 12:05:20] "POST /api/repo-explorer/open HTTP/1.1" 200 -
127.0.0.1 - - [07/Oct/2026 12:05:20] "GET /api/repo-explorer/file?projectId=89bab6bb86144ae4833d596eb9fbdfe9&revision=d43f6881c89ded773e0245cfec132588f4ef0630&path=/etc/passwd HTTP/1.1" 400 -
127.0.0.1 - - [07/Oct/2026 12:05:20] "GET /api/repo-explorer/file?projectId=89bab6bb86144ae4833d596eb9fbdfe9&revision=d43f6881c89ded773e0245cfec132588f4ef0630&path=C:/windows HTTP/1.1" 400 -
127.0.0.1 - - [07/Oct/2026 12:05:20] "GET /api/repo-explorer/file?projectId=89bab6bb86144ae4833d596eb9fbdfe9&revision=d43f6881c89ded773e0245cfec132588f4ef0630&path=..%2Fsecret HTTP/1.1" 400 -
127.0.0.1 - - [07/Oct/2026 12:05:20] "GET /api/repo-explorer/file?projectId=89bab6bb86144ae4833d596eb9fbdfe9&revision=d43f6881c89ded773e0245cfec132588f4ef0630&path=a/../b HTTP/1.1" 400 -
127.0.0.1 - - [07/Oct/2026 12:05:20] "GET /api/repo-explorer/file?projectId=89bab6bb86144ae4833d596eb9fbdfe9&revision=d43f6881c89ded773e0245cfec132588f4ef0630&path=nested\\note.txt HTTP/1.1" 400 -
ok
test_file_rejects_unknown_paths (test_repo_explorer_file.FileEndpointTests.test_file_rejects_unknown_paths) ... 127.0.0.1 - - [07/Oct/2026 12:05:21] "POST /api/repo-explorer/open HTTP/1.1" 200 -
127.0.0.1 - - [07/Oct/2026 12:05:21] "GET /api/repo-explorer/file?projectId=68b6521db6a243cfa5e1b02160ad1c77&revision=5364b38a099aaf6d3eb1cc6b5ca891eccbebfdb6&path=nope.py HTTP/1.1" 404 -
ok
test_file_returns_committed_content_with_default_range (test_repo_explorer_file.FileEndpointTests.test_file_returns_committed_content_with_default_range) ... 127.0.0.1 - - [07/Oct/2026 12:05:21] "POST /api/repo-explorer/open HTTP/1.1" 200 -
127.0.0.1 - - [07/Oct/2026 12:05:21] "GET /api/repo-explorer/file?projectId=fa12538275c242c2921f2d2fa6c738f4&revision=5364b38a099aaf6d3eb1cc6b5ca891eccbebfdb6&path=multiline.py HTTP/1.1" 200 -
ok
test_file_skipped_content_is_named_not_silent (test_repo_explorer_file.FileEndpointTests.test_file_skipped_content_is_named_not_silent) ... 127.0.0.1 - - [07/Oct/2026 12:05:22] "POST /api/repo-explorer/open HTTP/1.1" 200 -
127.0.0.1 - - [07/Oct/2026 12:05:22] "GET /api/repo-explorer/file?projectId=eca4482bf43b45029a8edf25986fa402&revision=9135bd843df0c9b96191cb9e40769d19bb8f727d&path=data.bin HTTP/1.1" 403 -
ok
test_file_slices_requested_lines (test_repo_explorer_file.FileEndpointTests.test_file_slices_requested_lines) ... 127.0.0.1 - - [07/Oct/2026 12:05:22] "POST /api/repo-explorer/open HTTP/1.1" 200 -
127.0.0.1 - - [07/Oct/2026 12:05:22] "GET /api/repo-explorer/file?projectId=40e1926bbc44462d89f78f263a5e4770&revision=9135bd843df0c9b96191cb9e40769d19bb8f727d&path=multiline.py&startLine=2&endLine=3 HTTP/1.1" 200 -
ok
test_file_start_line_beyond_total_is_rejected (test_repo_explorer_file.FileEndpointTests.test_file_start_line_beyond_total_is_rejected) ... 127.0.0.1 - - [07/Oct/2026 12:05:23] "POST /api/repo-explorer/open HTTP/1.1" 200 -
127.0.0.1 - - [07/Oct/2026 12:05:23] "GET /api/repo-explorer/file?projectId=7b7bffc3ea3c4159b663bb3c2d82dee6&revision=ba0f07343ec47a925d926d3648c0db1b8876828b&path=multiline.py&startLine=11&endLine=20 HTTP/1.1" 400 -
ok
test_file_truncated_is_true_while_any_line_is_unreturned (test_repo_explorer_file.FileEndpointTests.test_file_truncated_is_true_while_any_line_is_unreturned) ... 127.0.0.1 - - [07/Oct/2026 12:05:23] "POST /api/repo-explorer/open HTTP/1.1" 200 -
127.0.0.1 - - [07/Oct/2026 12:05:23] "GET /api/repo-explorer/file?projectId=046e494a24c8474bbd2582fa2a5a7913&revision=ba0f07343ec47a925d926d3648c0db1b8876828b&path=multiline.py&startLine=5&endLine=6 HTTP/1.1" 200 -
ok
test_file_window_over_500_lines_is_rejected (test_repo_explorer_file.FileEndpointTests.test_file_window_over_500_lines_is_rejected) ... 127.0.0.1 - - [07/Oct/2026 12:05:24] "POST /api/repo-explorer/open HTTP/1.1" 200 -
127.0.0.1 - - [07/Oct/2026 12:05:24] "GET /api/repo-explorer/file?projectId=65f5f25e772c4266b6318715a44fddbe&revision=0783e08f7b910a42bda90d7ec1e397e10c2ca834&path=multiline.py&startLine=1&endLine=501 HTTP/1.1" 400 -
ok
test_cat_file_failure_inconclusive_probe_maps_to_repo_unreadable (test_repo_explorer_final_audit.FinalAuditRegressionTests.test_cat_file_failure_inconclusive_probe_maps_to_repo_unreadable) ... 127.0.0.1 - - [07/Oct/2026 12:05:25] "POST /api/repo-explorer/open HTTP/1.1" 200 -
127.0.0.1 - - [07/Oct/2026 12:05:25] "GET /api/repo-explorer/symbols?projectId=d8906ef0ec9c400a8d658f18a4772943&revision=c23246ea059e5e2741991f5ae0d14e615e45cc7e&path=alpha.py HTTP/1.1" 500 -
ok
test_cat_file_failure_with_repo_unreadable_probe_maps_to_repo_unreadable (test_repo_explorer_final_audit.FinalAuditRegressionTests.test_cat_file_failure_with_repo_unreadable_probe_maps_to_repo_unreadable) ... 127.0.0.1 - - [07/Oct/2026 12:05:25] "POST /api/repo-explorer/open HTTP/1.1" 200 -
127.0.0.1 - - [07/Oct/2026 12:05:25] "GET /api/repo-explorer/symbols?projectId=39dcb63eecfa4723987aec5a5776db42&revision=c23246ea059e5e2741991f5ae0d14e615e45cc7e&path=alpha.py HTTP/1.1" 500 -
ok
test_cat_file_probe_confirmed_missing_maps_to_object_missing (test_repo_explorer_final_audit.FinalAuditRegressionTests.test_cat_file_probe_confirmed_missing_maps_to_object_missing) ... 127.0.0.1 - - [07/Oct/2026 12:05:26] "POST /api/repo-explorer/open HTTP/1.1" 200 -
127.0.0.1 - - [07/Oct/2026 12:05:26] "GET /api/repo-explorer/symbols?projectId=30946cfc8106412ab3631b46269caffb&revision=991396b9b71a5e42591b254f19c86d3b37d17030&path=alpha.py HTTP/1.1" 500 -
ok
test_colliding_directories_stay_distinct_with_their_own_children (test_repo_explorer_final_audit.FinalAuditRegressionTests.test_colliding_directories_stay_distinct_with_their_own_children) ... 127.0.0.1 - - [07/Oct/2026 12:05:26] "POST /api/repo-explorer/open HTTP/1.1" 200 -
127.0.0.1 - - [07/Oct/2026 12:05:26] "GET /api/repo-explorer/tree?projectId=1c1a4a1a0405490e81bc98ca0b249318&revision=991396b9b71a5e42591b254f19c86d3b37d17030 HTTP/1.1" 200 -
ok
test_distinct_non_utf8_paths_keep_distinct_identities (test_repo_explorer_final_audit.FinalAuditRegressionTests.test_distinct_non_utf8_paths_keep_distinct_identities) ... 127.0.0.1 - - [07/Oct/2026 12:05:27] "POST /api/repo-explorer/open HTTP/1.1" 200 -
127.0.0.1 - - [07/Oct/2026 12:05:27] "GET /api/repo-explorer/tree?projectId=fe2a6371c50f4be0bcdb289c6ac6f432&revision=d618438268401eb4043d03c6faa43b37d8a98bc4 HTTP/1.1" 200 -
ok
test_empty_file_does_not_bypass_range_validation (test_repo_explorer_final_audit.FinalAuditRegressionTests.test_empty_file_does_not_bypass_range_validation) ... 127.0.0.1 - - [07/Oct/2026 12:05:27] "POST /api/repo-explorer/open HTTP/1.1" 200 -
127.0.0.1 - - [07/Oct/2026 12:05:27] "GET /api/repo-explorer/file?projectId=af922924086a4fd58486d22257dc12f8&revision=d618438268401eb4043d03c6faa43b37d8a98bc4&path=empty.py&startLine=0&endLine=200 HTTP/1.1" 400 -
127.0.0.1 - - [07/Oct/2026 12:05:27] "GET /api/repo-explorer/file?projectId=af922924086a4fd58486d22257dc12f8&revision=d618438268401eb4043d03c6faa43b37d8a98bc4&path=empty.py&startLine=-1&endLine=5 HTTP/1.1" 400 -
127.0.0.1 - - [07/Oct/2026 12:05:27] "GET /api/repo-explorer/file?projectId=af922924086a4fd58486d22257dc12f8&revision=d618438268401eb4043d03c6faa43b37d8a98bc4&path=empty.py&startLine=5&endLine=2 HTTP/1.1" 400 -
127.0.0.1 - - [07/Oct/2026 12:05:27] "GET /api/repo-explorer/file?projectId=af922924086a4fd58486d22257dc12f8&revision=d618438268401eb4043d03c6faa43b37d8a98bc4&path=empty.py&startLine=1&endLine=502 HTTP/1.1" 400 -
ok
test_empty_file_still_answers_zero_range_for_legal_params (test_repo_explorer_final_audit.FinalAuditRegressionTests.test_empty_file_still_answers_zero_range_for_legal_params) ... 127.0.0.1 - - [07/Oct/2026 12:05:28] "POST /api/repo-explorer/open HTTP/1.1" 200 -
127.0.0.1 - - [07/Oct/2026 12:05:28] "GET /api/repo-explorer/file?projectId=625f01304438441e8a1b22d486fda97b&revision=e5973ba9ce0f75fde2b28e72c2e586b948b5532a&path=empty.py&startLine=1&endLine=200 HTTP/1.1" 200 -
ok
test_f5_classification_is_kind_based_not_text_based (test_repo_explorer_final_audit.FinalAuditRegressionTests.test_f5_classification_is_kind_based_not_text_based) ... 127.0.0.1 - - [07/Oct/2026 12:05:28] "POST /api/repo-explorer/open HTTP/1.1" 200 -
ok
test_forged_b64_dir_name_cannot_collide_with_undecodable_identity (test_repo_explorer_final_audit.FinalAuditRegressionTests.test_forged_b64_dir_name_cannot_collide_with_undecodable_identity) ... 127.0.0.1 - - [07/Oct/2026 12:05:29] "POST /api/repo-explorer/open HTTP/1.1" 200 -
127.0.0.1 - - [07/Oct/2026 12:05:29] "GET /api/repo-explorer/tree?projectId=a7a7fd4613004132a35b8cc3dc13f149&revision=a1d12ed8220c5ec600bf5105001e78711fe6d1c5 HTTP/1.1" 200 -
ok
test_object_missing_maps_to_object_missing_not_repo_unreadable (test_repo_explorer_final_audit.FinalAuditRegressionTests.test_object_missing_maps_to_object_missing_not_repo_unreadable) ... 127.0.0.1 - - [07/Oct/2026 12:05:30] "POST /api/repo-explorer/open HTTP/1.1" 200 -
127.0.0.1 - - [07/Oct/2026 12:05:30] "GET /api/repo-explorer/symbols?projectId=90bca285556b4f2d835f2392e6e1cab4&revision=35fab81e94090b2f2123887f5096e82eaed7ef1d&path=alpha.py HTTP/1.1" 500 -
ok
test_object_missing_probe_tristate_never_lies (test_repo_explorer_final_audit.FinalAuditRegressionTests.test_object_missing_probe_tristate_never_lies) ... 127.0.0.1 - - [07/Oct/2026 12:05:30] "POST /api/repo-explorer/open HTTP/1.1" 200 -
ok
test_one_real_directory_is_not_split_by_child_decodability (test_repo_explorer_final_audit.FinalAuditRegressionTests.test_one_real_directory_is_not_split_by_child_decodability) ... 127.0.0.1 - - [07/Oct/2026 12:05:31] "POST /api/repo-explorer/open HTTP/1.1" 200 -
127.0.0.1 - - [07/Oct/2026 12:05:31] "GET /api/repo-explorer/tree?projectId=24a29718a9b645eda1ce397ff7687e27&revision=ae4403d05c31f9452d9ed4a2477876d98f14d374 HTTP/1.1" 200 -
ok
test_open_coverage_reports_identities_too (test_repo_explorer_final_audit.FinalAuditRegressionTests.test_open_coverage_reports_identities_too) ... 127.0.0.1 - - [07/Oct/2026 12:05:31] "POST /api/repo-explorer/open HTTP/1.1" 200 -
127.0.0.1 - - [07/Oct/2026 12:05:31] "POST /api/repo-explorer/open HTTP/1.1" 200 -
ok
test_probe_uses_original_object_configuration (test_repo_explorer_final_audit.FinalAuditRegressionTests.test_probe_uses_original_object_configuration) ... 127.0.0.1 - - [07/Oct/2026 12:05:32] "POST /api/repo-explorer/open HTTP/1.1" 200 -
ok
test_tree_builder_links_children_that_sort_before_parents (test_repo_explorer_final_audit.FinalAuditRegressionTests.test_tree_builder_links_children_that_sort_before_parents) ... 127.0.0.1 - - [07/Oct/2026 12:05:32] "POST /api/repo-explorer/open HTTP/1.1" 200 -
ok
test_undecodable_display_text_does_not_collide_with_legal_name (test_repo_explorer_final_audit.FinalAuditRegressionTests.test_undecodable_display_text_does_not_collide_with_legal_name) ... 127.0.0.1 - - [07/Oct/2026 12:05:33] "POST /api/repo-explorer/open HTTP/1.1" 200 -
127.0.0.1 - - [07/Oct/2026 12:05:33] "GET /api/repo-explorer/tree?projectId=5561e4a5991b4732b769caf3ea6f5bb5&revision=579de21a3aff03981e9558bd424ee89fa5aa0e08 HTTP/1.1" 200 -
ok
test_relations_match_the_oracle (test_repo_explorer_fixture_oracle.FixtureOracleTests.test_relations_match_the_oracle) ... 127.0.0.1 - - [07/Oct/2026 12:05:34] "POST /api/repo-explorer/open HTTP/1.1" 200 -
127.0.0.1 - - [07/Oct/2026 12:05:34] "GET /api/repo-explorer/relations?path=pkg%2Fservice.py&projectId=12c7134a7d1c4be3874ef7989c4d4945&revision=cbb97e25faa459c32e17e567a899d4761d3d0102 HTTP/1.1" 200 -
ok
test_symbols_match_the_oracle (test_repo_explorer_fixture_oracle.FixtureOracleTests.test_symbols_match_the_oracle) ... 127.0.0.1 - - [07/Oct/2026 12:05:34] "POST /api/repo-explorer/open HTTP/1.1" 200 -
127.0.0.1 - - [07/Oct/2026 12:05:34] "GET /api/repo-explorer/symbols?path=pkg%2Fservice.py&projectId=436e5fb41f0c4996a6fd1bdfde21bb2b&revision=cbb97e25faa459c32e17e567a899d4761d3d0102 HTTP/1.1" 200 -
ok
test_target_revision_reverse_relation_matches_the_oracle (test_repo_explorer_fixture_oracle.FixtureOracleTests.test_target_revision_reverse_relation_matches_the_oracle) ... 127.0.0.1 - - [07/Oct/2026 12:05:35] "POST /api/repo-explorer/open HTTP/1.1" 200 -
127.0.0.1 - - [07/Oct/2026 12:05:35] "POST /api/repo-explorer/open HTTP/1.1" 200 -
127.0.0.1 - - [07/Oct/2026 12:05:35] "GET /api/repo-explorer/relations?projectId=223a613cfb034fef8ba8886673e12b7f&revision=fbbe597de0788e735b985c9627f4fed0127abd22&path=pkg%2Futils.py HTTP/1.1" 200 -
ok
test_boundary_applies_to_read_endpoints (test_repo_explorer_http_boundary.HttpBoundaryTests.test_boundary_applies_to_read_endpoints) ... 127.0.0.1 - - [07/Oct/2026 12:05:35] "POST /api/repo-explorer/open HTTP/1.1" 200 -
127.0.0.1 - - [07/Oct/2026 12:05:35] "GET /api/repo-explorer/tree?projectId=affba3876aba456e8a45c12938b699a2&revision=aa7d04edd6db2849fe90c0185361f43282cc0eaa HTTP/1.1" 403 -
127.0.0.1 - - [07/Oct/2026 12:05:35] "GET /api/repo-explorer/file?projectId=affba3876aba456e8a45c12938b699a2&revision=aa7d04edd6db2849fe90c0185361f43282cc0eaa&path=x.py HTTP/1.1" 403 -
ok
test_foreign_host_is_rejected (test_repo_explorer_http_boundary.HttpBoundaryTests.test_foreign_host_is_rejected) ... 127.0.0.1 - - [07/Oct/2026 12:05:36] "POST /api/repo-explorer/open HTTP/1.1" 403 -
ok
test_foreign_origin_is_rejected (test_repo_explorer_http_boundary.HttpBoundaryTests.test_foreign_origin_is_rejected) ... 127.0.0.1 - - [07/Oct/2026 12:05:36] "POST /api/repo-explorer/open HTTP/1.1" 403 -
ok
test_null_origin_is_rejected (test_repo_explorer_http_boundary.HttpBoundaryTests.test_null_origin_is_rejected) ... 127.0.0.1 - - [07/Oct/2026 12:05:37] "POST /api/repo-explorer/open HTTP/1.1" 403 -
ok
test_open_with_default_host_and_no_origin_is_allowed (test_repo_explorer_http_boundary.HttpBoundaryTests.test_open_with_default_host_and_no_origin_is_allowed) ... 127.0.0.1 - - [07/Oct/2026 12:05:37] "POST /api/repo-explorer/open HTTP/1.1" 200 -
ok
test_same_service_origin_is_allowed (test_repo_explorer_http_boundary.HttpBoundaryTests.test_same_service_origin_is_allowed) ... 127.0.0.1 - - [07/Oct/2026 12:05:38] "POST /api/repo-explorer/open HTTP/1.1" 200 -
ok
test_open_accepts_full_sha_and_is_idempotent (test_repo_explorer_open.OpenEndpointTests.test_open_accepts_full_sha_and_is_idempotent) ... 127.0.0.1 - - [07/Oct/2026 12:05:39] "POST /api/repo-explorer/open HTTP/1.1" 200 -
127.0.0.1 - - [07/Oct/2026 12:05:39] "POST /api/repo-explorer/open HTTP/1.1" 200 -
ok
test_open_counts_and_skips_per_budget (test_repo_explorer_open.OpenEndpointTests.test_open_counts_and_skips_per_budget) ... 127.0.0.1 - - [07/Oct/2026 12:05:39] "POST /api/repo-explorer/open HTTP/1.1" 200 -
ok
test_open_default_head_binds_full_sha (test_repo_explorer_open.OpenEndpointTests.test_open_default_head_binds_full_sha) ... 127.0.0.1 - - [07/Oct/2026 12:05:40] "POST /api/repo-explorer/open HTTP/1.1" 200 -
ok
test_open_rejects_empty_and_relative_repo_paths (test_repo_explorer_open.OpenEndpointTests.test_open_rejects_empty_and_relative_repo_paths) ... 127.0.0.1 - - [07/Oct/2026 12:05:40] "POST /api/repo-explorer/open HTTP/1.1" 400 -
127.0.0.1 - - [07/Oct/2026 12:05:40] "POST /api/repo-explorer/open HTTP/1.1" 400 -
127.0.0.1 - - [07/Oct/2026 12:05:40] "POST /api/repo-explorer/open HTTP/1.1" 400 -
ok
test_open_rejects_missing_directory (test_repo_explorer_open.OpenEndpointTests.test_open_rejects_missing_directory) ... 127.0.0.1 - - [07/Oct/2026 12:05:41] "POST /api/repo-explorer/open HTTP/1.1" 400 -
ok
test_open_rejects_non_commit_revisions (test_repo_explorer_open.OpenEndpointTests.test_open_rejects_non_commit_revisions) ... 127.0.0.1 - - [07/Oct/2026 12:05:41] "POST /api/repo-explorer/open HTTP/1.1" 400 -
127.0.0.1 - - [07/Oct/2026 12:05:41] "POST /api/repo-explorer/open HTTP/1.1" 400 -
127.0.0.1 - - [07/Oct/2026 12:05:41] "POST /api/repo-explorer/open HTTP/1.1" 400 -
ok
test_open_reports_encoding_declaration_failures_as_skips (test_repo_explorer_open.OpenEndpointTests.test_open_reports_encoding_declaration_failures_as_skips) ... 127.0.0.1 - - [07/Oct/2026 12:05:42] "POST /api/repo-explorer/open HTTP/1.1" 200 -
ok
test_open_survives_gitlink_entries (test_repo_explorer_open.OpenEndpointTests.test_open_survives_gitlink_entries) ... 127.0.0.1 - - [07/Oct/2026 12:05:42] "POST /api/repo-explorer/open HTTP/1.1" 200 -
ok
test_open_untracked_files_are_not_counted (test_repo_explorer_open.OpenEndpointTests.test_open_untracked_files_are_not_counted) ... 127.0.0.1 - - [07/Oct/2026 12:05:43] "POST /api/repo-explorer/open HTTP/1.1" 200 -
ok
test_post_body_over_size_cap_answers_413_not_timeout (test_repo_explorer_open.OpenEndpointTests.test_post_body_over_size_cap_answers_413_not_timeout) ... 127.0.0.1 - - [07/Oct/2026 12:05:43] "POST /api/repo-explorer/open HTTP/1.1" 413 -
ok
test_post_body_shorter_than_declared_is_never_dispatched (test_repo_explorer_open.OpenEndpointTests.test_post_body_shorter_than_declared_is_never_dispatched) ... 127.0.0.1 - - [07/Oct/2026 12:05:44] "POST /api/repo-explorer/open HTTP/1.1" 408 -
ok
test_tracked_file_count_excludes_symlinks_gitlinks_and_undecodable_names (test_repo_explorer_open.OpenEndpointTests.test_tracked_file_count_excludes_symlinks_gitlinks_and_undecodable_names) ... 127.0.0.1 - - [07/Oct/2026 12:05:44] "POST /api/repo-explorer/open HTTP/1.1" 200 -
ok
test_a_complete_deployment_has_both_parsers (test_repo_explorer_parser_absent.ParserGuardTests.test_a_complete_deployment_has_both_parsers) ... ok
test_a_failure_inside_an_installed_parser_is_not_reported_as_absent (test_repo_explorer_parser_absent.ParserGuardTests.test_a_failure_inside_an_installed_parser_is_not_reported_as_absent) ... ok
test_both_parsers_missing (test_repo_explorer_parser_absent.ParserGuardTests.test_both_parsers_missing) ... ok
test_missing_imports_parser_does_not_disable_symbols (test_repo_explorer_parser_absent.ParserGuardTests.test_missing_imports_parser_does_not_disable_symbols) ... ok
test_missing_symbols_parser_does_not_disable_imports (test_repo_explorer_parser_absent.ParserGuardTests.test_missing_symbols_parser_does_not_disable_imports) ... ok
test_access_refreshes_recency_true_lru (test_repo_explorer_registry.RegistryLruTests.test_access_refreshes_recency_true_lru) ... ok
test_in_flight_context_survives_eviction (test_repo_explorer_registry.RegistryLruTests.test_in_flight_context_survives_eviction) ... ok
test_open_beyond_capacity_evicts_oldest (test_repo_explorer_registry.RegistryLruTests.test_open_beyond_capacity_evicts_oldest) ... ok
test_reopening_evicted_context_issues_fresh_identity (test_repo_explorer_registry.RegistryLruTests.test_reopening_evicted_context_issues_fresh_identity) ... ok
test_revision_mismatch_is_rejected (test_repo_explorer_registry.RegistryLruTests.test_revision_mismatch_is_rejected) ... ok
test_second_newest_stays_within_capacity (test_repo_explorer_registry.RegistryLruTests.test_second_newest_stays_within_capacity) ... ok
test_example_one_dot_import_matches_the_package_helper (test_repo_explorer_relations.AcceptedSrcLayoutExamplesTests.test_example_one_dot_import_matches_the_package_helper) ... 127.0.0.1 - - [07/Oct/2026 12:05:46] "POST /api/repo-explorer/open HTTP/1.1" 200 -
127.0.0.1 - - [07/Oct/2026 12:05:46] "GET /api/repo-explorer/relations?projectId=279444db2c5e449bab0e24d38f643da1&revision=9707d1ea88b18420c6dffc6b748188c7e9e412fd&path=src/pkg/mod.py HTTP/1.1" 200 -
ok
test_example_three_beyond_the_top_level_package_never_matches (test_repo_explorer_relations.AcceptedSrcLayoutExamplesTests.test_example_three_beyond_the_top_level_package_never_matches) ... 127.0.0.1 - - [07/Oct/2026 12:05:46] "POST /api/repo-explorer/open HTTP/1.1" 200 -
127.0.0.1 - - [07/Oct/2026 12:05:46] "GET /api/repo-explorer/relations?projectId=7bb18edc50c8441c9eff74ef477071f7&revision=9707d1ea88b18420c6dffc6b748188c7e9e412fd&path=src/pkg/mod.py HTTP/1.1" 200 -
ok
test_example_two_double_dot_import_matches_the_parent_package_helper (test_repo_explorer_relations.AcceptedSrcLayoutExamplesTests.test_example_two_double_dot_import_matches_the_parent_package_helper) ... 127.0.0.1 - - [07/Oct/2026 12:05:47] "POST /api/repo-explorer/open HTTP/1.1" 200 -
127.0.0.1 - - [07/Oct/2026 12:05:47] "GET /api/repo-explorer/relations?projectId=ad3a8508f3794a0e8a6d8c80981a71c5&revision=5a77f6dc50d99b90f546a92dc07c4f5e80633166&path=src/pkg/sub/mod.py HTTP/1.1" 200 -
ok
test_a_nameless_directory_does_not_mask_a_real_module (test_repo_explorer_relations.RelationsEndpointTests.test_a_nameless_directory_does_not_mask_a_real_module) ... 127.0.0.1 - - [07/Oct/2026 12:05:47] "POST /api/repo-explorer/open HTTP/1.1" 200 -
127.0.0.1 - - [07/Oct/2026 12:05:47] "GET /api/repo-explorer/relations?projectId=61b32a2279db4dd4ba1c4e916ec0338c&revision=c1c76be80de2a6f110a38a784729fbd204f04b03&path=nsmod.py HTTP/1.1" 200 -
127.0.0.1 - - [07/Oct/2026 12:05:47] "GET /api/repo-explorer/relations?projectId=61b32a2279db4dd4ba1c4e916ec0338c&revision=c1c76be80de2a6f110a38a784729fbd204f04b03&path=helper.py HTTP/1.1" 200 -
ok
test_absolute_import_also_searches_the_files_own_search_root (test_repo_explorer_relations.RelationsEndpointTests.test_absolute_import_also_searches_the_files_own_search_root) ... 127.0.0.1 - - [07/Oct/2026 12:05:48] "POST /api/repo-explorer/open HTTP/1.1" 200 -
127.0.0.1 - - [07/Oct/2026 12:05:48] "GET /api/repo-explorer/relations?projectId=bf4ef4959a9d4da995822b40484bc31c&revision=2379a1dca1e7c7894d57b5904b4b655e1d124c91&path=src/core/mod.py HTTP/1.1" 200 -
ok
test_absolute_import_uses_the_search_root_of_a_context_free_file (test_repo_explorer_relations.RelationsEndpointTests.test_absolute_import_uses_the_search_root_of_a_context_free_file) ... 127.0.0.1 - - [07/Oct/2026 12:05:49] "POST /api/repo-explorer/open HTTP/1.1" 200 -
127.0.0.1 - - [07/Oct/2026 12:05:49] "GET /api/repo-explorer/relations?projectId=34d6317290a743ceb2060142086ca748&revision=8df029b575ec4bf9e75fccb5ffcd0811c7cb3ce3&path=src/consumer.py HTTP/1.1" 200 -
ok
test_ambiguous_target_is_not_a_confirmed_dependent (test_repo_explorer_relations.RelationsEndpointTests.test_ambiguous_target_is_not_a_confirmed_dependent) ... 127.0.0.1 - - [07/Oct/2026 12:05:49] "POST /api/repo-explorer/open HTTP/1.1" 200 -
127.0.0.1 - - [07/Oct/2026 12:05:49] "GET /api/repo-explorer/relations?projectId=9ce4ea411b764bfc858ddce09b5701f1&revision=8df029b575ec4bf9e75fccb5ffcd0811c7cb3ce3&path=pkg/thing.py HTTP/1.1" 200 -
127.0.0.1 - - [07/Oct/2026 12:05:49] "GET /api/repo-explorer/relations?projectId=9ce4ea411b764bfc858ddce09b5701f1&revision=8df029b575ec4bf9e75fccb5ffcd0811c7cb3ce3&path=pkg/thing/__init__.py HTTP/1.1" 200 -
ok
test_capabilities_follow_the_actual_parser_availability (test_repo_explorer_relations.RelationsEndpointTests.test_capabilities_follow_the_actual_parser_availability) ... 127.0.0.1 - - [07/Oct/2026 12:05:50] "POST /api/repo-explorer/open HTTP/1.1" 200 -
127.0.0.1 - - [07/Oct/2026 12:05:50] "POST /api/repo-explorer/open HTTP/1.1" 200 -
ok
test_capabilities_now_report_imports_available (test_repo_explorer_relations.RelationsEndpointTests.test_capabilities_now_report_imports_available) ... 127.0.0.1 - - [07/Oct/2026 12:05:50] "POST /api/repo-explorer/open HTTP/1.1" 200 -
ok
test_dependents_only_count_resolved_records (test_repo_explorer_relations.RelationsEndpointTests.test_dependents_only_count_resolved_records) ... 127.0.0.1 - - [07/Oct/2026 12:05:51] "POST /api/repo-explorer/open HTTP/1.1" 200 -
127.0.0.1 - - [07/Oct/2026 12:05:51] "GET /api/repo-explorer/relations?projectId=12fb9606176040e39160d64d37f7bc6d&revision=a81d78112a985f73b068c79a23ba1ad985be22a1&path=pkg/helper.py HTTP/1.1" 200 -
ok
test_from_module_import_resolves_to_the_module_itself (test_repo_explorer_relations.RelationsEndpointTests.test_from_module_import_resolves_to_the_module_itself) ... 127.0.0.1 - - [07/Oct/2026 12:05:52] "POST /api/repo-explorer/open HTTP/1.1" 200 -
127.0.0.1 - - [07/Oct/2026 12:05:52] "GET /api/repo-explorer/relations?projectId=0a164201618649cba33fc2c91ac8344e&revision=cdfad5fdc07a35bf0ee6aebbc80df6f53e7acc02&path=pkg/frommodule.py HTTP/1.1" 200 -
127.0.0.1 - - [07/Oct/2026 12:05:52] "GET /api/repo-explorer/relations?projectId=0a164201618649cba33fc2c91ac8344e&revision=cdfad5fdc07a35bf0ee6aebbc80df6f53e7acc02&path=pkg/utils.py HTTP/1.1" 200 -
ok
test_import_scan_reports_its_own_coverage_and_gaps (test_repo_explorer_relations.RelationsEndpointTests.test_import_scan_reports_its_own_coverage_and_gaps) ... 127.0.0.1 - - [07/Oct/2026 12:05:52] "POST /api/repo-explorer/open HTTP/1.1" 200 -
127.0.0.1 - - [07/Oct/2026 12:05:52] "GET /api/repo-explorer/relations?projectId=d57855826b654b3f96253decfa449cea&revision=cdfad5fdc07a35bf0ee6aebbc80df6f53e7acc02&path=pkg/consumer.py HTTP/1.1" 200 -
127.0.0.1 - - [07/Oct/2026 12:05:52] "GET /api/repo-explorer/relations?projectId=d57855826b654b3f96253decfa449cea&revision=cdfad5fdc07a35bf0ee6aebbc80df6f53e7acc02&path=pkg/helper.py HTTP/1.1" 200 -
ok
test_missing_candidate_is_unresolved_with_a_reason (test_repo_explorer_relations.RelationsEndpointTests.test_missing_candidate_is_unresolved_with_a_reason) ... 127.0.0.1 - - [07/Oct/2026 12:05:53] "POST /api/repo-explorer/open HTTP/1.1" 200 -
127.0.0.1 - - [07/Oct/2026 12:05:53] "GET /api/repo-explorer/relations?projectId=4d954c68edc243d8af3134e879eb2c03&revision=d50dc9a76bc99847c57c1d17adb68e921146e5e7&path=pkg/consumer.py HTTP/1.1" 200 -
ok
test_module_existing_as_file_and_package_is_ambiguous (test_repo_explorer_relations.RelationsEndpointTests.test_module_existing_as_file_and_package_is_ambiguous) ... 127.0.0.1 - - [07/Oct/2026 12:05:53] "POST /api/repo-explorer/open HTTP/1.1" 200 -
127.0.0.1 - - [07/Oct/2026 12:05:53] "GET /api/repo-explorer/relations?projectId=0fc96ea54f3d417ba933932056132f2a&revision=d50dc9a76bc99847c57c1d17adb68e921146e5e7&path=pkg/dualconsumer.py HTTP/1.1" 200 -
ok
test_module_index_keeps_case_variant_paths_in_a_stable_order (test_repo_explorer_relations.RelationsEndpointTests.test_module_index_keeps_case_variant_paths_in_a_stable_order) ... 127.0.0.1 - - [07/Oct/2026 12:05:54] "POST /api/repo-explorer/open HTTP/1.1" 200 -
ok
test_namespace_package_directory_is_unresolved_with_that_reason (test_repo_explorer_relations.RelationsEndpointTests.test_namespace_package_directory_is_unresolved_with_that_reason) ... 127.0.0.1 - - [07/Oct/2026 12:05:55] "POST /api/repo-explorer/open HTTP/1.1" 200 -
127.0.0.1 - - [07/Oct/2026 12:05:55] "GET /api/repo-explorer/relations?projectId=ba0d5d49be4e4809a28b2a2e7557bbc7&revision=73dee19e350ff781248661a29221dfeb2d591b12&path=pkg/nsconsumer.py HTTP/1.1" 200 -
ok
test_one_level_relative_import_inside_a_subpackage (test_repo_explorer_relations.RelationsEndpointTests.test_one_level_relative_import_inside_a_subpackage) ... 127.0.0.1 - - [07/Oct/2026 12:05:55] "POST /api/repo-explorer/open HTTP/1.1" 200 -
127.0.0.1 - - [07/Oct/2026 12:05:55] "GET /api/repo-explorer/relations?projectId=69425a9e083a47f9a542e93d06769ece&revision=c59a7e9bd40409b642b727662dfd948dc4926478&path=src/core/sub/mod.py HTTP/1.1" 200 -
ok
test_package_attribute_is_never_inferred_from_the_package_file (test_repo_explorer_relations.RelationsEndpointTests.test_package_attribute_is_never_inferred_from_the_package_file) ... 127.0.0.1 - - [07/Oct/2026 12:05:56] "POST /api/repo-explorer/open HTTP/1.1" 200 -
127.0.0.1 - - [07/Oct/2026 12:05:56] "GET /api/repo-explorer/relations?projectId=d271b2db710c4a27aa44eeb7a73ab635&revision=cf3b0bcee7a34af89ca211f06dc9e78de10c39dd&path=pkg/attributes.py HTTP/1.1" 200 -
127.0.0.1 - - [07/Oct/2026 12:05:56] "GET /api/repo-explorer/relations?projectId=d271b2db710c4a27aa44eeb7a73ab635&revision=cf3b0bcee7a34af89ca211f06dc9e78de10c39dd&path=pkg/__init__.py HTTP/1.1" 200 -
ok
test_parse_error_is_preserved (test_repo_explorer_relations.RelationsEndpointTests.test_parse_error_is_preserved) ... 127.0.0.1 - - [07/Oct/2026 12:05:56] "POST /api/repo-explorer/open HTTP/1.1" 200 -
127.0.0.1 - - [07/Oct/2026 12:05:56] "GET /api/repo-explorer/relations?projectId=71fb2262eb7542b09fec20796ec1bd68&revision=cf3b0bcee7a34af89ca211f06dc9e78de10c39dd&path=pkg/broken.py HTTP/1.1" 200 -
ok
test_relation_jumps_keep_the_relations_version_context (test_repo_explorer_relations.RelationsEndpointTests.test_relation_jumps_keep_the_relations_version_context) ... 127.0.0.1 - - [07/Oct/2026 12:05:57] "POST /api/repo-explorer/open HTTP/1.1" 200 -
ok
test_relation_jumps_without_a_response_context_use_the_live_one (test_repo_explorer_relations.RelationsEndpointTests.test_relation_jumps_without_a_response_context_use_the_live_one) ... 127.0.0.1 - - [07/Oct/2026 12:05:58] "POST /api/repo-explorer/open HTTP/1.1" 200 -
ok
test_relations_degrade_honestly_when_no_parser_is_installed (test_repo_explorer_relations.RelationsEndpointTests.test_relations_degrade_honestly_when_no_parser_is_installed) ... 127.0.0.1 - - [07/Oct/2026 12:05:58] "POST /api/repo-explorer/open HTTP/1.1" 200 -
127.0.0.1 - - [07/Oct/2026 12:05:58] "GET /api/repo-explorer/relations?projectId=a53c221a84cf4ce5b8187d8c6876eb1b&revision=d5d3dc698602699c67038303ff0795933e7a192f&path=pkg/consumer.py HTTP/1.1" 200 -
127.0.0.1 - - [07/Oct/2026 12:05:58] "POST /api/repo-explorer/open HTTP/1.1" 200 -
ok
test_relative_import_beyond_the_top_level_package_never_matches (test_repo_explorer_relations.RelationsEndpointTests.test_relative_import_beyond_the_top_level_package_never_matches) ... 127.0.0.1 - - [07/Oct/2026 12:05:59] "POST /api/repo-explorer/open HTTP/1.1" 200 -
127.0.0.1 - - [07/Oct/2026 12:05:59] "GET /api/repo-explorer/relations?projectId=0501c23d9cd94c6498fe8bcbeb5a2bce&revision=ea92eefec04973c3e2dfdbb81cc59259d3f2c654&path=src/core/mod.py HTTP/1.1" 200 -
ok
test_relative_import_outside_a_package_is_unresolved (test_repo_explorer_relations.RelationsEndpointTests.test_relative_import_outside_a_package_is_unresolved) ... 127.0.0.1 - - [07/Oct/2026 12:05:59] "POST /api/repo-explorer/open HTTP/1.1" 200 -
127.0.0.1 - - [07/Oct/2026 12:05:59] "GET /api/repo-explorer/relations?projectId=a74dc4edc84c4d5e9a159c8093df1b63&revision=ea92eefec04973c3e2dfdbb81cc59259d3f2c654&path=service.py HTTP/1.1" 200 -
ok
test_relative_import_resolves_inside_the_package (test_repo_explorer_relations.RelationsEndpointTests.test_relative_import_resolves_inside_the_package) ... 127.0.0.1 - - [07/Oct/2026 12:06:00] "POST /api/repo-explorer/open HTTP/1.1" 200 -
127.0.0.1 - - [07/Oct/2026 12:06:00] "GET /api/repo-explorer/relations?projectId=6f2e284805c349e0861cfbbc4ef500a8&revision=c6fdd8859b176c79d99380758e0b06e86cfe19c5&path=pkg/consumer.py HTTP/1.1" 200 -
ok
test_relative_import_under_the_search_root_has_no_package_context (test_repo_explorer_relations.RelationsEndpointTests.test_relative_import_under_the_search_root_has_no_package_context) ... 127.0.0.1 - - [07/Oct/2026 12:06:00] "POST /api/repo-explorer/open HTTP/1.1" 200 -
127.0.0.1 - - [07/Oct/2026 12:06:00] "GET /api/repo-explorer/relations?projectId=1b279ac0f05649e8b08f4abb5ef449f7&revision=c6fdd8859b176c79d99380758e0b06e86cfe19c5&path=src/tool.py HTTP/1.1" 200 -
ok
test_same_name_module_file_and_package_stay_ambiguous (test_repo_explorer_relations.RelationsEndpointTests.test_same_name_module_file_and_package_stay_ambiguous) ... 127.0.0.1 - - [07/Oct/2026 12:06:01] "POST /api/repo-explorer/open HTTP/1.1" 200 -
127.0.0.1 - - [07/Oct/2026 12:06:01] "GET /api/repo-explorer/relations?projectId=bd88360953404f15918d9b31416f4eaa&revision=9ab024e528d991b25b1a95da0eaee238bf6f7034&path=pkg/ambiguous.py HTTP/1.1" 200 -
ok
test_scan_range_matches_the_parser_support_range (test_repo_explorer_relations.RelationsEndpointTests.test_scan_range_matches_the_parser_support_range) ... 127.0.0.1 - - [07/Oct/2026 12:06:02] "POST /api/repo-explorer/open HTTP/1.1" 200 -
127.0.0.1 - - [07/Oct/2026 12:06:02] "GET /api/repo-explorer/relations?projectId=f8da94e8af0741ffa9b00962af72c451&revision=f4335c0bfcc6bfb455058edc6634f1c78f259a5f&path=pkg/helper.py HTTP/1.1" 200 -
ok
test_skipped_files_share_admission (test_repo_explorer_relations.RelationsEndpointTests.test_skipped_files_share_admission) ... 127.0.0.1 - - [07/Oct/2026 12:06:02] "POST /api/repo-explorer/open HTTP/1.1" 200 -
127.0.0.1 - - [07/Oct/2026 12:06:02] "GET /api/repo-explorer/relations?projectId=fdf355e058b140a6b4f588cde16f2669&revision=f4335c0bfcc6bfb455058edc6634f1c78f259a5f&path=big.log HTTP/1.1" 403 -
ok
test_src_layout_dependents_stay_inside_the_search_root (test_repo_explorer_relations.RelationsEndpointTests.test_src_layout_dependents_stay_inside_the_search_root) ... 127.0.0.1 - - [07/Oct/2026 12:06:03] "POST /api/repo-explorer/open HTTP/1.1" 200 -
127.0.0.1 - - [07/Oct/2026 12:06:03] "GET /api/repo-explorer/relations?projectId=01c43547b3d543a5bd5aab47ab8cb846&revision=a89343d7964fdf8ab4e17375a657948acafbf759&path=src/core/helper.py HTTP/1.1" 200 -
ok
test_src_layout_package_depth_is_measured_from_the_search_root (test_repo_explorer_relations.RelationsEndpointTests.test_src_layout_package_depth_is_measured_from_the_search_root) ... 127.0.0.1 - - [07/Oct/2026 12:06:03] "POST /api/repo-explorer/open HTTP/1.1" 200 -
127.0.0.1 - - [07/Oct/2026 12:06:03] "GET /api/repo-explorer/relations?projectId=a488e1e6b02642bebf25adb365386c3a&revision=a89343d7964fdf8ab4e17375a657948acafbf759&path=src/core/mod.py HTTP/1.1" 200 -
ok
test_unknown_path_is_404 (test_repo_explorer_relations.RelationsEndpointTests.test_unknown_path_is_404) ... 127.0.0.1 - - [07/Oct/2026 12:06:04] "POST /api/repo-explorer/open HTTP/1.1" 200 -
127.0.0.1 - - [07/Oct/2026 12:06:04] "GET /api/repo-explorer/relations?projectId=77fdb7807afe4ee398e915bb65d64089&revision=198c14e21a80f9ed72775adb313dbe8c7deb3ecc&path=nope.py HTTP/1.1" 404 -
ok
test_map_mode_has_no_explorer_routes (test_repo_explorer_startup.MapModeUnchangedTests.test_map_mode_has_no_explorer_routes) ... 127.0.0.1 - - [07/Oct/2026 12:06:05] "POST /api/repo-explorer/open HTTP/1.1" 404 -
ok
test_map_mode_snapshot_still_works (test_repo_explorer_startup.MapModeUnchangedTests.test_map_mode_snapshot_still_works) ... 127.0.0.1 - - [07/Oct/2026 12:06:05] "GET /api/snapshot HTTP/1.1" 200 -
ok
test_ai_status_survives_without_a_map (test_repo_explorer_startup.NoMapModeTests.test_ai_status_survives_without_a_map) ... 127.0.0.1 - - [07/Oct/2026 12:06:06] "GET /api/ai-status HTTP/1.1" 200 -
ok
test_browsing_does_not_create_extension_stores_in_the_repo (test_repo_explorer_startup.NoMapModeTests.test_browsing_does_not_create_extension_stores_in_the_repo) ... 127.0.0.1 - - [07/Oct/2026 12:06:06] "GET / HTTP/1.1" 200 -
127.0.0.1 - - [07/Oct/2026 12:06:06] "GET /api/extensions HTTP/1.1" 503 -
127.0.0.1 - - [07/Oct/2026 12:06:06] "GET /api/extensions/worklog HTTP/1.1" 503 -
127.0.0.1 - - [07/Oct/2026 12:06:06] "POST /api/extensions/worklog HTTP/1.1" 503 -
127.0.0.1 - - [07/Oct/2026 12:06:06] "GET /ext/worklog HTTP/1.1" 503 -
127.0.0.1 - - [07/Oct/2026 12:06:06] "GET /api/snapshot HTTP/1.1" 400 -
ok
test_explorer_still_serves_in_no_map_mode (test_repo_explorer_startup.NoMapModeTests.test_explorer_still_serves_in_no_map_mode) ... 127.0.0.1 - - [07/Oct/2026 12:06:07] "POST /api/repo-explorer/open HTTP/1.1" 200 -
ok
test_extension_routes_are_blocked_before_handlers_run (test_repo_explorer_startup.NoMapModeTests.test_extension_routes_are_blocked_before_handlers_run) ... 127.0.0.1 - - [07/Oct/2026 12:06:07] "GET /api/extensions HTTP/1.1" 503 -
127.0.0.1 - - [07/Oct/2026 12:06:07] "GET /api/extensions/worklog HTTP/1.1" 503 -
127.0.0.1 - - [07/Oct/2026 12:06:07] "POST /api/extensions/worklog HTTP/1.1" 503 -
127.0.0.1 - - [07/Oct/2026 12:06:07] "GET /ext/worklog HTTP/1.1" 503 -
ok
test_legacy_map_endpoints_require_a_map (test_repo_explorer_startup.NoMapModeTests.test_legacy_map_endpoints_require_a_map) ... 127.0.0.1 - - [07/Oct/2026 12:06:08] "GET /api/snapshot HTTP/1.1" 400 -
127.0.0.1 - - [07/Oct/2026 12:06:08] "GET /api/evidence?path=x.py&revision=HEAD HTTP/1.1" 400 -
127.0.0.1 - - [07/Oct/2026 12:06:08] "GET /api/compare?base=1&target=2 HTTP/1.1" 400 -
127.0.0.1 - - [07/Oct/2026 12:06:08] "GET /api/export HTTP/1.1" 400 -
127.0.0.1 - - [07/Oct/2026 12:06:08] "POST /api/explain HTTP/1.1" 400 -
ok
test_no_map_mode_does_not_even_import_extension_modules (test_repo_explorer_startup.NoMapModeTests.test_no_map_mode_does_not_even_import_extension_modules) ... ok
test_default_startup_is_demo_map_plus_explorer (test_repo_explorer_startup.ResolveRuntimeTests.test_default_startup_is_demo_map_plus_explorer) ... ok
test_map_argument_keeps_legacy_map_mode_without_explorer (test_repo_explorer_startup.ResolveRuntimeTests.test_map_argument_keeps_legacy_map_mode_without_explorer) ... ok
test_missing_repo_directory_is_rejected_in_every_mode (test_repo_explorer_startup.ResolveRuntimeTests.test_missing_repo_directory_is_rejected_in_every_mode) ... ok
test_repo_without_map_starts_explorer_mode (test_repo_explorer_startup.ResolveRuntimeTests.test_repo_without_map_starts_explorer_mode) ... ok
test_coding_cookie_in_a_non_python_file_stays_browsable (test_repo_explorer_symbols.SymbolsEndpointTests.test_coding_cookie_in_a_non_python_file_stays_browsable) ... 127.0.0.1 - - [07/Oct/2026 12:06:09] "POST /api/repo-explorer/open HTTP/1.1" 200 -
127.0.0.1 - - [07/Oct/2026 12:06:09] "GET /api/repo-explorer/file?projectId=b2d980f5ad1f4f93bb4ecb6d29c0299c&revision=125a6bca2c36786d87d6bc7de61eb4e03fd36ee1&path=cookie.txt HTTP/1.1" 200 -
127.0.0.1 - - [07/Oct/2026 12:06:09] "GET /api/repo-explorer/symbols?projectId=b2d980f5ad1f4f93bb4ecb6d29c0299c&revision=125a6bca2c36786d87d6bc7de61eb4e03fd36ee1&path=cookie.txt HTTP/1.1" 200 -
ok
test_docstrings_are_cleaned_and_reported (test_repo_explorer_symbols.SymbolsEndpointTests.test_docstrings_are_cleaned_and_reported) ... 127.0.0.1 - - [07/Oct/2026 12:06:09] "POST /api/repo-explorer/open HTTP/1.1" 200 -
127.0.0.1 - - [07/Oct/2026 12:06:09] "GET /api/repo-explorer/symbols?projectId=8f2fb3a896c84bc493c94cf57f781c19&revision=125a6bca2c36786d87d6bc7de61eb4e03fd36ee1&path=service.py HTTP/1.1" 200 -
ok
test_empty_python_file_is_ok_with_no_symbols (test_repo_explorer_symbols.SymbolsEndpointTests.test_empty_python_file_is_ok_with_no_symbols) ... 127.0.0.1 - - [07/Oct/2026 12:06:10] "POST /api/repo-explorer/open HTTP/1.1" 200 -
127.0.0.1 - - [07/Oct/2026 12:06:10] "GET /api/repo-explorer/symbols?projectId=b68e41430e6d44f9954fece1db9d4838&revision=d3c458d4cbc1da77121da234fa51bab6088e4f26&path=empty.py HTTP/1.1" 200 -
ok
test_non_python_symbols_never_consult_the_pep263_reader (test_repo_explorer_symbols.SymbolsEndpointTests.test_non_python_symbols_never_consult_the_pep263_reader) ... 127.0.0.1 - - [07/Oct/2026 12:06:10] "POST /api/repo-explorer/open HTTP/1.1" 200 -
127.0.0.1 - - [07/Oct/2026 12:06:10] "GET /api/repo-explorer/symbols?projectId=a167f50f27f442289d909ef0903e6fe7&revision=d3c458d4cbc1da77121da234fa51bab6088e4f26&path=notes.txt HTTP/1.1" 200 -
127.0.0.1 - - [07/Oct/2026 12:06:10] "GET /api/repo-explorer/symbols?projectId=a167f50f27f442289d909ef0903e6fe7&revision=d3c458d4cbc1da77121da234fa51bab6088e4f26&path=service.py HTTP/1.1" 200 -
ok
test_non_python_text_is_unsupported (test_repo_explorer_symbols.SymbolsEndpointTests.test_non_python_text_is_unsupported) ... 127.0.0.1 - - [07/Oct/2026 12:06:11] "POST /api/repo-explorer/open HTTP/1.1" 200 -
127.0.0.1 - - [07/Oct/2026 12:06:11] "GET /api/repo-explorer/symbols?projectId=672823e0ecac4e28bcd95e9f23b195fa&revision=0284ec75f535aee77130c2b1fce3bcf70a0c553a&path=notes.txt HTTP/1.1" 200 -
ok
test_open_capabilities_report_symbols_available (test_repo_explorer_symbols.SymbolsEndpointTests.test_open_capabilities_report_symbols_available) ... 127.0.0.1 - - [07/Oct/2026 12:06:12] "POST /api/repo-explorer/open HTTP/1.1" 200 -
127.0.0.1 - - [07/Oct/2026 12:06:12] "POST /api/repo-explorer/open HTTP/1.1" 200 -
ok
test_oversized_file_shares_open_admission (test_repo_explorer_symbols.SymbolsEndpointTests.test_oversized_file_shares_open_admission) ... 127.0.0.1 - - [07/Oct/2026 12:06:12] "POST /api/repo-explorer/open HTTP/1.1" 200 -
127.0.0.1 - - [07/Oct/2026 12:06:12] "GET /api/repo-explorer/symbols?projectId=7cd4f6c3c81344d4b908a5a538094160&revision=e5daf9aa25cb6c301a78a4f1d84cdd873ee98dc7&path=big.log HTTP/1.1" 403 -
ok
test_python_file_returns_full_python_ast_ranges (test_repo_explorer_symbols.SymbolsEndpointTests.test_python_file_returns_full_python_ast_ranges) ... 127.0.0.1 - - [07/Oct/2026 12:06:13] "POST /api/repo-explorer/open HTTP/1.1" 200 -
127.0.0.1 - - [07/Oct/2026 12:06:13] "GET /api/repo-explorer/symbols?projectId=d2d089644b524346ace546eba627a141&revision=bbaada7ab2fa0ec96f8bce52474b56a089e5182e&path=service.py HTTP/1.1" 200 -
ok
test_symbol_ranges_stay_inside_the_file_line_count (test_repo_explorer_symbols.SymbolsEndpointTests.test_symbol_ranges_stay_inside_the_file_line_count) ... 127.0.0.1 - - [07/Oct/2026 12:06:13] "POST /api/repo-explorer/open HTTP/1.1" 200 -
127.0.0.1 - - [07/Oct/2026 12:06:13] "GET /api/repo-explorer/symbols?projectId=198aa74c94444b2c84497e183c3dc819&revision=bbaada7ab2fa0ec96f8bce52474b56a089e5182e&path=service.py HTTP/1.1" 200 -
127.0.0.1 - - [07/Oct/2026 12:06:13] "GET /api/repo-explorer/file?projectId=198aa74c94444b2c84497e183c3dc819&revision=bbaada7ab2fa0ec96f8bce52474b56a089e5182e&path=service.py HTTP/1.1" 200 -
ok
test_symbols_degrade_honestly_when_no_parser_is_installed (test_repo_explorer_symbols.SymbolsEndpointTests.test_symbols_degrade_honestly_when_no_parser_is_installed) ... 127.0.0.1 - - [07/Oct/2026 12:06:14] "POST /api/repo-explorer/open HTTP/1.1" 200 -
127.0.0.1 - - [07/Oct/2026 12:06:14] "GET /api/repo-explorer/symbols?projectId=532db3ac90134e09b774f13e5ecb079e&revision=a8ffed1207f6af709699bafcb6d0f224d7ca900d&path=service.py HTTP/1.1" 200 -
ok
test_syntax_error_file_is_parse_error_not_empty_success (test_repo_explorer_symbols.SymbolsEndpointTests.test_syntax_error_file_is_parse_error_not_empty_success) ... 127.0.0.1 - - [07/Oct/2026 12:06:14] "POST /api/repo-explorer/open HTTP/1.1" 200 -
127.0.0.1 - - [07/Oct/2026 12:06:14] "GET /api/repo-explorer/symbols?projectId=106ee13c0d004459ab4606185262e38a&revision=a8ffed1207f6af709699bafcb6d0f224d7ca900d&path=broken.py HTTP/1.1" 200 -
ok
test_unknown_path_is_404 (test_repo_explorer_symbols.SymbolsEndpointTests.test_unknown_path_is_404) ... 127.0.0.1 - - [07/Oct/2026 12:06:15] "POST /api/repo-explorer/open HTTP/1.1" 200 -
127.0.0.1 - - [07/Oct/2026 12:06:15] "GET /api/repo-explorer/symbols?projectId=085dae07307949ac8f027bf19d44ad30&revision=fda90a773715be6c63e777997945993dcd59fbb2&path=nope.py HTTP/1.1" 404 -
ok
test_tree_entries_structure_and_order (test_repo_explorer_tree.TreeEndpointTests.test_tree_entries_structure_and_order) ... 127.0.0.1 - - [07/Oct/2026 12:06:15] "POST /api/repo-explorer/open HTTP/1.1" 200 -
127.0.0.1 - - [07/Oct/2026 12:06:15] "GET /api/repo-explorer/tree?projectId=31e0a783cc574af78dd3377638fda0ee&revision=5af60763b7533865c8edd62b60bda44b9b14f0ab HTTP/1.1" 200 -
ok
test_tree_marks_skipped_files_with_reason (test_repo_explorer_tree.TreeEndpointTests.test_tree_marks_skipped_files_with_reason) ... 127.0.0.1 - - [07/Oct/2026 12:06:16] "POST /api/repo-explorer/open HTTP/1.1" 200 -
127.0.0.1 - - [07/Oct/2026 12:06:16] "GET /api/repo-explorer/tree?projectId=a51ddd6515994e54a561ab66ac223584&revision=e8750765c6d50d36381a43f777d712d8d9734771 HTTP/1.1" 200 -
ok
test_tree_rejects_missing_params (test_repo_explorer_tree.TreeEndpointTests.test_tree_rejects_missing_params) ... 127.0.0.1 - - [07/Oct/2026 12:06:16] "POST /api/repo-explorer/open HTTP/1.1" 200 -
127.0.0.1 - - [07/Oct/2026 12:06:16] "GET /api/repo-explorer/tree?projectId=5a79ade78acb4ed08eef25e617944cbb HTTP/1.1" 400 -
ok
test_tree_rejects_revision_mismatch (test_repo_explorer_tree.TreeEndpointTests.test_tree_rejects_revision_mismatch) ... 127.0.0.1 - - [07/Oct/2026 12:06:17] "POST /api/repo-explorer/open HTTP/1.1" 200 -
127.0.0.1 - - [07/Oct/2026 12:06:17] "GET /api/repo-explorer/tree?projectId=00bd418c7e9c4d9183e711c30b2cfd67&revision=4a86000000000000000000000000000000000000 HTTP/1.1" 400 -
ok
test_tree_rejects_unknown_context (test_repo_explorer_tree.TreeEndpointTests.test_tree_rejects_unknown_context) ... 127.0.0.1 - - [07/Oct/2026 12:06:17] "POST /api/repo-explorer/open HTTP/1.1" 200 -
127.0.0.1 - - [07/Oct/2026 12:06:17] "GET /api/repo-explorer/tree?projectId=deadbeef&revision=4a8691a9b18df9bdff821e8063fc96926ba98474 HTTP/1.1" 410 -
ok
test_basic_imports_and_aliases (test_repo_index_imports.TestRepoIndexImports.test_basic_imports_and_aliases) ... ok
test_empty_file (test_repo_index_imports.TestRepoIndexImports.test_empty_file) ... ok
test_from_relative_imports (test_repo_index_imports.TestRepoIndexImports.test_from_relative_imports) ... ok
test_nested_in_function_or_condition (test_repo_index_imports.TestRepoIndexImports.test_nested_in_function_or_condition) ... ok
test_syntax_error_and_unsupported (test_repo_index_imports.TestRepoIndexImports.test_syntax_error_and_unsupported) ... ok
test_wildcard_and_multiline (test_repo_index_imports.TestRepoIndexImports.test_wildcard_and_multiline) ... ok
test_async_function_and_method (test_repo_index_symbols.ParseSymbolsTests.test_async_function_and_method) ... ok
test_chinese_names_and_docstrings_keep_text_and_clean_indentation (test_repo_index_symbols.ParseSymbolsTests.test_chinese_names_and_docstrings_keep_text_and_clean_indentation) ... ok
test_comments_and_strings_do_not_create_symbols (test_repo_index_symbols.ParseSymbolsTests.test_comments_and_strings_do_not_create_symbols) ... ok
test_control_blocks_inside_function_keep_function_scope (test_repo_index_symbols.ParseSymbolsTests.test_control_blocks_inside_function_keep_function_scope) ... ok
test_decorators_and_multiline_signatures_preserve_definition_ranges (test_repo_index_symbols.ParseSymbolsTests.test_decorators_and_multiline_signatures_preserve_definition_ranges) ... ok
test_docstring_at_2000_characters_is_not_truncated (test_repo_index_symbols.ParseSymbolsTests.test_docstring_at_2000_characters_is_not_truncated) ... ok
test_duplicate_function_and_method_names_are_not_overwritten (test_repo_index_symbols.ParseSymbolsTests.test_duplicate_function_and_method_names_are_not_overwritten) ... ok
test_empty_and_whitespace_only_files_are_successful_empty_results (test_repo_index_symbols.ParseSymbolsTests.test_empty_and_whitespace_only_files_are_successful_empty_results) ... ok
test_function_class_and_method_have_exact_source_ranges (test_repo_index_symbols.ParseSymbolsTests.test_function_class_and_method_have_exact_source_ranges) ... ok
test_if_try_except_and_for_do_not_create_definition_scopes (test_repo_index_symbols.ParseSymbolsTests.test_if_try_except_and_for_do_not_create_definition_scopes) ... ok
test_long_docstring_is_truncated_by_characters_with_warning (test_repo_index_symbols.ParseSymbolsTests.test_long_docstring_is_truncated_by_characters_with_warning) ... ok
test_nested_definitions_use_nearest_definition_scope_and_source_order (test_repo_index_symbols.ParseSymbolsTests.test_nested_definitions_use_nearest_definition_scope_and_source_order) ... ok
test_non_python_extensions_are_unsupported_even_with_invalid_source (test_repo_index_symbols.ParseSymbolsTests.test_non_python_extensions_are_unsupported_even_with_invalid_source) ... ok
test_null_character_error_reports_line_for_all_python_newlines (test_repo_index_symbols.ParseSymbolsTests.test_null_character_error_reports_line_for_all_python_newlines) ... ok
test_python_and_stub_extensions_are_case_insensitive (test_repo_index_symbols.ParseSymbolsTests.test_python_and_stub_extensions_are_case_insensitive) ... ok
test_source_imports_and_module_and_class_bodies_are_not_executed (test_repo_index_symbols.ParseSymbolsTests.test_source_imports_and_module_and_class_bodies_are_not_executed) ... ok
test_syntax_error_discards_partial_symbols_and_reports_error_line (test_repo_index_symbols.ParseSymbolsTests.test_syntax_error_discards_partial_symbols_and_reports_error_line) ... ok
test_empty_read_does_not_create_stores (test_team_footprints.FootprintTests.test_empty_read_does_not_create_stores) ... ok
test_http_homepage_contract_and_repository_isolation (test_team_footprints.FootprintTests.test_http_homepage_contract_and_repository_isolation) ... 127.0.0.1 - - [07/Oct/2026 12:06:18] "GET /api/extensions HTTP/1.1" 200 -
127.0.0.1 - - [07/Oct/2026 12:06:18] "GET /ext/team_footprints HTTP/1.1" 200 -
127.0.0.1 - - [07/Oct/2026 12:06:18] "GET /api/extensions/team_footprints?year=2026 HTTP/1.1" 200 -
127.0.0.1 - - [07/Oct/2026 12:06:18] "POST /api/extensions/team_footprints HTTP/1.1" 405 -
ok
test_import_history_empty_claim_and_ai_are_not_new_work (test_team_footprints.FootprintTests.test_import_history_empty_claim_and_ai_are_not_new_work) ... ok
test_inherited_git_environment_cannot_redirect_the_record_lookup (test_team_footprints.FootprintTests.test_inherited_git_environment_cannot_redirect_the_record_lookup) ... ok
test_meaningful_edits_daily_cap_and_actual_time (test_team_footprints.FootprintTests.test_meaningful_edits_daily_cap_and_actual_time) ... ok
test_problem_resolution_session_and_relay (test_team_footprints.FootprintTests.test_problem_resolution_session_and_relay) ... ok
test_timezone_database_gap_is_distinguished_from_a_bad_key (test_team_footprints.FootprintTests.test_timezone_database_gap_is_distinguished_from_a_bad_key) ... ok
test_declared_but_absent_at_revision_is_controlled_error (test_ui_evidence_links.EvidenceEndpointContractTests.test_declared_but_absent_at_revision_is_controlled_error) ... hint: Using 'master' as the name for the initial branch. This default branch name
hint: is subject to change. To configure the initial branch name to use in all
hint: of your new repositories, which will suppress this warning, call:
hint:
hint: 	git config --global init.defaultBranch <name>
hint:
hint: Names commonly chosen instead of 'master' are 'main', 'trunk' and
hint: 'development'. The just-created branch can be renamed via this command:
hint:
hint: 	git branch -m <name>
hint:
hint: Disable this message with "git config set advice.defaultBranchName false"
ok
test_added_file (test_ui_evidence_links.EvidenceLinkDecisionTests.test_added_file) ... ok
test_deleted_file (test_ui_evidence_links.EvidenceLinkDecisionTests.test_deleted_file) ... ok
test_modified_file (test_ui_evidence_links.EvidenceLinkDecisionTests.test_modified_file) ... ok
test_renamed_file (test_ui_evidence_links.EvidenceLinkDecisionTests.test_renamed_file) ... ok
test_declaration_change_outside_map_domains_unresolved (test_w2_channels.ModifiedChannelTests.test_declaration_change_outside_map_domains_unresolved) ... ok
test_s06_entrypoint_gone_responsibility_no_first_symbol_pick (test_w2_channels.ModifiedChannelTests.test_s06_entrypoint_gone_responsibility_no_first_symbol_pick) ... ok
test_s07_comment_only_zero_strong_proposal (test_w2_channels.ModifiedChannelTests.test_s07_comment_only_zero_strong_proposal) ... ok
test_s09_helper_only_no_node_no_strong_proposal (test_w2_channels.ModifiedChannelTests.test_s09_helper_only_no_node_no_strong_proposal) ... ok
test_s10_added_class_does_not_become_node (test_w2_channels.ModifiedChannelTests.test_s10_added_class_does_not_become_node) ... ok
test_added_without_facts_entries_is_unresolved (test_w2_channels.NodeAddTests.test_added_without_facts_entries_is_unresolved) ... ok
test_map_covered_added_path_not_a_node (test_w2_channels.NodeAddTests.test_map_covered_added_path_not_a_node) ... ok
test_s01_function_only_module_still_low_confidence_node (test_w2_channels.NodeAddTests.test_s01_function_only_module_still_low_confidence_node) ... ok
test_s01_new_module_exact_node_with_structured_evidence (test_w2_channels.NodeAddTests.test_s01_new_module_exact_node_with_structured_evidence) ... ok
test_test_noise_and_generated_not_nodes (test_w2_channels.NodeAddTests.test_test_noise_and_generated_not_nodes) ... ok
test_s04_rename_updates_link_not_node (test_w2_channels.RenameTests.test_s04_rename_updates_link_not_node) ... ok
test_s17_multiple_owners_ambiguity_flagged (test_w2_channels.RenameTests.test_s17_multiple_owners_ambiguity_flagged) ... ok
test_determinism_full_request (test_w2_channels.SkippedAndPriorTests.test_determinism_full_request) ... ok
test_f04_skipped_source_never_feeds_strong_candidates (test_w2_channels.SkippedAndPriorTests.test_f04_skipped_source_never_feeds_strong_candidates) ... ok
test_f20_prior_rejected_suppression (test_w2_channels.SkippedAndPriorTests.test_f20_prior_rejected_suppression) ... ok
test_base_equals_target_zero_proposal_even_with_stale_map (test_w2_channels.StaleMapTests.test_base_equals_target_zero_proposal_even_with_stale_map) ... ok
test_read_failure_is_unknown_not_absence (test_w2_channels.StaleMapTests.test_read_failure_is_unknown_not_absence) ... ok
test_s05_partial_evidence_retained_no_removal (test_w2_channels.StaleMapTests.test_s05_partial_evidence_retained_no_removal) ... ok
test_s16_deleted_before_base_flagged_honestly (test_w2_channels.StaleMapTests.test_s16_deleted_before_base_flagged_honestly) ... ok
test_s16_fully_gone_at_target_removal_candidate (test_w2_channels.StaleMapTests.test_s16_fully_gone_at_target_removal_candidate) ... ok
test_adversarial_1a_relative_from_dot_import_submodule (test_w3_relations.RelationChannelTests.test_adversarial_1a_relative_from_dot_import_submodule) ... ok
test_adversarial_1b_relative_from_dot_module_import (test_w3_relations.RelationChannelTests.test_adversarial_1b_relative_from_dot_module_import) ... ok
test_adversarial_3_from_package_import_submodule (test_w3_relations.RelationChannelTests.test_adversarial_3_from_package_import_submodule) ... ok
test_c01_removal_allowed_when_full_target_domain_dropped (test_w3_relations.RelationChannelTests.test_c01_removal_allowed_when_full_target_domain_dropped) ... ok
test_c01_residual_import_to_other_target_member_blocks_removal (test_w3_relations.RelationChannelTests.test_c01_residual_import_to_other_target_member_blocks_removal) ... ok
test_c01_residual_import_via_auxiliary_source_member (test_w3_relations.RelationChannelTests.test_c01_residual_import_via_auxiliary_source_member) ... ok
test_c01_signal_and_residual_on_different_members (test_w3_relations.RelationChannelTests.test_c01_signal_and_residual_on_different_members) ... ok
test_c02_one_of_multiple_target_members_skipped_blocks_add (test_w3_relations.RelationChannelTests.test_c02_one_of_multiple_target_members_skipped_blocks_add) ... ok
test_c02_partial_supplied_facts_missing_member_blocks_add (test_w3_relations.RelationChannelTests.test_c02_partial_supplied_facts_missing_member_blocks_add) ... ok
test_c02_skipped_auxiliary_source_not_used_in_removal_proof (test_w3_relations.RelationChannelTests.test_c02_skipped_auxiliary_source_not_used_in_removal_proof) ... ok
test_c02_skipped_target_member_blocks_add_with_visible_unresolved (test_w3_relations.RelationChannelTests.test_c02_skipped_target_member_blocks_add_with_visible_unresolved) ... ok
test_f04_x21_skipped_source_never_feeds_relations (test_w3_relations.RelationChannelTests.test_f04_x21_skipped_source_never_feeds_relations) ... ok
test_invalid_multiline_import_is_unknown_not_silent (test_w3_relations.RelationChannelTests.test_invalid_multiline_import_is_unknown_not_silent) ... ok
test_mixed_provenance_from_and_explicit_import_keeps_medium (test_w3_relations.RelationChannelTests.test_mixed_provenance_from_and_explicit_import_keeps_medium) ... ok
test_multiline_parenthesized_from_import (test_w3_relations.RelationChannelTests.test_multiline_parenthesized_from_import) ... ok
test_parse_failure_is_unknown_not_zero (test_w3_relations.RelationChannelTests.test_parse_failure_is_unknown_not_zero) ... ok
test_relation_add_determinism (test_w3_relations.RelationChannelTests.test_relation_add_determinism) ... ok
test_removal_requires_existing_map_edge (test_w3_relations.RelationChannelTests.test_removal_requires_existing_map_edge) ... ok
test_s02_x01_real_import_add_with_unchanged_declarations (test_w3_relations.RelationChannelTests.test_s02_x01_real_import_add_with_unchanged_declarations) ... ok
test_s03_domain_proof_is_ast_not_text (test_w3_relations.RelationChannelTests.test_s03_domain_proof_is_ast_not_text) ... ok
test_s03_multi_source_remaining_import_no_removal (test_w3_relations.RelationChannelTests.test_s03_multi_source_remaining_import_no_removal) ... ok
test_s03_x11_last_import_removed_gives_removal_candidate (test_w3_relations.RelationChannelTests.test_s03_x11_last_import_removed_gives_removal_candidate) ... ok
test_s11_x03_docstring_import_text_never_a_relation (test_w3_relations.RelationChannelTests.test_s11_x03_docstring_import_text_never_a_relation) ... ok
test_x02_changed_dynamic_keyword_target_is_not_silent (test_w3_relations.RelationChannelTests.test_x02_changed_dynamic_keyword_target_is_not_silent) ... ok
test_x02_changed_dynamic_target_is_not_silent (test_w3_relations.RelationChannelTests.test_x02_changed_dynamic_target_is_not_silent) ... ok
test_x02_dynamic_import_unknown_unresolved (test_w3_relations.RelationChannelTests.test_x02_dynamic_import_unknown_unresolved) ... ok
test_x13_import_rewrite_churn_no_relation (test_w3_relations.RelationChannelTests.test_x13_import_rewrite_churn_no_relation) ... ok
test_s19_related_conflict_suppresses_touching_candidates_only (test_w4_ca_trust.AdmissionTests.test_s19_related_conflict_suppresses_touching_candidates_only) ... ok
test_s19_x15_word_boundary_no_substring_false_positive (test_w4_ca_trust.AdmissionTests.test_s19_x15_word_boundary_no_substring_false_positive) ... ok
test_s23_unavailable_keys_explicit_unknown_not_fake_badpack (test_w4_ca_trust.AdmissionTests.test_s23_unavailable_keys_explicit_unknown_not_fake_badpack) ... ok
test_s24_invalid_pack_degrades_but_independent_candidates_survive (test_w4_ca_trust.AdmissionTests.test_s24_invalid_pack_degrades_but_independent_candidates_survive) ... ok
test_s25_coherent_poison_never_enters_evidence (test_w4_ca_trust.AdmissionTests.test_s25_coherent_poison_never_enters_evidence) ... ok
test_s25_poison_never_attaches_when_proposals_exist (test_w4_ca_trust.AdmissionTests.test_s25_poison_never_attaches_when_proposals_exist) ... ok
test_c03_baseline_head_at_base_does_not_release_conflict (test_w4_ca_trust.C03SubjectAwareT3Tests.test_c03_baseline_head_at_base_does_not_release_conflict) ... ok
test_c03_component_named_baseline_is_foreign_not_baseline (test_w4_ca_trust.C03SubjectAwareT3Tests.test_c03_component_named_baseline_is_foreign_not_baseline) ... ok
test_c03_component_scoped_baseline_head_is_foreign (test_w4_ca_trust.C03SubjectAwareT3Tests.test_c03_component_scoped_baseline_head_is_foreign) ... ok
test_c03_foreign_component_head_unknown_never_contradiction (test_w4_ca_trust.C03SubjectAwareT3Tests.test_c03_foreign_component_head_unknown_never_contradiction) ... ok
test_c03_multiple_legitimate_heads_coexist (test_w4_ca_trust.C03SubjectAwareT3Tests.test_c03_multiple_legitimate_heads_coexist) ... ok
test_c03_target_head_wrong_still_contradicts (test_w4_ca_trust.C03SubjectAwareT3Tests.test_c03_target_head_wrong_still_contradicts) ... ok
test_c03_wrong_baseline_head_is_same_subject_contradiction (test_w4_ca_trust.C03SubjectAwareT3Tests.test_c03_wrong_baseline_head_is_same_subject_contradiction) ... ok
test_no_pack_degraded (test_w4_ca_trust.LoadContextTests.test_no_pack_degraded) ... ok
test_s20_non_current_partitions_never_read (test_w4_ca_trust.LoadContextTests.test_s20_non_current_partitions_never_read) ... ok
test_s21_multi_scope_same_key_both_in_selection_layer (test_w4_ca_trust.LoadContextTests.test_s21_multi_scope_same_key_both_in_selection_layer) ... ok
test_s22_verified_fields_per_field (test_w4_ca_trust.LoadContextTests.test_s22_verified_fields_per_field) ... ok
test_unavailable_validator_degrades_without_fake_claims (test_w4_ca_trust.LoadContextTests.test_unavailable_validator_degrades_without_fake_claims) ... ok
test_validator_reject_discards_whole_pack (test_w4_ca_trust.LoadContextTests.test_validator_reject_discards_whole_pack) ... ok
test_legacy_candidates_cannot_exceed_canonical (test_w5_compatibility.CompatibilityEnvelopeTests.test_legacy_candidates_cannot_exceed_canonical) ... ok
test_legacy_candidates_equal_admitted_node_adds (test_w5_compatibility.CompatibilityEnvelopeTests.test_legacy_candidates_equal_admitted_node_adds) ... ok
test_revision_is_full_target_sha (test_w5_compatibility.CompatibilityEnvelopeTests.test_revision_is_full_target_sha) ... ok
test_x07_mode_honesty_with_placeholder_key (test_w5_compatibility.CompatibilityEnvelopeTests.test_x07_mode_honesty_with_placeholder_key) ... ok
test_a26_repeat_is_byte_identical (test_w5_compatibility.DeterminismAndIdentityTests.test_a26_repeat_is_byte_identical) ... ok
test_node_id_respects_existing_map_ids (test_w5_compatibility.DeterminismAndIdentityTests.test_node_id_respects_existing_map_ids) ... ok
test_x09_same_basename_files_get_distinct_node_ids (test_w5_compatibility.DeterminismAndIdentityTests.test_x09_same_basename_files_get_distinct_node_ids) ... ok
test_installed_b_exception_shape_not_available (test_w5_compatibility.ErrorBoundaryTests.test_installed_b_exception_shape_not_available) ... ok
test_malformed_facts_shape_controlled_rejection (test_w5_compatibility.ErrorBoundaryTests.test_malformed_facts_shape_controlled_rejection) ... ok
test_malformed_map_shape_controlled_rejection (test_w5_compatibility.ErrorBoundaryTests.test_malformed_map_shape_controlled_rejection) ... ok
test_no_position_anywhere_in_any_proposal (test_w5_compatibility.ErrorBoundaryTests.test_no_position_anywhere_in_any_proposal) ... ok
test_s28_rename_old_path_abuse_rejected (test_w5_compatibility.ErrorBoundaryTests.test_s28_rename_old_path_abuse_rejected) ... ok
test_accepted_deferred_do_not_suppress (test_w5_compatibility.F20ReplayTests.test_accepted_deferred_do_not_suppress) ... ok
test_rejected_candidate_suppressed_and_limit_traced (test_w5_compatibility.F20ReplayTests.test_rejected_candidate_suppressed_and_limit_traced) ... ok
test_end_to_end_on_real_history (test_w6_smoke.RealDiffSmokeTests.test_end_to_end_on_real_history) ... ok
test_chunk_order_finish_and_original_backup (test_worklog.WorklogTests.test_chunk_order_finish_and_original_backup) ... ok
test_concurrent_writers_only_one_wins (test_worklog.WorklogTests.test_concurrent_writers_only_one_wins) ... ok
test_d01_explicit_repo_wins_over_inherited_git_env (test_worklog.WorklogTests.test_d01_explicit_repo_wins_over_inherited_git_env) ... ok
test_d03_unhashable_category_is_controlled_400 (test_worklog.WorklogTests.test_d03_unhashable_category_is_controlled_400) ... ok
test_doc_conversion_adapter (test_worklog.WorklogTests.test_doc_conversion_adapter) ... ok
test_docx_extracts_paragraphs_and_keeps_original (test_worklog.WorklogTests.test_docx_extracts_paragraphs_and_keeps_original) ... ok
test_pdf_and_document_errors (test_worklog.WorklogTests.test_pdf_and_document_errors) ... ok
test_persistence_history_conflict_and_ai_state (test_worklog.WorklogTests.test_persistence_history_conflict_and_ai_state) ... ok
test_real_http_create_import_history_and_conflict (test_worklog.WorklogTests.test_real_http_create_import_history_and_conflict) ... 127.0.0.1 - - [07/Oct/2026 12:06:21] "GET /ext/worklog HTTP/1.1" 200 -
127.0.0.1 - - [07/Oct/2026 12:06:21] "POST /api/extensions/worklog HTTP/1.1" 200 -
127.0.0.1 - - [07/Oct/2026 12:06:21] "POST /api/extensions/worklog HTTP/1.1" 200 -
127.0.0.1 - - [07/Oct/2026 12:06:21] "POST /api/extensions/worklog HTTP/1.1" 409 -
127.0.0.1 - - [07/Oct/2026 12:06:21] "POST /api/extensions/worklog HTTP/1.1" 200 -
127.0.0.1 - - [07/Oct/2026 12:06:21] "POST /api/extensions/worklog HTTP/1.1" 200 -
127.0.0.1 - - [07/Oct/2026 12:06:21] "POST /api/extensions/worklog HTTP/1.1" 200 -
127.0.0.1 - - [07/Oct/2026 12:06:21] "POST /api/extensions/worklog HTTP/1.1" 200 -
127.0.0.1 - - [07/Oct/2026 12:06:21] "POST /api/extensions/worklog HTTP/1.1" 200 -
127.0.0.1 - - [07/Oct/2026 12:06:21] "POST /api/extensions/worklog HTTP/1.1" 200 -
127.0.0.1 - - [07/Oct/2026 12:06:21] "POST /api/extensions/worklog HTTP/1.1" 200 -
127.0.0.1 - - [07/Oct/2026 12:06:21] "GET /api/extensions/worklog?action=file&id=e0793d34f71f45a788b6eaccbd5c6c60 HTTP/1.1" 200 -
127.0.0.1 - - [07/Oct/2026 12:06:21] "GET /api/extensions/worklog?action=list HTTP/1.1" 200 -
ok
test_validation_and_repository_isolation (test_worklog.WorklogTests.test_validation_and_repository_isolation) ... ok

----------------------------------------------------------------------
Ran 634 tests in 93.189s

OK (skipped=14)
