test_broken_module_import_is_invalid_test_never_pass (test_acceptance_runner.RunnerMetaTests.test_broken_module_import_is_invalid_test_never_pass) ... ok
test_class_without_matching_tests_is_not_run (test_acceptance_runner.RunnerMetaTests.test_class_without_matching_tests_is_not_run) ... ok
test_error_is_fail_never_pass (test_acceptance_runner.RunnerMetaTests.test_error_is_fail_never_pass) ... ok
test_input_hash_changes_with_a_zero_match_selection (test_acceptance_runner.RunnerMetaTests.test_input_hash_changes_with_a_zero_match_selection) ... ok
test_input_hash_covers_all_selections_not_only_the_first (test_acceptance_runner.RunnerMetaTests.test_input_hash_covers_all_selections_not_only_the_first) ... ok
test_missing_module_is_invalid_test_never_pass (test_acceptance_runner.RunnerMetaTests.test_missing_module_is_invalid_test_never_pass) ... ok
test_real_fail_is_fail_never_pass (test_acceptance_runner.RunnerMetaTests.test_real_fail_is_fail_never_pass) ... ok
test_real_pass_is_pass (test_acceptance_runner.RunnerMetaTests.test_real_pass_is_pass) ... ok
test_result_categories_are_explicit_and_only_pass_passes (test_acceptance_runner.RunnerMetaTests.test_result_categories_are_explicit_and_only_pass_passes) ... ok
test_skiptest_is_skip_never_pass (test_acceptance_runner.RunnerMetaTests.test_skiptest_is_skip_never_pass) ... ok
test_zero_match_selection_is_not_run_even_with_passing_sibling (test_acceptance_runner.RunnerMetaTests.test_zero_match_selection_is_not_run_even_with_passing_sibling) ... ok
test_zero_matched_tests_is_not_run_never_pass (test_acceptance_runner.RunnerMetaTests.test_zero_matched_tests_is_not_run_never_pass) ... ok
test_s30_all_green_a30_tests_are_pass (test_acceptance_runner.S30PathMetaTests.test_s30_all_green_a30_tests_are_pass) ... ok
test_s30_broken_enumeration_is_invalid_test (test_acceptance_runner.S30PathMetaTests.test_s30_broken_enumeration_is_invalid_test) ... ok
test_s30_failing_a30_test_is_fail (test_acceptance_runner.S30PathMetaTests.test_s30_failing_a30_test_is_fail) ... ok
test_s30_no_a30_tests_anywhere_is_not_run (test_acceptance_runner.S30PathMetaTests.test_s30_no_a30_tests_anywhere_is_not_run) ... ok
test_s30_skipped_a30_test_is_skip_never_pass (test_acceptance_runner.S30PathMetaTests.test_s30_skipped_a30_test_is_skip_never_pass) ... ok
test_report_round_trips_as_utf8_with_the_default_encoding_disabled (test_acceptance_runner_encoding.AcceptanceRunnerEncodingTests.test_report_round_trips_as_utf8_with_the_default_encoding_disabled) ... ok
test_same_report_under_the_host_default_encoding (test_acceptance_runner_encoding.AcceptanceRunnerEncodingTests.test_same_report_under_the_host_default_encoding) ... ok
test_ai_explanation_only_receives_selected_changed_evidence (test_app.SnapshotTests.test_ai_explanation_only_receives_selected_changed_evidence) ... ok
test_ai_is_explicitly_unavailable_without_configuration (test_app.SnapshotTests.test_ai_is_explicitly_unavailable_without_configuration) ... ok
test_chosen_repository_needs_its_own_valid_map (test_app.SnapshotTests.test_chosen_repository_needs_its_own_valid_map) ... ok
test_evidence_is_read_from_pinned_commit_not_worktree (test_app.SnapshotTests.test_evidence_is_read_from_pinned_commit_not_worktree) ... ok
test_model_request_is_stateless_and_collects_message_text (test_app.SnapshotTests.test_model_request_is_stateless_and_collects_message_text) ... ok
test_only_declared_paths_can_be_read (test_app.SnapshotTests.test_only_declared_paths_can_be_read) ... ok
test_rename_and_delete_only_flag_nodes_with_changed_evidence (test_app.SnapshotTests.test_rename_and_delete_only_flag_nodes_with_changed_evidence) ... ok
test_inspection_git_pins_no_lazy_fetch (test_bd_integration.LazyFetchGuardTests.test_inspection_git_pins_no_lazy_fetch) ... ok
test_config_keeps_remote_scheme (test_bd_integration.RemoteSchemeTests.test_config_keeps_remote_scheme) ... ok
test_remotes_keeps_canonical_and_original (test_bd_integration.RemoteSchemeTests.test_remotes_keeps_canonical_and_original) ... ok
test_core_git_strips_inherited_git_env_and_forbids_lazy_fetch (test_bd_integration.WorkNotesRoundtripTests.test_core_git_strips_inherited_git_env_and_forbids_lazy_fetch) ... ok
test_export_with_notes_imports_into_continuity (test_bd_integration.WorkNotesRoundtripTests.test_export_with_notes_imports_into_continuity) ... ok
test_export_without_notes_still_imports (test_bd_integration.WorkNotesRoundtripTests.test_export_without_notes_still_imports) ... ok
test_imported_log_bad_category_returns_400 (test_bd_integration.WorkNotesRoundtripTests.test_imported_log_bad_category_returns_400) ... ok
test_over_limit_notes_truncate_summary_and_keep_full_notes (test_bd_integration.WorkNotesRoundtripTests.test_over_limit_notes_truncate_summary_and_keep_full_notes) ... ok
test_non_string_category_is_400 (test_bd_integration.WorklogCategoryTypeTests.test_non_string_category_is_400) ... ok
test_c04_empty_entries_never_support_node_add (test_c_medium.C04EmptyDeclarations.test_c04_empty_entries_never_support_node_add) ... ok
test_c05_full_identity_still_fires_responsibility (test_c_medium.C05ResponsibilityIdentity.test_c05_full_identity_still_fires_responsibility) ... ok
test_c05_tail_name_match_does_not_fire_responsibility (test_c_medium.C05ResponsibilityIdentity.test_c05_tail_name_match_does_not_fire_responsibility) ... ok
test_c06_aliased_import_module_is_visible (test_c_medium.C06UnsupportedImportSemantics.test_c06_aliased_import_module_is_visible) ... ${PYTHON_RUNTIME}/lib/python3.12/tempfile.py:940: ResourceWarning: Implicitly cleaning up <TemporaryDirectory '${TEMP_ALIAS}'>
  _warnings.warn(warn_message, ResourceWarning)
ok
test_c06_direct_import_module_is_visible (test_c_medium.C06UnsupportedImportSemantics.test_c06_direct_import_module_is_visible) ... ${PYTHON_RUNTIME}/lib/python3.12/tempfile.py:940: ResourceWarning: Implicitly cleaning up <TemporaryDirectory '${TEMP_ALIAS}'>
  _warnings.warn(warn_message, ResourceWarning)
ok
test_c06_namespace_package_import_is_visible (test_c_medium.C06UnsupportedImportSemantics.test_c06_namespace_package_import_is_visible) ... ok
test_c06_src_layout_unresolved_internal_import_is_visible (test_c_medium.C06UnsupportedImportSemantics.test_c06_src_layout_unresolved_internal_import_is_visible) ... ok
test_c07_missing_base_comparison_is_visible_degradation (test_c_medium.C07DegradedComparison.test_c07_missing_base_comparison_is_visible_degradation) ... ok
test_c08_entry_point_traversal_path_rejected (test_c_medium.C08PathValidation.test_c08_entry_point_traversal_path_rejected) ... ok
test_c08_supplied_facts_traversal_path_rejected (test_c_medium.C08PathValidation.test_c08_supplied_facts_traversal_path_rejected) ... ok
test_c08_valid_paths_still_accepted (test_c_medium.C08PathValidation.test_c08_valid_paths_still_accepted) ... ok
test_p01_arbitrary_revision_rejected (test_ca_adversarial_pack.AdversarialPackTests.test_p01_arbitrary_revision_rejected) ... ok
test_p02_nonexistent_full_revision_rejected (test_ca_adversarial_pack.AdversarialPackTests.test_p02_nonexistent_full_revision_rejected) ... ok
test_p03_short_revision_rejected (test_ca_adversarial_pack.AdversarialPackTests.test_p03_short_revision_rejected) ... ok
test_p04_head_alias_rejected_for_saved_pack (test_ca_adversarial_pack.AdversarialPackTests.test_p04_head_alias_rejected_for_saved_pack) ... ok
test_p05_uppercase_revision_rejected (test_ca_adversarial_pack.AdversarialPackTests.test_p05_uppercase_revision_rejected) ... ok
test_p06_default_revision_is_actual_head (test_ca_adversarial_pack.AdversarialPackTests.test_p06_default_revision_is_actual_head) ... ok
test_p07_explicit_old_code_revision_is_stale (test_ca_adversarial_pack.AdversarialPackTests.test_p07_explicit_old_code_revision_is_stale) ... ok
test_p08_repo_source_commit_cannot_be_current_at_another_commit (test_ca_adversarial_pack.AdversarialPackTests.test_p08_repo_source_commit_cannot_be_current_at_another_commit) ... ok
test_p09_contract_source_revision_remains_provenance (test_ca_adversarial_pack.AdversarialPackTests.test_p09_contract_source_revision_remains_provenance) ... ok
test_p10_collapsed_claims_preserve_each_source (test_ca_adversarial_pack.AdversarialPackTests.test_p10_collapsed_claims_preserve_each_source) ... ok
test_p11_evidence_covers_every_section (test_ca_adversarial_pack.AdversarialPackTests.test_p11_evidence_covers_every_section) ... ok
test_p12_scalar_implementation_value_does_not_crash (test_ca_adversarial_pack.AdversarialPackTests.test_p12_scalar_implementation_value_does_not_crash) ... ok
test_p13_open_pr_at_generic_key_keeps_warning (test_ca_adversarial_pack.AdversarialPackTests.test_p13_open_pr_at_generic_key_keeps_warning) ... ok
test_p14_proposal_saying_confirmed_remains_proposal (test_ca_adversarial_pack.AdversarialPackTests.test_p14_proposal_saying_confirmed_remains_proposal) ... ok
test_p15_research_masquerading_as_contract_rejected (test_ca_adversarial_pack.AdversarialPackTests.test_p15_research_masquerading_as_contract_rejected) ... ok
test_p16_missing_source_locator_rejected (test_ca_adversarial_pack.AdversarialPackTests.test_p16_missing_source_locator_rejected) ... ok
test_p17_c_task_gets_team_and_contract (test_ca_adversarial_pack.AdversarialPackTests.test_p17_c_task_gets_team_and_contract) ... ok
test_p18_task_filter_excludes_unrelated_evidence_and_counts (test_ca_adversarial_pack.AdversarialPackTests.test_p18_task_filter_excludes_unrelated_evidence_and_counts) ... ok
test_p19_pr_substring_does_not_filter_unknown_task (test_ca_adversarial_pack.AdversarialPackTests.test_p19_pr_substring_does_not_filter_unknown_task) ... ok
test_p20_multi_scope_does_not_pick_a_scope (test_ca_adversarial_pack.AdversarialPackTests.test_p20_multi_scope_does_not_pick_a_scope) ... ok
test_p21_live_verifier_unavailable_is_not_current (test_ca_adversarial_pack.AdversarialPackTests.test_p21_live_verifier_unavailable_is_not_current) ... ok
test_p22_live_stale_replacement_keeps_both_evidence (test_ca_adversarial_pack.AdversarialPackTests.test_p22_live_stale_replacement_keeps_both_evidence) ... ok
test_p23_consumer_expected_revision_mismatch_rejected (test_ca_adversarial_pack.AdversarialPackTests.test_p23_consumer_expected_revision_mismatch_rejected) ... ok
test_p24_missing_evidence_rejected_even_after_rehash (test_ca_adversarial_pack.AdversarialPackTests.test_p24_missing_evidence_rejected_even_after_rehash) ... ok
test_p25_duplicate_evidence_rejected_even_after_rehash (test_ca_adversarial_pack.AdversarialPackTests.test_p25_duplicate_evidence_rejected_even_after_rehash) ... ok
test_p26_modified_source_revision_rejected (test_ca_adversarial_pack.AdversarialPackTests.test_p26_modified_source_revision_rejected) ... ok
test_p27_contract_section_cannot_smuggle_research (test_ca_adversarial_pack.AdversarialPackTests.test_p27_contract_section_cannot_smuggle_research) ... ok
test_p28_proposal_cannot_be_human_decision (test_ca_adversarial_pack.AdversarialPackTests.test_p28_proposal_cannot_be_human_decision) ... ok
test_p29_conflict_requires_human_resolution (test_ca_adversarial_pack.AdversarialPackTests.test_p29_conflict_requires_human_resolution) ... ok
test_p30_stale_cannot_be_current (test_ca_adversarial_pack.AdversarialPackTests.test_p30_stale_cannot_be_current) ... ok
test_p31_wrong_schema_rejected (test_ca_adversarial_pack.AdversarialPackTests.test_p31_wrong_schema_rejected) ... ok
test_p32_current_projection_cannot_drop_scope (test_ca_adversarial_pack.AdversarialPackTests.test_p32_current_projection_cannot_drop_scope) ... ok
test_p33_count_cannot_hide_conflict (test_ca_adversarial_pack.AdversarialPackTests.test_p33_count_cannot_hide_conflict) ... ok
test_p34_open_warning_cannot_be_removed (test_ca_adversarial_pack.AdversarialPackTests.test_p34_open_warning_cannot_be_removed) ... ok
test_p35_task_domain_cannot_be_rewritten (test_ca_adversarial_pack.AdversarialPackTests.test_p35_task_domain_cannot_be_rewritten) ... ok
test_p36_checksum_detects_accidental_modification (test_ca_adversarial_pack.AdversarialPackTests.test_p36_checksum_detects_accidental_modification) ... ok
test_p37_coherent_wrong_human_claim_requires_external_authority (test_ca_adversarial_pack.AdversarialPackTests.test_p37_coherent_wrong_human_claim_requires_external_authority) ... ok
test_p38_extension_exposes_actual_consumer_validator (test_ca_adversarial_pack.AdversarialPackTests.test_p38_extension_exposes_actual_consumer_validator) ... ok
test_p39_extension_rejects_poisoned_pack_as_bad_request (test_ca_adversarial_pack.AdversarialPackTests.test_p39_extension_rejects_poisoned_pack_as_bad_request) ... ok
test_p40_extension_wrong_revision_is_bad_request (test_ca_adversarial_pack.AdversarialPackTests.test_p40_extension_wrong_revision_is_bad_request) ... ok
test_p41_registry_reordering_preserves_pack (test_ca_adversarial_pack.AdversarialPackTests.test_p41_registry_reordering_preserves_pack) ... ok
test_p42_snapshot_commit_is_independent_of_dirty_worktree (test_ca_adversarial_pack.AdversarialPackTests.test_p42_snapshot_commit_is_independent_of_dirty_worktree) ... ok
test_p43_conflicted_alternate_scope_blocks_unqualified_projection (test_ca_adversarial_pack.AdversarialPackTests.test_p43_conflicted_alternate_scope_blocks_unqualified_projection) ... ok
test_p44_unavailable_alternate_scope_blocks_unqualified_projection (test_ca_adversarial_pack.AdversarialPackTests.test_p44_unavailable_alternate_scope_blocks_unqualified_projection) ... ok
test_p45_valid_replacement_across_code_revisions_not_broken (test_ca_adversarial_pack.AdversarialPackTests.test_p45_valid_replacement_across_code_revisions_not_broken) ... ok
test_p46_invalid_graph_single_claim_is_human_required (test_ca_adversarial_pack.AdversarialPackTests.test_p46_invalid_graph_single_claim_is_human_required) ... ok
test_p47_live_matching_value_preserves_verifier_locator (test_ca_adversarial_pack.AdversarialPackTests.test_p47_live_matching_value_preserves_verifier_locator) ... ok
test_p48_cached_origin_reference_is_not_reported_live_remote (test_ca_adversarial_pack.AdversarialPackTests.test_p48_cached_origin_reference_is_not_reported_live_remote) ... ok
test_p49_false_freshness_claim_rejected (test_ca_adversarial_pack.AdversarialPackTests.test_p49_false_freshness_claim_rejected) ... ok
test_p50_fake_current_type_list_rejected (test_ca_adversarial_pack.AdversarialPackTests.test_p50_fake_current_type_list_rejected) ... ok
test_p51_unknown_confirmed_field_rejected (test_ca_adversarial_pack.AdversarialPackTests.test_p51_unknown_confirmed_field_rejected) ... ok
test_p52_unknown_source_field_rejected (test_ca_adversarial_pack.AdversarialPackTests.test_p52_unknown_source_field_rejected) ... ok
test_p53_malformed_nested_pack_is_value_error (test_ca_adversarial_pack.AdversarialPackTests.test_p53_malformed_nested_pack_is_value_error) ... ok
test_p54_unknown_evidence_type_rejected (test_ca_adversarial_pack.AdversarialPackTests.test_p54_unknown_evidence_type_rejected) ... ok
test_p55_generic_unavailable_record_needs_matching_evidence (test_ca_adversarial_pack.AdversarialPackTests.test_p55_generic_unavailable_record_needs_matching_evidence) ... ok
test_p56_generated_fact_derivation_cannot_be_erased (test_ca_adversarial_pack.AdversarialPackTests.test_p56_generated_fact_derivation_cannot_be_erased) ... ok
test_p57_coherent_research_artifact_cannot_authorize_contract (test_ca_adversarial_pack.AdversarialPackTests.test_p57_coherent_research_artifact_cannot_authorize_contract) ... ok
test_p58_research_confirmation_requires_distinct_human_evidence (test_ca_adversarial_pack.AdversarialPackTests.test_p58_research_confirmation_requires_distinct_human_evidence) ... ok
test_p59_superseded_record_needs_replacement_edge (test_ca_adversarial_pack.AdversarialPackTests.test_p59_superseded_record_needs_replacement_edge) ... ok
test_p60_stale_record_cannot_omit_reason (test_ca_adversarial_pack.AdversarialPackTests.test_p60_stale_record_cannot_omit_reason) ... ok
test_a01_three_active_different_values_keep_every_claim (test_ca_adversarial_resolver.ResolverAdversarialTests.test_a01_three_active_different_values_keep_every_claim) ... ok
test_a02_two_equal_plus_one_conflicting_does_not_majority_vote (test_ca_adversarial_resolver.ResolverAdversarialTests.test_a02_two_equal_plus_one_conflicting_does_not_majority_vote) ... ok
test_a03_supersedes_chain_has_one_survivor_and_full_provenance (test_ca_adversarial_resolver.ResolverAdversarialTests.test_a03_supersedes_chain_has_one_survivor_and_full_provenance) ... ok
test_a04_two_node_cycle_requires_human (test_ca_adversarial_resolver.ResolverAdversarialTests.test_a04_two_node_cycle_requires_human) ... ok
test_a05_three_node_cycle_and_tail_cannot_erase_group (test_ca_adversarial_resolver.ResolverAdversarialTests.test_a05_three_node_cycle_and_tail_cannot_erase_group) ... ok
test_a06_self_supersedes_requires_human (test_ca_adversarial_resolver.ResolverAdversarialTests.test_a06_self_supersedes_requires_human) ... ok
test_a07_broken_edge_cannot_supply_unqualified_current (test_ca_adversarial_resolver.ResolverAdversarialTests.test_a07_broken_edge_cannot_supply_unqualified_current) ... ok
test_a08_duplicate_ids_rejected_by_direct_resolve (test_ca_adversarial_resolver.ResolverAdversarialTests.test_a08_duplicate_ids_rejected_by_direct_resolve) ... ok
test_a09_two_distinct_scopes_both_survive_without_global_winner (test_ca_adversarial_resolver.ResolverAdversarialTests.test_a09_two_distinct_scopes_both_survive_without_global_winner) ... ok
test_a10_equal_values_in_two_scopes_do_not_erase_scope (test_ca_adversarial_resolver.ResolverAdversarialTests.test_a10_equal_values_in_two_scopes_do_not_erase_scope) ... ok
test_a11_conflict_in_one_scope_does_not_mask_another_scope (test_ca_adversarial_resolver.ResolverAdversarialTests.test_a11_conflict_in_one_scope_does_not_mask_another_scope) ... ok
test_a12_cross_scope_supersedes_cannot_remove_current (test_ca_adversarial_resolver.ResolverAdversarialTests.test_a12_cross_scope_supersedes_cannot_remove_current) ... ok
test_a13_cross_key_supersedes_cannot_hide_unrelated_truth (test_ca_adversarial_resolver.ResolverAdversarialTests.test_a13_cross_key_supersedes_cannot_hide_unrelated_truth) ... ok
test_a14_historical_cannot_supersede_confirmed_decision (test_ca_adversarial_resolver.ResolverAdversarialTests.test_a14_historical_cannot_supersede_confirmed_decision) ... ok
test_a15_proposal_cannot_supersede_confirmed_architecture (test_ca_adversarial_resolver.ResolverAdversarialTests.test_a15_proposal_cannot_supersede_confirmed_architecture) ... ok
test_a16_cross_scope_historical_supersession_keeps_real_superseder (test_ca_adversarial_resolver.ResolverAdversarialTests.test_a16_cross_scope_historical_supersession_keeps_real_superseder) ... ok
test_a17_many_historical_values_do_not_create_current_conflict (test_ca_adversarial_resolver.ResolverAdversarialTests.test_a17_many_historical_values_do_not_create_current_conflict) ... ok
test_a18_wrong_domain_authority_rejected_in_direct_resolve (test_ca_adversarial_resolver.ResolverAdversarialTests.test_a18_wrong_domain_authority_rejected_in_direct_resolve) ... ok
test_a19_equal_contract_and_human_sources_are_both_preserved (test_ca_adversarial_resolver.ResolverAdversarialTests.test_a19_equal_contract_and_human_sources_are_both_preserved) ... ok
test_a20_empty_registry_is_deterministic_and_json_serializable (test_ca_adversarial_resolver.ResolverAdversarialTests.test_a20_empty_registry_is_deterministic_and_json_serializable) ... ok
test_a21_unavailable_verifier_withholds_current_and_keeps_evidence (test_ca_adversarial_resolver.ResolverAdversarialTests.test_a21_unavailable_verifier_withholds_current_and_keeps_evidence) ... ok
test_a22_verifier_timeout_is_explicit_unavailable (test_ca_adversarial_resolver.ResolverAdversarialTests.test_a22_verifier_timeout_is_explicit_unavailable) ... ok
test_a23_non_dict_verifier_result_is_unavailable (test_ca_adversarial_resolver.ResolverAdversarialTests.test_a23_non_dict_verifier_result_is_unavailable) ... ok
test_a24_missing_value_verifier_result_is_unavailable (test_ca_adversarial_resolver.ResolverAdversarialTests.test_a24_missing_value_verifier_result_is_unavailable) ... ok
test_a25_non_json_live_value_is_unavailable (test_ca_adversarial_resolver.ResolverAdversarialTests.test_a25_non_json_live_value_is_unavailable) ... ok
test_a26_live_replacement_keeps_exact_source_and_original_claim (test_ca_adversarial_resolver.ResolverAdversarialTests.test_a26_live_replacement_keeps_exact_source_and_original_claim) ... ok
test_a27_matching_live_value_keeps_verification_metadata (test_ca_adversarial_resolver.ResolverAdversarialTests.test_a27_matching_live_value_keeps_verification_metadata) ... ok
test_a28_sanitized_key_auto_id_collision_cannot_alias_evidence (test_ca_adversarial_resolver.ResolverAdversarialTests.test_a28_sanitized_key_auto_id_collision_cannot_alias_evidence) ... ok
test_a29_auto_id_cannot_impersonate_registered_claim (test_ca_adversarial_resolver.ResolverAdversarialTests.test_a29_auto_id_cannot_impersonate_registered_claim) ... ok
test_a30_two_stale_equal_live_claims_deduplicate_auto_id_with_all_sources (test_ca_adversarial_resolver.ResolverAdversarialTests.test_a30_two_stale_equal_live_claims_deduplicate_auto_id_with_all_sources) ... ok
test_a31_reordered_invalid_edges_produce_identical_problem_order (test_ca_adversarial_resolver.ResolverAdversarialTests.test_a31_reordered_invalid_edges_produce_identical_problem_order) ... ok
test_a32_nested_dict_order_and_distinct_sources_semantic_duplicate (test_ca_adversarial_resolver.ResolverAdversarialTests.test_a32_nested_dict_order_and_distinct_sources_semantic_duplicate) ... ok
test_a33_json_boolean_is_not_same_as_integer (test_ca_adversarial_resolver.ResolverAdversarialTests.test_a33_json_boolean_is_not_same_as_integer) ... ok
test_a34_stored_state_is_rejected_in_direct_resolve (test_ca_adversarial_resolver.ResolverAdversarialTests.test_a34_stored_state_is_rejected_in_direct_resolve) ... ok
test_a35_unknown_source_kind_rejected_in_direct_resolve (test_ca_adversarial_resolver.ResolverAdversarialTests.test_a35_unknown_source_kind_rejected_in_direct_resolve) ... ok
test_a36_unknown_type_rejected_in_direct_resolve (test_ca_adversarial_resolver.ResolverAdversarialTests.test_a36_unknown_type_rejected_in_direct_resolve) ... ok
test_a37_nested_non_json_value_explicit_validation_error (test_ca_adversarial_resolver.ResolverAdversarialTests.test_a37_nested_non_json_value_explicit_validation_error) ... ok
test_a38_nan_in_registry_is_rejected_with_line_number (test_ca_adversarial_resolver.ResolverAdversarialTests.test_a38_nan_in_registry_is_rejected_with_line_number) ... ok
test_a39_null_is_a_valid_json_value (test_ca_adversarial_resolver.ResolverAdversarialTests.test_a39_null_is_a_valid_json_value) ... ok
test_a40_5000_claims_reorder_without_loss_or_recursion_failure (test_ca_adversarial_resolver.ResolverAdversarialTests.test_a40_5000_claims_reorder_without_loss_or_recursion_failure) ... ok
test_a41_5000_node_chain_does_not_recurse (test_ca_adversarial_resolver.ResolverAdversarialTests.test_a41_5000_node_chain_does_not_recurse) ... ok
test_a42_save_batch_validation_does_not_write_partial_records (test_ca_adversarial_resolver.ResolverAdversarialTests.test_a42_save_batch_validation_does_not_write_partial_records) ... ok
test_a43_save_append_duplicate_fails_before_corruption (test_ca_adversarial_resolver.ResolverAdversarialTests.test_a43_save_append_duplicate_fails_before_corruption) ... ok
test_a44_input_not_mutated_by_live_resolution (test_ca_adversarial_resolver.ResolverAdversarialTests.test_a44_input_not_mutated_by_live_resolution) ... ok
test_a54_research_source_cannot_masquerade_as_current_authority (test_ca_adversarial_resolver.ResolverAdversarialTests.test_a54_research_source_cannot_masquerade_as_current_authority) ... ok
test_a55_distinct_human_confirmation_preserves_research_provenance (test_ca_adversarial_resolver.ResolverAdversarialTests.test_a55_distinct_human_confirmation_preserves_research_provenance) ... ok
test_a45_open_to_closed_transition (test_ca_adversarial_resolver.VerifierAdversarialTests.test_a45_open_to_closed_transition) ... ok
test_a46_open_to_merged_transition_distinguishes_merged (test_ca_adversarial_resolver.VerifierAdversarialTests.test_a46_open_to_merged_transition_distinguishes_merged) ... ok
test_a47_malformed_pr_payload_is_unavailable (test_ca_adversarial_resolver.VerifierAdversarialTests.test_a47_malformed_pr_payload_is_unavailable) ... ok
test_a48_gh_network_failure_is_reported (test_ca_adversarial_resolver.VerifierAdversarialTests.test_a48_gh_network_failure_is_reported) ... ok
test_a49_default_verifies_code_facts_status_and_head (test_ca_adversarial_resolver.VerifierAdversarialTests.test_a49_default_verifies_code_facts_status_and_head) ... ok
test_a50_main_head_drift_stales_claim (test_ca_adversarial_resolver.VerifierAdversarialTests.test_a50_main_head_drift_stales_claim) ... ok
test_a51_main_missing_remote_ref_does_not_fallback_to_local_branch (test_ca_adversarial_resolver.VerifierAdversarialTests.test_a51_main_missing_remote_ref_does_not_fallback_to_local_branch) ... ok
test_a52_main_malformed_sha_is_unavailable (test_ca_adversarial_resolver.VerifierAdversarialTests.test_a52_main_malformed_sha_is_unavailable) ... ok
test_a53_disabled_verification_performs_no_live_calls (test_ca_adversarial_resolver.VerifierAdversarialTests.test_a53_disabled_verification_performs_no_live_calls) ... ok
test_main_head_verifier_ignores_inherited_git_environment (test_ca_git_isolation.ContextAuthorityGitIsolationTests.test_main_head_verifier_ignores_inherited_git_environment) ... ok
test_project_revision_ignores_inherited_git_environment (test_ca_git_isolation.ContextAuthorityGitIsolationTests.test_project_revision_ignores_inherited_git_environment) ... ok
test_pr21_contents_have_exact_source_version (test_ca_live_boundary.LiveBoundaryTests.test_pr21_contents_have_exact_source_version) ... ok
test_registered_snapshot_absence_is_explicitly_bounded (test_ca_live_boundary.LiveBoundaryTests.test_registered_snapshot_absence_is_explicitly_bounded) ... ok
test_sha_units_corrected_with_explicit_supersession (test_ca_live_boundary.LiveBoundaryTests.test_sha_units_corrected_with_explicit_supersession) ... ok
test_utf8_subprocess_output_with_non_ascii_github_text (test_ca_live_boundary.LiveBoundaryTests.test_utf8_subprocess_output_with_non_ascii_github_text) ... ok
test_blob_and_annotated_tag_object_are_rejected (test_code_facts.CollectorAcceptanceTests.test_blob_and_annotated_tag_object_are_rejected) ... ok
test_declared_source_encoding_is_supported (test_code_facts.CollectorAcceptanceTests.test_declared_source_encoding_is_supported) ... ok
test_deep_valid_syntax_is_extracted_or_explicitly_skipped (test_code_facts.CollectorAcceptanceTests.test_deep_valid_syntax_is_extracted_or_explicitly_skipped) ... ok
test_exact_entries_and_definition_lines (test_code_facts.CollectorAcceptanceTests.test_exact_entries_and_definition_lines) ... ok
test_historical_commit_ignores_current_worktree (test_code_facts.CollectorAcceptanceTests.test_historical_commit_ignores_current_worktree) ... ok
test_inherited_git_overrides_cannot_switch_repository (test_code_facts.CollectorAcceptanceTests.test_inherited_git_overrides_cannot_switch_repository) ... ok
test_invalid_path_inputs_are_rejected (test_code_facts.CollectorAcceptanceTests.test_invalid_path_inputs_are_rejected) ... ok
test_local_replacement_refs_cannot_change_sha_evidence (test_code_facts.CollectorAcceptanceTests.test_local_replacement_refs_cannot_change_sha_evidence) ... ok
test_missing_file_in_target_commit_rejects_whole_request (test_code_facts.CollectorAcceptanceTests.test_missing_file_in_target_commit_rejects_whole_request) ... ok
test_none_selects_all_but_empty_paths_selects_nothing (test_code_facts.CollectorAcceptanceTests.test_none_selects_all_but_empty_paths_selects_nothing) ... ok
test_output_is_json_and_evidence_is_checkable_by_consumer (test_code_facts.CollectorAcceptanceTests.test_output_is_json_and_evidence_is_checkable_by_consumer) ... ok
test_oversized_file_is_skipped_without_losing_other_facts (test_code_facts.CollectorAcceptanceTests.test_oversized_file_is_skipped_without_losing_other_facts) ... ok
test_parse_errors_are_skipped_and_other_files_remain_available (test_code_facts.CollectorAcceptanceTests.test_parse_errors_are_skipped_and_other_files_remain_available) ... ok
test_partial_clone_missing_blob_fails_without_fetching_or_writing_packs (test_code_facts.CollectorAcceptanceTests.test_partial_clone_missing_blob_fails_without_fetching_or_writing_packs) ... ok
test_paths_are_exact_not_globs (test_code_facts.CollectorAcceptanceTests.test_paths_are_exact_not_globs) ... ok
test_repository_root_is_required (test_code_facts.CollectorAcceptanceTests.test_repository_root_is_required) ... ok
test_revision_requires_full_lowercase_commit_sha (test_code_facts.CollectorAcceptanceTests.test_revision_requires_full_lowercase_commit_sha) ... ok
test_selected_paths_are_sorted_and_deduplicated (test_code_facts.CollectorAcceptanceTests.test_selected_paths_are_sorted_and_deduplicated) ... ok
test_sha256_repository_when_supported_by_installed_git (test_code_facts.CollectorAcceptanceTests.test_sha256_repository_when_supported_by_installed_git) ... ok
test_source_is_never_executed (test_code_facts.CollectorAcceptanceTests.test_source_is_never_executed) ... ok
test_symlink_and_gitlink_are_skipped (test_code_facts.CollectorAcceptanceTests.test_symlink_and_gitlink_are_skipped) ... ok
test_total_python_budget_rejects_request_with_clear_error (test_code_facts.CollectorAcceptanceTests.test_total_python_budget_rejects_request_with_clear_error) ... ok
test_bad_b_requests_are_400_and_leave_core_routes_usable (test_code_facts.CoreHttpIntegrationTests.test_bad_b_requests_are_400_and_leave_core_routes_usable) ... ok
test_get_post_and_snapshot_share_exact_repository_revision (test_code_facts.CoreHttpIntegrationTests.test_get_post_and_snapshot_share_exact_repository_revision) ... ok
test_real_core_automatically_discovers_and_serves_b_page (test_code_facts.CoreHttpIntegrationTests.test_real_core_automatically_discovers_and_serves_b_page) ... ok
test_space_path_is_exact_for_real_http_get_and_post (test_code_facts.CoreHttpIntegrationTests.test_space_path_is_exact_for_real_http_get_and_post) ... ok
test_unicode_separator_path_is_exact_for_real_http_get_and_post (test_code_facts.CoreHttpIntegrationTests.test_unicode_separator_path_is_exact_for_real_http_get_and_post) ... ok
test_empty_post_paths_stays_empty_and_blank_get_selects_all (test_code_facts.ExtensionAdapterAcceptanceTests.test_empty_post_paths_stays_empty_and_blank_get_selects_all) ... ok
test_get_and_post_have_equivalent_results (test_code_facts.ExtensionAdapterAcceptanceTests.test_get_and_post_have_equivalent_results) ... ok
test_invalid_requests_raise_real_host_extension_error (test_code_facts.ExtensionAdapterAcceptanceTests.test_invalid_requests_raise_real_host_extension_error) ... ok
test_conflict_then_resolution (test_context_authority.ConstructedScenarioTests.test_conflict_then_resolution) ... ok
test_stale_pr_head_flow (test_context_authority.ConstructedScenarioTests.test_stale_pr_head_flow) ... ok
test_verifier_unavailable_is_reported_not_faked (test_context_authority.ConstructedScenarioTests.test_verifier_unavailable_is_reported_not_faked) ... ok
test_get_claims_and_conflicts (test_context_authority.HandleLayerTests.test_get_claims_and_conflicts) ... ok
test_get_state (test_context_authority.HandleLayerTests.test_get_state) ... ok
test_post_context_pack (test_context_authority.HandleLayerTests.test_post_context_pack) ... ok
test_post_context_requires_task (test_context_authority.HandleLayerTests.test_post_context_requires_task) ... ok
test_post_resolve_state (test_context_authority.HandleLayerTests.test_post_resolve_state) ... ok
test_strict_key_validation (test_context_authority.HandleLayerTests.test_strict_key_validation) ... ok
test_f1_role_mapping (test_context_authority.RealDriftFixtureTests.test_f1_role_mapping) ... ok
test_f2_code_facts_shape (test_context_authority.RealDriftFixtureTests.test_f2_code_facts_shape) ... ok
test_f3_code_facts_status (test_context_authority.RealDriftFixtureTests.test_f3_code_facts_status) ... ok
test_f4_line_reference (test_context_authority.RealDriftFixtureTests.test_f4_line_reference) ... ok
test_f5_research_not_promoted (test_context_authority.RealDriftFixtureTests.test_f5_research_not_promoted) ... ok
test_t10_open_never_becomes_merged_automatically (test_context_authority.SpecTests.test_t10_open_never_becomes_merged_automatically) ... ok
test_t11_pack_contains_evidence (test_context_authority.SpecTests.test_t11_pack_contains_evidence) ... ok
test_t12_pack_contains_do_not_assume (test_context_authority.SpecTests.test_t12_pack_contains_do_not_assume) ... ok
test_t13_deterministic (test_context_authority.SpecTests.test_t13_deterministic) ... ok
test_t14_reorder_same_state (test_context_authority.SpecTests.test_t14_reorder_same_state) ... ok
test_t15_unknown_type_rejected (test_context_authority.SpecTests.test_t15_unknown_type_rejected) ... ok
test_t16_invalid_source_rejected (test_context_authority.SpecTests.test_t16_invalid_source_rejected) ... ok
test_t17_duplicate_id_rejected (test_context_authority.SpecTests.test_t17_duplicate_id_rejected) ... ok
test_t18_broken_supersedes_reported (test_context_authority.SpecTests.test_t18_broken_supersedes_reported) ... ok
test_t1_single_verified_fact_resolves (test_context_authority.SpecTests.test_t1_single_verified_fact_resolves) ... ok
test_t2_human_decision_resolves (test_context_authority.SpecTests.test_t2_human_decision_resolves) ... ok
test_t3_proposal_not_in_current (test_context_authority.SpecTests.test_t3_proposal_not_in_current) ... ok
test_t4_research_not_in_current (test_context_authority.SpecTests.test_t4_research_not_in_current) ... ok
test_t5_historical_not_in_current (test_context_authority.SpecTests.test_t5_historical_not_in_current) ... ok
test_t6_supersedes_removes_old_from_current (test_context_authority.SpecTests.test_t6_supersedes_removes_old_from_current) ... ok
test_t7_conflicting_active_claims (test_context_authority.SpecTests.test_t7_conflicting_active_claims) ... ok
test_t8_timestamp_does_not_win (test_context_authority.SpecTests.test_t8_timestamp_does_not_win) ... ok
test_t9_stale_verified_fact_detected (test_context_authority.SpecTests.test_t9_stale_verified_fact_detected) ... ok
test_attachment_roundtrip_missing_and_tampered_hash (test_continuity.ContinuityTests.test_attachment_roundtrip_missing_and_tampered_hash) ... ok
test_capture_worktree_optional_and_snapshot_refresh (test_continuity.ContinuityTests.test_capture_worktree_optional_and_snapshot_refresh) ... ok
test_concurrent_write_conflicts_and_followup (test_continuity.ContinuityTests.test_concurrent_write_conflicts_and_followup) ... ok
test_d02_continuity_storage_survives_corrupted_worklog_db (test_continuity.ContinuityTests.test_d02_continuity_storage_survives_corrupted_worklog_db) ... ok
test_d03_malformed_checklist_state_is_controlled_400 (test_continuity.ContinuityTests.test_d03_malformed_checklist_state_is_controlled_400) ... ok
test_direct_claim_keeps_unchecked_reviews_unverified (test_continuity.ContinuityTests.test_direct_claim_keeps_unchecked_reviews_unverified) ... ok
test_finish_session_preserves_open_items_and_new_entry_point_on_import (test_continuity.ContinuityTests.test_finish_session_preserves_open_items_and_new_entry_point_on_import) ... ok
test_full_sender_receiver_feedback_completion_and_history (test_continuity.ContinuityTests.test_full_sender_receiver_feedback_completion_and_history) ... ok
test_git_checks_renames_changes_source_mismatch_and_worktree (test_continuity.ContinuityTests.test_git_checks_renames_changes_source_mismatch_and_worktree) ... ok
test_import_events_are_not_local_authority_and_survive_next_export (test_continuity.ContinuityTests.test_import_events_are_not_local_authority_and_survive_next_export) ... ok
test_legacy_import_json_and_ai_context_preserve_unknowns (test_continuity.ContinuityTests.test_legacy_import_json_and_ai_context_preserve_unknowns) ... ok
test_logs_are_fixed_snapshots_and_original_untouched (test_continuity.ContinuityTests.test_logs_are_fixed_snapshots_and_original_untouched) ... ok
test_missing_commit_and_map_changed (test_continuity.ContinuityTests.test_missing_commit_and_map_changed) ... ok
test_old_export_import_preserves_feedback_and_handoff (test_continuity.ContinuityTests.test_old_export_import_preserves_feedback_and_handoff) ... ok
test_problem_impact_and_completion_are_distinct (test_continuity.ContinuityTests.test_problem_impact_and_completion_are_distinct) ... ok
test_real_http_import_chunks_export_and_old_pages_available (test_continuity.ContinuityTests.test_real_http_import_chunks_export_and_old_pages_available) ... 127.0.0.1 - - [07/Oct/2026 13:28:47] "GET /ext/continuity HTTP/1.1" 200 -
127.0.0.1 - - [07/Oct/2026 13:28:47] "GET /ext/worklog HTTP/1.1" 200 -
127.0.0.1 - - [07/Oct/2026 13:28:47] "GET /ext/handoff HTTP/1.1" 200 -
127.0.0.1 - - [07/Oct/2026 13:28:47] "POST /api/extensions/continuity HTTP/1.1" 200 -
127.0.0.1 - - [07/Oct/2026 13:28:47] "GET /api/extensions/continuity?action=export&id=bbf389edf18741de910c9e1d583a2adb HTTP/1.1" 200 -
127.0.0.1 - - [07/Oct/2026 13:28:47] "POST /api/extensions/continuity HTTP/1.1" 200 -
127.0.0.1 - - [07/Oct/2026 13:28:47] "POST /api/extensions/continuity HTTP/1.1" 409 -
127.0.0.1 - - [07/Oct/2026 13:28:47] "POST /api/extensions/continuity HTTP/1.1" 200 -
127.0.0.1 - - [07/Oct/2026 13:28:47] "POST /api/extensions/continuity HTTP/1.1" 200 -
127.0.0.1 - - [07/Oct/2026 13:28:47] "GET /api/extensions/continuity?action=inspect&id=a7d0db4b8c3d4cb98a3307bd2905ea3b HTTP/1.1" 200 -
ok
test_real_http_quick_actions_session_end_and_reimport (test_continuity.ContinuityTests.test_real_http_quick_actions_session_end_and_reimport) ... 127.0.0.1 - - [07/Oct/2026 13:28:48] "POST /api/extensions/continuity HTTP/1.1" 200 -
127.0.0.1 - - [07/Oct/2026 13:28:48] "POST /api/extensions/continuity HTTP/1.1" 200 -
127.0.0.1 - - [07/Oct/2026 13:28:48] "POST /api/extensions/continuity HTTP/1.1" 200 -
127.0.0.1 - - [07/Oct/2026 13:28:48] "POST /api/extensions/continuity HTTP/1.1" 200 -
127.0.0.1 - - [07/Oct/2026 13:28:48] "POST /api/extensions/continuity HTTP/1.1" 400 -
127.0.0.1 - - [07/Oct/2026 13:28:48] "POST /api/extensions/continuity HTTP/1.1" 200 -
127.0.0.1 - - [07/Oct/2026 13:28:48] "GET /api/extensions/continuity?action=export&id=7e5e7a9dd6404e9f978f5d2dfb90aa43 HTTP/1.1" 200 -
127.0.0.1 - - [07/Oct/2026 13:28:48] "POST /api/extensions/continuity HTTP/1.1" 200 -
ok
test_remote_normalization_and_path_validation (test_continuity.ContinuityTests.test_remote_normalization_and_path_validation) ... ok
test_session_end_rejects_missing_entry_point_atomically_and_stale_writes (test_continuity.ContinuityTests.test_session_end_rejects_missing_entry_point_atomically_and_stale_writes) ... ok
test_task_readiness_not_equals_acceptance (test_continuity.ContinuityTests.test_task_readiness_not_equals_acceptance) ... ok
test_copy_original_log_is_explicit_and_keeps_source_bytes (test_continuity_github.GitHubExperimentTests.test_copy_original_log_is_explicit_and_keeps_source_bytes) ... ok
test_export_reimport_and_session_retain_references (test_continuity_github.GitHubExperimentTests.test_export_reimport_and_session_retain_references) ... ok
test_imported_file_references_and_http_discovery (test_continuity_github.GitHubExperimentTests.test_imported_file_references_and_http_discovery) ... 127.0.0.1 - - [07/Oct/2026 13:28:50] "GET /api/extensions HTTP/1.1" 200 -
127.0.0.1 - - [07/Oct/2026 13:28:50] "GET /ext/continuity_github HTTP/1.1" 200 -
127.0.0.1 - - [07/Oct/2026 13:28:50] "GET /api/extensions/continuity_github?action=log_page HTTP/1.1" 200 -
127.0.0.1 - - [07/Oct/2026 13:28:51] "POST /api/extensions/continuity_github HTTP/1.1" 200 -
ok
test_inherited_git_environment_cannot_redirect_the_experimental_store (test_continuity_github.GitHubExperimentTests.test_inherited_git_environment_cannot_redirect_the_experimental_store) ... FAIL
test_isolated_logs_history_conflicts_and_fixed_handoff (test_continuity_github.GitHubExperimentTests.test_isolated_logs_history_conflicts_and_fixed_handoff) ... ok
test_links_are_canonical_fixed_and_unverified (test_continuity_github.GitHubExperimentTests.test_links_are_canonical_fixed_and_unverified) ... ok
test_local_code_requires_repository_identity (test_continuity_github.GitHubExperimentTests.test_local_code_requires_repository_identity) ... ok
test_log_page_is_served_as_exact_utf8_text (test_continuity_github.GitHubExperimentTests.test_log_page_is_served_as_exact_utf8_text) ... ok
test_a30_d_extension_routes_survive_runtime_system_exit (test_extensions.ExtensionHttpTests.test_a30_d_extension_routes_survive_runtime_system_exit) ... 127.0.0.1 - - [07/Oct/2026 13:28:52] "GET /api/extensions/exiting_runtime HTTP/1.1" 500 -
127.0.0.1 - - [07/Oct/2026 13:28:52] "GET /api/extensions HTTP/1.1" 200 -
127.0.0.1 - - [07/Oct/2026 13:28:52] "GET /api/extensions/worklog HTTP/1.1" 200 -
127.0.0.1 - - [07/Oct/2026 13:28:52] "GET /api/extensions/handoff HTTP/1.1" 200 -
127.0.0.1 - - [07/Oct/2026 13:28:52] "GET /api/extensions/continuity HTTP/1.1" 200 -
127.0.0.1 - - [07/Oct/2026 13:28:52] "GET /api/extensions/project_summary HTTP/1.1" 200 -
127.0.0.1 - - [07/Oct/2026 13:28:52] "GET /api/snapshot HTTP/1.1" 200 -
ok
test_a30_host_run_contract_direct (test_extensions.ExtensionHttpTests.test_a30_host_run_contract_direct) ... ok
test_a30_runtime_base_exception_family_is_contained (test_extensions.ExtensionHttpTests.test_a30_runtime_base_exception_family_is_contained) ... 127.0.0.1 - - [07/Oct/2026 13:28:53] "GET /api/extensions/raises_ki HTTP/1.1" 500 -
127.0.0.1 - - [07/Oct/2026 13:28:53] "GET /api/extensions/raises_ge HTTP/1.1" 500 -
127.0.0.1 - - [07/Oct/2026 13:28:53] "GET /api/snapshot HTTP/1.1" 200 -
ok
test_a30_runtime_system_exit_is_contained_as_extension_error (test_extensions.ExtensionHttpTests.test_a30_runtime_system_exit_is_contained_as_extension_error) ... 127.0.0.1 - - [07/Oct/2026 13:28:53] "GET /api/extensions/exiting_runtime HTTP/1.1" 500 -
127.0.0.1 - - [07/Oct/2026 13:28:53] "GET /api/extensions/healthy HTTP/1.1" 200 -
127.0.0.1 - - [07/Oct/2026 13:28:53] "GET /api/snapshot HTTP/1.1" 200 -
127.0.0.1 - - [07/Oct/2026 13:28:53] "GET /api/extensions HTTP/1.1" 200 -
ok
test_broken_extension_is_reported_without_breaking_existing_map (test_extensions.ExtensionHttpTests.test_broken_extension_is_reported_without_breaking_existing_map) ... 127.0.0.1 - - [07/Oct/2026 13:28:54] "GET /api/extensions HTTP/1.1" 200 -
127.0.0.1 - - [07/Oct/2026 13:28:54] "GET /api/snapshot HTTP/1.1" 200 -
127.0.0.1 - - [07/Oct/2026 13:28:54] "GET /api/extensions/broken HTTP/1.1" 503 -
ok
test_new_directory_provides_api_and_page_without_core_edits (test_extensions.ExtensionHttpTests.test_new_directory_provides_api_and_page_without_core_edits) ... 127.0.0.1 - - [07/Oct/2026 13:28:55] "GET /api/extensions HTTP/1.1" 200 -
127.0.0.1 - - [07/Oct/2026 13:28:55] "GET /ext/team_facts HTTP/1.1" 200 -
127.0.0.1 - - [07/Oct/2026 13:28:55] "GET /api/extensions/team_facts?value=from-get HTTP/1.1" 200 -
127.0.0.1 - - [07/Oct/2026 13:28:55] "POST /api/extensions/team_facts HTTP/1.1" 200 -
127.0.0.1 - - [07/Oct/2026 13:28:55] "POST /api/extensions/team_facts HTTP/1.1" 400 -
ok
test_runtime_failure_is_contained_and_other_routes_still_work (test_extensions.ExtensionHttpTests.test_runtime_failure_is_contained_and_other_routes_still_work) ... 127.0.0.1 - - [07/Oct/2026 13:28:55] "GET /api/extensions/runtime_failure HTTP/1.1" 500 -
127.0.0.1 - - [07/Oct/2026 13:28:55] "GET /api/snapshot HTTP/1.1" 200 -
ok
test_shipped_example_is_discovered_and_has_a_default_page (test_extensions.ExtensionHttpTests.test_shipped_example_is_discovered_and_has_a_default_page) ... 127.0.0.1 - - [07/Oct/2026 13:28:56] "GET / HTTP/1.1" 200 -
127.0.0.1 - - [07/Oct/2026 13:28:56] "GET /extensions.js HTTP/1.1" 200 -
127.0.0.1 - - [07/Oct/2026 13:28:56] "GET /api/extensions HTTP/1.1" 200 -
127.0.0.1 - - [07/Oct/2026 13:28:56] "GET /api/extensions/project_summary HTTP/1.1" 200 -
127.0.0.1 - - [07/Oct/2026 13:28:56] "GET /api/snapshot HTTP/1.1" 200 -
127.0.0.1 - - [07/Oct/2026 13:28:56] "GET /ext/project_summary HTTP/1.1" 200 -
ok
test_system_exit_during_load_does_not_stop_core_or_other_extensions (test_extensions.ExtensionHttpTests.test_system_exit_during_load_does_not_stop_core_or_other_extensions) ... 127.0.0.1 - - [07/Oct/2026 13:28:56] "GET /api/snapshot HTTP/1.1" 200 -
127.0.0.1 - - [07/Oct/2026 13:28:56] "GET /api/extensions HTTP/1.1" 200 -
127.0.0.1 - - [07/Oct/2026 13:28:56] "GET /api/extensions/healthy HTTP/1.1" 200 -
ok
test_actual_host_discovers_extension_and_adapter_rejects_stale_page (test_handoff.HandoffTests.test_actual_host_discovers_extension_and_adapter_rejects_stale_page) ... ok
test_ai_context_keeps_versions_limits_and_work_notes (test_handoff.HandoffTests.test_ai_context_keeps_versions_limits_and_work_notes) ... ok
test_complete_and_no_mutation (test_handoff.HandoffTests.test_complete_and_no_mutation) ... ok
test_invalid_source_and_comparison (test_handoff.HandoffTests.test_invalid_source_and_comparison) ... ok
test_live_http_page_generate_and_stale_error (test_handoff.HandoffTests.test_live_http_page_generate_and_stale_error) ... 127.0.0.1 - - [07/Oct/2026 13:28:57] "GET /ext/handoff HTTP/1.1" 200 -
127.0.0.1 - - [07/Oct/2026 13:28:57] "GET /api/snapshot HTTP/1.1" 200 -
127.0.0.1 - - [07/Oct/2026 13:28:57] "POST /api/extensions/handoff HTTP/1.1" 200 -
127.0.0.1 - - [07/Oct/2026 13:28:57] "POST /api/extensions/handoff HTTP/1.1" 400 -
ok
test_local_path_and_missing_evidence_visible (test_handoff.HandoffTests.test_local_path_and_missing_evidence_visible) ... ok
test_main_resolves_local_tracking_ref_each_time (test_handoff.HandoffTests.test_main_resolves_local_tracking_ref_each_time) ... ok
test_main_revision_ignores_inherited_git_environment (test_handoff.HandoffTests.test_main_revision_ignores_inherited_git_environment) ... ok
test_markdown_distinguishes_missing_comparison_and_unmapped_changes (test_handoff.HandoffTests.test_markdown_distinguishes_missing_comparison_and_unmapped_changes) ... ok
test_markdown_is_readable_and_escapes_source_markup (test_handoff.HandoffTests.test_markdown_is_readable_and_escapes_source_markup) ... ok
test_markdown_preserves_replay_information (test_handoff.HandoffTests.test_markdown_preserves_replay_information) ... ok
test_notes_are_separate_unverified_records_and_validate_types (test_handoff.HandoffTests.test_notes_are_separate_unverified_records_and_validate_types) ... ok
test_reject_malformed_ai_lists_and_short_baseline (test_handoff.HandoffTests.test_reject_malformed_ai_lists_and_short_baseline) ... ok
test_reject_wrong_ai_version_and_fabricated_evidence (test_handoff.HandoffTests.test_reject_wrong_ai_version_and_fabricated_evidence) ... ok
test_unmapped_changes_include_only_changes_without_declared_paths (test_handoff.HandoffTests.test_unmapped_changes_include_only_changes_without_declared_paths) ... ok
test_without_optional_inputs_does_not_claim_no_changes (test_handoff.HandoffTests.test_without_optional_inputs_does_not_claim_no_changes) ... ok
test_b_unavailable_degraded_with_limits_no_fabricated_fact (test_map_proposal.BGateTests.test_b_unavailable_degraded_with_limits_no_fabricated_fact) ... ok
test_installed_b_mismatch_rejected (test_map_proposal.BGateTests.test_installed_b_mismatch_rejected) ... ok
test_installed_b_shape_exception_degraded_not_crash (test_map_proposal.BGateTests.test_installed_b_shape_exception_degraded_not_crash) ... ok
test_supplied_mismatch_rejected_on_empty_changes (test_map_proposal.BGateTests.test_supplied_mismatch_rejected_on_empty_changes) ... ok
test_supplied_mismatch_rejected_on_normal_path (test_map_proposal.BGateTests.test_supplied_mismatch_rejected_on_normal_path) ... ok
test_supplied_mismatch_rejected_on_same_revision (test_map_proposal.BGateTests.test_supplied_mismatch_rejected_on_same_revision) ... ok
test_supplied_non_dict_shape_controlled_rejection (test_map_proposal.BGateTests.test_supplied_non_dict_shape_controlled_rejection) ... ok
test_canonical_buckets_and_request_trace (test_map_proposal.CanonicalAndIdentityTests.test_canonical_buckets_and_request_trace) ... ok
test_determinism_same_input_same_output (test_map_proposal.CanonicalAndIdentityTests.test_determinism_same_input_same_output) ... ok
test_legacy_projection_from_admitted_node_add_only (test_map_proposal.CanonicalAndIdentityTests.test_legacy_projection_from_admitted_node_add_only) ... ok
test_make_proposal_rejects_position_and_empty_evidence (test_map_proposal.CanonicalAndIdentityTests.test_make_proposal_rejects_position_and_empty_evidence) ... ok
test_mode_honesty_no_ai_candidate_without_model (test_map_proposal.CanonicalAndIdentityTests.test_mode_honesty_no_ai_candidate_without_model) ... ok
test_node_id_collision_widening (test_map_proposal.CanonicalAndIdentityTests.test_node_id_collision_widening) ... ok
test_proposal_id_stable_and_payload_sensitive (test_map_proposal.CanonicalAndIdentityTests.test_proposal_id_stable_and_payload_sensitive) ... ok
test_core_changes_mapped_to_changed_paths (test_map_proposal.CoreCompareAdapterTests.test_core_changes_mapped_to_changed_paths) ... ok
test_edge_unknown_reference_rejected (test_map_proposal.MapIntakeTests.test_edge_unknown_reference_rejected) ... ok
test_empty_nodes_rejected (test_map_proposal.MapIntakeTests.test_empty_nodes_rejected) ... ok
test_missing_current_map_rejected (test_map_proposal.MapIntakeTests.test_missing_current_map_rejected) ... ok
test_missing_node_id_rejected (test_map_proposal.MapIntakeTests.test_missing_node_id_rejected) ... ok
test_map_file_hash_unchanged (test_map_proposal.NoMapWriteTests.test_map_file_hash_unchanged) ... ok
test_facts_and_entry_point_paths_bounded (test_map_proposal.PathSafetyTests.test_facts_and_entry_point_paths_bounded) ... ok
test_unsafe_changed_paths_rejected (test_map_proposal.PathSafetyTests.test_unsafe_changed_paths_rejected) ... ok
test_unsafe_map_evidence_path_rejected (test_map_proposal.PathSafetyTests.test_unsafe_map_evidence_path_rejected) ... ok
test_base_equals_target_zero_proposal_after_gates (test_map_proposal.PinGateTests.test_base_equals_target_zero_proposal_after_gates) ... ok
test_empty_changes_with_different_pins_rejected (test_map_proposal.PinGateTests.test_empty_changes_with_different_pins_rejected) ... ok
test_full_40_and_64_hex_accepted (test_map_proposal.PinGateTests.test_full_40_and_64_hex_accepted) ... ok
test_head_and_short_sha_rejected (test_map_proposal.PinGateTests.test_head_and_short_sha_rejected) ... ok
test_missing_pins_controlled_rejection_no_snapshot_fallback (test_map_proposal.PinGateTests.test_missing_pins_controlled_rejection_no_snapshot_fallback) ... ok
test_changed_skipped_becomes_human_required (test_map_proposal.SkippedEligibilityTests.test_changed_skipped_becomes_human_required) ... ok
test_unchanged_skipped_not_reported (test_map_proposal.SkippedEligibilityTests.test_unchanged_skipped_not_reported) ... ok
test_unified_eligibility (test_map_proposal.SkippedEligibilityTests.test_unified_eligibility) ... ok
test_drifted_anchor_is_anchor_not_found (test_mutation_runner.MutationRunnerMetaTests.test_drifted_anchor_is_anchor_not_found) ... ok
test_environment_fault_in_baseline_is_not_a_kill (test_mutation_runner.MutationRunnerMetaTests.test_environment_fault_in_baseline_is_not_a_kill) ... ok
test_environment_fault_in_post_mutation_guards_is_not_a_kill (test_mutation_runner.MutationRunnerMetaTests.test_environment_fault_in_post_mutation_guards_is_not_a_kill) ... ok
test_green_guards_on_valid_mutation_is_missed_never_caught (test_mutation_runner.MutationRunnerMetaTests.test_green_guards_on_valid_mutation_is_missed_never_caught) ... ok
test_invalid_python_after_mutation_is_invalid_mutation_never_caught (test_mutation_runner.MutationRunnerMetaTests.test_invalid_python_after_mutation_is_invalid_mutation_never_caught) ... ok
test_red_guards_on_valid_mutation_is_semantic_caught (test_mutation_runner.MutationRunnerMetaTests.test_red_guards_on_valid_mutation_is_semantic_caught) ... ok
test_get_method_allowed_post_only_others_rejected (test_p06_matrix_closure.ExtensionSeamBoundary.test_get_method_allowed_post_only_others_rejected) ... ok
test_malicious_map_text_controlled_rejection_not_crash (test_p06_matrix_closure.ExtensionSeamBoundary.test_malicious_map_text_controlled_rejection_not_crash) ... ok
test_missing_pin_is_400_not_head_fallback (test_p06_matrix_closure.ExtensionSeamBoundary.test_missing_pin_is_400_not_head_fallback) ... ok
test_unparseable_entry_point_is_visible_degradation_not_silence (test_p06_matrix_closure.P07EntryPointDiagnostics.test_unparseable_entry_point_is_visible_degradation_not_silence) ... ok
test_s04_subdirectory_move_link_change (test_p06_matrix_closure.S04SubdirectoryRename.test_s04_subdirectory_move_link_change) ... ok
test_s08_line_and_quote_drift_only_zero_proposals (test_p06_matrix_closure.S08FormattingOnly.test_s08_line_and_quote_drift_only_zero_proposals) ... ok
test_s12_test_and_generated_noise_no_business_candidates (test_p06_matrix_closure.S12TestNoise.test_s12_test_and_generated_noise_no_business_candidates) ... ok
test_s17_multi_owner_relation_ends_low_confidence_not_arbitrary (test_p06_matrix_closure.S17MultiOwnerAmbiguity.test_s17_multi_owner_relation_ends_low_confidence_not_arbitrary) ... ok
test_s18_added_file_without_b_entries_unresolved_unknown (test_p06_matrix_closure.S18MissingEvidence.test_s18_added_file_without_b_entries_unresolved_unknown) ... ok
test_s27_malformed_map_evidence_inside_valid_context_rejected (test_p06_matrix_closure.S27MalformedWithContext.test_s27_malformed_map_evidence_inside_valid_context_rejected) ... ok
test_real_history_end_to_end_deterministic_no_map_write (test_real_b_integration.RealBIntegrationTests.test_real_history_end_to_end_deterministic_no_map_write) ... skipped 'real B implementation not found: G:\\jiagou\\projectmind-integration-bd/extensions/code_facts/facts.py'
test_real_wanted_paths_removed_path_strictness (test_real_b_integration.RealBIntegrationTests.test_real_wanted_paths_removed_path_strictness) ... skipped 'real B implementation not found: G:\\jiagou\\projectmind-integration-bd/extensions/code_facts/facts.py'
test_s02_s13_real_collector_supplied_pipeline (test_real_b_integration.RealBIntegrationTests.test_s02_s13_real_collector_supplied_pipeline) ... skipped 'real B implementation not found: G:\\jiagou\\projectmind-integration-bd/extensions/code_facts/facts.py'
test_s06_real_base_delta_gives_responsibility_change (test_real_b_integration.RealBIntegrationTests.test_s06_real_base_delta_gives_responsibility_change) ... skipped 'real B implementation not found: G:\\jiagou\\projectmind-integration-bd/extensions/code_facts/facts.py'
test_s14_real_revision_mismatch_rejected_same_revision_safe (test_real_b_integration.RealBIntegrationTests.test_s14_real_revision_mismatch_rejected_same_revision_safe) ... skipped 'real B implementation not found: G:\\jiagou\\projectmind-integration-bd/extensions/code_facts/facts.py'
test_s15_real_collector_unavailable_and_exception (test_real_b_integration.RealBIntegrationTests.test_s15_real_collector_unavailable_and_exception) ... skipped 'real B implementation not found: G:\\jiagou\\projectmind-integration-bd/extensions/code_facts/facts.py'
test_p05b_t1_context_enrichment_labeled_relevant_only (test_real_ca_integration.RealCAIntegrationTests.test_p05b_t1_context_enrichment_labeled_relevant_only) ... skipped 'real CA implementation not found: G:\\jiagou\\projectmind-context-authority/extensions/context_authority/context_pack.py'
test_p05b_t2_field_level_support_labels (test_real_ca_integration.RealCAIntegrationTests.test_p05b_t2_field_level_support_labels) ... ok
test_p05b_t3_head_confirmed_against_pin (test_real_ca_integration.RealCAIntegrationTests.test_p05b_t3_head_confirmed_against_pin) ... skipped 'real CA implementation not found: G:\\jiagou\\projectmind-context-authority/extensions/context_authority/context_pack.py'
test_p05b_t3_head_contradiction_marks_pack_untrusted (test_real_ca_integration.RealCAIntegrationTests.test_p05b_t3_head_contradiction_marks_pack_untrusted) ... skipped 'real CA implementation not found: G:\\jiagou\\projectmind-context-authority/extensions/context_authority/context_pack.py'
test_real_pack_metadata_round_trip (test_real_ca_integration.RealCAIntegrationTests.test_real_pack_metadata_round_trip) ... skipped 'real CA implementation not found: G:\\jiagou\\projectmind-context-authority/extensions/context_authority/context_pack.py'
test_s19_s25_real_pack_conflict_routing_and_poison_non_attach (test_real_ca_integration.RealCAIntegrationTests.test_s19_s25_real_pack_conflict_routing_and_poison_non_attach) ... skipped 'real CA implementation not found: G:\\jiagou\\projectmind-context-authority/extensions/context_authority/context_pack.py'
test_s20_real_stale_partition_never_read (test_real_ca_integration.RealCAIntegrationTests.test_s20_real_stale_partition_never_read) ... skipped 'real CA implementation not found: G:\\jiagou\\projectmind-context-authority/extensions/context_authority/context_pack.py'
test_s21_real_multi_scope_both_in_selection_layer (test_real_ca_integration.RealCAIntegrationTests.test_s21_real_multi_scope_both_in_selection_layer) ... skipped 'real CA implementation not found: G:\\jiagou\\projectmind-context-authority/extensions/context_authority/context_pack.py'
test_s24_tampered_real_pack_rejected_whole_pack_discarded (test_real_ca_integration.RealCAIntegrationTests.test_s24_tampered_real_pack_rejected_whole_pack_discarded) ... skipped 'real CA implementation not found: G:\\jiagou\\projectmind-context-authority/extensions/context_authority/context_pack.py'
test_changes_between_full_shas (test_repo_explorer_changes.ChangesEndpointTests.test_changes_between_full_shas) ... 127.0.0.1 - - [07/Oct/2026 13:29:02] "POST /api/repo-explorer/open HTTP/1.1" 200 -
127.0.0.1 - - [07/Oct/2026 13:29:02] "GET /api/repo-explorer/changes?projectId=e4efded0a6674e929fce0e0d6014f896&base=8dae38da1b3303a3ce38ff48a5f2e29d0df810d6&target=31acc1aad95acbcb7f3a9157014e2be6512b1f6b HTTP/1.1" 200 -
ok
test_identical_shas_yield_empty_changes (test_repo_explorer_changes.ChangesEndpointTests.test_identical_shas_yield_empty_changes) ... 127.0.0.1 - - [07/Oct/2026 13:29:03] "POST /api/repo-explorer/open HTTP/1.1" 200 -
127.0.0.1 - - [07/Oct/2026 13:29:03] "GET /api/repo-explorer/changes?projectId=0d0c0cb580564b219744e53732552e33&base=c2759a92635ac07f8a97972b359121b1179d4d8a&target=c2759a92635ac07f8a97972b359121b1179d4d8a HTTP/1.1" 200 -
ok
test_missing_params_are_rejected (test_repo_explorer_changes.ChangesEndpointTests.test_missing_params_are_rejected) ... 127.0.0.1 - - [07/Oct/2026 13:29:04] "POST /api/repo-explorer/open HTTP/1.1" 200 -
127.0.0.1 - - [07/Oct/2026 13:29:04] "GET /api/repo-explorer/changes?projectId=35514f91a00a4327a441c16279dcab08&base=6bd76493753c567c2fc838f0d7f341bc7313e1ac HTTP/1.1" 400 -
ok
test_name_status_parser_preserves_non_utf8_identity (test_repo_explorer_changes.ChangesEndpointTests.test_name_status_parser_preserves_non_utf8_identity) ... 127.0.0.1 - - [07/Oct/2026 13:29:04] "POST /api/repo-explorer/open HTTP/1.1" 200 -
ok
test_non_full_sha_revisions_are_rejected (test_repo_explorer_changes.ChangesEndpointTests.test_non_full_sha_revisions_are_rejected) ... 127.0.0.1 - - [07/Oct/2026 13:29:05] "POST /api/repo-explorer/open HTTP/1.1" 200 -
127.0.0.1 - - [07/Oct/2026 13:29:05] "GET /api/repo-explorer/changes?projectId=188496db89c442e8b91579a433f6e121&base=HEAD&target=721cf074109d15556117672b33b8ca5dd57787d7 HTTP/1.1" 400 -
127.0.0.1 - - [07/Oct/2026 13:29:05] "GET /api/repo-explorer/changes?projectId=188496db89c442e8b91579a433f6e121&base=main&target=721cf074109d15556117672b33b8ca5dd57787d7 HTTP/1.1" 400 -
127.0.0.1 - - [07/Oct/2026 13:29:05] "GET /api/repo-explorer/changes?projectId=188496db89c442e8b91579a433f6e121&base=d8f170de&target=721cf074109d15556117672b33b8ca5dd57787d7 HTTP/1.1" 400 -
ok
test_unknown_full_sha_is_rejected (test_repo_explorer_changes.ChangesEndpointTests.test_unknown_full_sha_is_rejected) ... 127.0.0.1 - - [07/Oct/2026 13:29:06] "POST /api/repo-explorer/open HTTP/1.1" 200 -
127.0.0.1 - - [07/Oct/2026 13:29:06] "GET /api/repo-explorer/changes?projectId=6afe820ecf3644bbb5683dd8955704ea&base=0000000000000000000000000000000000000000&target=97c8f05e6166143e2fbf1d7efe7d187284509d17 HTTP/1.1" 400 -
ok
test_add_display_collision_keeps_two_distinct_entries (test_repo_explorer_changes_identity.ChangesIdentityFixtureTests.test_add_display_collision_keeps_two_distinct_entries) ... 127.0.0.1 - - [07/Oct/2026 13:29:07] "POST /api/repo-explorer/open HTTP/1.1" 200 -
127.0.0.1 - - [07/Oct/2026 13:29:07] "GET /api/repo-explorer/changes?projectId=affd13a2f35a452a81dd0f7250ccef36&base=ed4b9b7b7d739508c0bf0d29d038065e00040df9&target=578de27566a99248059cf6f0b0414ef56aa58ddf HTTP/1.1" 200 -
ok
test_delete_display_collision_keeps_two_distinct_entries (test_repo_explorer_changes_identity.ChangesIdentityFixtureTests.test_delete_display_collision_keeps_two_distinct_entries) ... 127.0.0.1 - - [07/Oct/2026 13:29:07] "POST /api/repo-explorer/open HTTP/1.1" 200 -
127.0.0.1 - - [07/Oct/2026 13:29:07] "GET /api/repo-explorer/changes?projectId=3b1257e72e104c618e7d48d675b58cad&base=d1447563cda6c9149f73403fc0a801661f9a4dcf&target=86bdeac2ce8e64608a14f3e644ac5548d7465ff9 HTTP/1.1" 200 -
ok
test_machine_identity_is_not_openable_as_source_path (test_repo_explorer_changes_identity.ChangesIdentityFixtureTests.test_machine_identity_is_not_openable_as_source_path) ... 127.0.0.1 - - [07/Oct/2026 13:29:08] "POST /api/repo-explorer/open HTTP/1.1" 200 -
127.0.0.1 - - [07/Oct/2026 13:29:08] "GET /api/repo-explorer/changes?projectId=3139170c7e304aa5a88d670d7df02371&base=072f55eb5c188c5a3267fbad37dabd03694a386f&target=dcf3c6caf70b8e147e6815a65805e0ffe885ac1a HTTP/1.1" 200 -
127.0.0.1 - - [07/Oct/2026 13:29:08] "GET /api/repo-explorer/file?projectId=3139170c7e304aa5a88d670d7df02371&revision=dcf3c6caf70b8e147e6815a65805e0ffe885ac1a&path=%00b64%3AYWRkLf8ucHk%3D&startLine=1&endLine=10 HTTP/1.1" 400 -
ok
test_modify_display_collision_keeps_two_distinct_entries (test_repo_explorer_changes_identity.ChangesIdentityFixtureTests.test_modify_display_collision_keeps_two_distinct_entries) ... 127.0.0.1 - - [07/Oct/2026 13:29:09] "POST /api/repo-explorer/open HTTP/1.1" 200 -
127.0.0.1 - - [07/Oct/2026 13:29:09] "GET /api/repo-explorer/changes?projectId=a7ee561804584ec99fe52defb2980e0f&base=082f4776853347c23d0a7e348ad972cab586935f&target=bb785622ea921b7b40ee20af322746a741b34212 HTTP/1.1" 200 -
ok
test_plain_rename_fields_unchanged (test_repo_explorer_changes_identity.ChangesIdentityFixtureTests.test_plain_rename_fields_unchanged) ... 127.0.0.1 - - [07/Oct/2026 13:29:10] "POST /api/repo-explorer/open HTTP/1.1" 200 -
ok
test_rename_display_collision_keeps_old_and_new_identities (test_repo_explorer_changes_identity.ChangesIdentityFixtureTests.test_rename_display_collision_keeps_old_and_new_identities) ... 127.0.0.1 - - [07/Oct/2026 13:29:10] "POST /api/repo-explorer/open HTTP/1.1" 200 -
127.0.0.1 - - [07/Oct/2026 13:29:10] "GET /api/repo-explorer/changes?projectId=95fb086f176249e88b03e5ac50f7d664&base=9780fa3954763d0650af2e4fb5f0ed5a5a37d1bd&target=a8a60fcade8beea0948d5f2db37cf3e7b806b1c6 HTTP/1.1" 200 -
ok
test_ui_change_rows_keep_colliding_entries_distinct (test_repo_explorer_changes_identity.ChangesIdentityFixtureTests.test_ui_change_rows_keep_colliding_entries_distinct) ... 127.0.0.1 - - [07/Oct/2026 13:29:11] "POST /api/repo-explorer/open HTTP/1.1" 200 -
skipped 'node is not available for the pure-function harness'
test_file_empty_file_has_zero_range (test_repo_explorer_file.FileEndpointTests.test_file_empty_file_has_zero_range) ... 127.0.0.1 - - [07/Oct/2026 13:29:12] "POST /api/repo-explorer/open HTTP/1.1" 200 -
127.0.0.1 - - [07/Oct/2026 13:29:12] "GET /api/repo-explorer/file?projectId=2384c4501e8a4739983a93cafd269e08&revision=1ad7dd51b4a29864b47c3d0ab23cbf9ec1ed894e&path=empty.py&startLine=1&endLine=200 HTTP/1.1" 200 -
ok
test_file_end_line_beyond_total_is_clipped (test_repo_explorer_file.FileEndpointTests.test_file_end_line_beyond_total_is_clipped) ... 127.0.0.1 - - [07/Oct/2026 13:29:12] "POST /api/repo-explorer/open HTTP/1.1" 200 -
127.0.0.1 - - [07/Oct/2026 13:29:12] "GET /api/repo-explorer/file?projectId=4d56415496044eb083edd3a5f37f93d3&revision=1ad7dd51b4a29864b47c3d0ab23cbf9ec1ed894e&path=multiline.py&startLine=9&endLine=99 HTTP/1.1" 200 -
ok
test_file_lines_follow_physical_newlines_not_unicode_breaks (test_repo_explorer_file.FileEndpointTests.test_file_lines_follow_physical_newlines_not_unicode_breaks) ... 127.0.0.1 - - [07/Oct/2026 13:29:13] "POST /api/repo-explorer/open HTTP/1.1" 200 -
127.0.0.1 - - [07/Oct/2026 13:29:13] "POST /api/repo-explorer/open HTTP/1.1" 200 -
127.0.0.1 - - [07/Oct/2026 13:29:13] "GET /api/repo-explorer/file?projectId=9096023b27724179b5f3237cdde86602&revision=8a1b2b111fd764c9aafc672f92cd393bb25a6f9a&path=u2028.py HTTP/1.1" 200 -
ok
test_file_missing_params_are_rejected (test_repo_explorer_file.FileEndpointTests.test_file_missing_params_are_rejected) ... 127.0.0.1 - - [07/Oct/2026 13:29:14] "POST /api/repo-explorer/open HTTP/1.1" 200 -
127.0.0.1 - - [07/Oct/2026 13:29:14] "GET /api/repo-explorer/file?projectId=e052aba339494371bed78ac14986e9a8&revision=1c289e310647334508659181a87e24cf6793ba84 HTTP/1.1" 400 -
ok
test_file_rejects_paths_outside_the_revision (test_repo_explorer_file.FileEndpointTests.test_file_rejects_paths_outside_the_revision) ... 127.0.0.1 - - [07/Oct/2026 13:29:15] "POST /api/repo-explorer/open HTTP/1.1" 200 -
127.0.0.1 - - [07/Oct/2026 13:29:15] "GET /api/repo-explorer/file?projectId=8887968cfbb648e9ba098e99513ed5b6&revision=1c289e310647334508659181a87e24cf6793ba84&path=/etc/passwd HTTP/1.1" 400 -
127.0.0.1 - - [07/Oct/2026 13:29:15] "GET /api/repo-explorer/file?projectId=8887968cfbb648e9ba098e99513ed5b6&revision=1c289e310647334508659181a87e24cf6793ba84&path=C:/windows HTTP/1.1" 400 -
127.0.0.1 - - [07/Oct/2026 13:29:15] "GET /api/repo-explorer/file?projectId=8887968cfbb648e9ba098e99513ed5b6&revision=1c289e310647334508659181a87e24cf6793ba84&path=..%2Fsecret HTTP/1.1" 400 -
127.0.0.1 - - [07/Oct/2026 13:29:15] "GET /api/repo-explorer/file?projectId=8887968cfbb648e9ba098e99513ed5b6&revision=1c289e310647334508659181a87e24cf6793ba84&path=a/../b HTTP/1.1" 400 -
127.0.0.1 - - [07/Oct/2026 13:29:15] "GET /api/repo-explorer/file?projectId=8887968cfbb648e9ba098e99513ed5b6&revision=1c289e310647334508659181a87e24cf6793ba84&path=nested\\note.txt HTTP/1.1" 400 -
ok
test_file_rejects_unknown_paths (test_repo_explorer_file.FileEndpointTests.test_file_rejects_unknown_paths) ... 127.0.0.1 - - [07/Oct/2026 13:29:15] "POST /api/repo-explorer/open HTTP/1.1" 200 -
127.0.0.1 - - [07/Oct/2026 13:29:15] "GET /api/repo-explorer/file?projectId=a336fd4e5a8e4a23a7fdc3e71cd75e93&revision=51c3008f2ebbabe62988f8f54ff9a41c99a0177b&path=nope.py HTTP/1.1" 404 -
ok
test_file_returns_committed_content_with_default_range (test_repo_explorer_file.FileEndpointTests.test_file_returns_committed_content_with_default_range) ... 127.0.0.1 - - [07/Oct/2026 13:29:16] "POST /api/repo-explorer/open HTTP/1.1" 200 -
127.0.0.1 - - [07/Oct/2026 13:29:16] "GET /api/repo-explorer/file?projectId=85ac6dd1d69a4d96adb92338d5a40e6e&revision=e1a658004c0057f42428161e70e97249241793b0&path=multiline.py HTTP/1.1" 200 -
ok
test_file_skipped_content_is_named_not_silent (test_repo_explorer_file.FileEndpointTests.test_file_skipped_content_is_named_not_silent) ... 127.0.0.1 - - [07/Oct/2026 13:29:17] "POST /api/repo-explorer/open HTTP/1.1" 200 -
127.0.0.1 - - [07/Oct/2026 13:29:17] "GET /api/repo-explorer/file?projectId=d1d4c3be61d34e228da8a3adfeb0d34d&revision=e1a658004c0057f42428161e70e97249241793b0&path=data.bin HTTP/1.1" 403 -
ok
test_file_slices_requested_lines (test_repo_explorer_file.FileEndpointTests.test_file_slices_requested_lines) ... 127.0.0.1 - - [07/Oct/2026 13:29:17] "POST /api/repo-explorer/open HTTP/1.1" 200 -
127.0.0.1 - - [07/Oct/2026 13:29:17] "GET /api/repo-explorer/file?projectId=f00df9593e114c3db5247a715d1c93cc&revision=19a47fdc16bfc8bf09f31a62340440791030bec3&path=multiline.py&startLine=2&endLine=3 HTTP/1.1" 200 -
ok
test_file_start_line_beyond_total_is_rejected (test_repo_explorer_file.FileEndpointTests.test_file_start_line_beyond_total_is_rejected) ... 127.0.0.1 - - [07/Oct/2026 13:29:18] "POST /api/repo-explorer/open HTTP/1.1" 200 -
127.0.0.1 - - [07/Oct/2026 13:29:18] "GET /api/repo-explorer/file?projectId=7bf93a9f0dd34048a9fac07ee0989feb&revision=5db016ef05a715eb8193e716f94ba6a1a966e7db&path=multiline.py&startLine=11&endLine=20 HTTP/1.1" 400 -
ok
test_file_truncated_is_true_while_any_line_is_unreturned (test_repo_explorer_file.FileEndpointTests.test_file_truncated_is_true_while_any_line_is_unreturned) ... 127.0.0.1 - - [07/Oct/2026 13:29:19] "POST /api/repo-explorer/open HTTP/1.1" 200 -
127.0.0.1 - - [07/Oct/2026 13:29:19] "GET /api/repo-explorer/file?projectId=05093fb600e04d61899333c29ee651e9&revision=5db016ef05a715eb8193e716f94ba6a1a966e7db&path=multiline.py&startLine=5&endLine=6 HTTP/1.1" 200 -
ok
test_file_window_over_500_lines_is_rejected (test_repo_explorer_file.FileEndpointTests.test_file_window_over_500_lines_is_rejected) ... 127.0.0.1 - - [07/Oct/2026 13:29:19] "POST /api/repo-explorer/open HTTP/1.1" 200 -
127.0.0.1 - - [07/Oct/2026 13:29:19] "GET /api/repo-explorer/file?projectId=5415118ec02a4a3d85aa76fac4d86581&revision=a011ca3ce84bed5faac4514ef7ec0f4af44c3ba3&path=multiline.py&startLine=1&endLine=501 HTTP/1.1" 400 -
ok
test_cat_file_failure_inconclusive_probe_maps_to_repo_unreadable (test_repo_explorer_final_audit.FinalAuditRegressionTests.test_cat_file_failure_inconclusive_probe_maps_to_repo_unreadable) ... 127.0.0.1 - - [07/Oct/2026 13:29:20] "POST /api/repo-explorer/open HTTP/1.1" 200 -
127.0.0.1 - - [07/Oct/2026 13:29:20] "GET /api/repo-explorer/symbols?projectId=90f07279a0364ca9a85b02ee366cabe0&revision=28756dc3a27f3917f50f985f6348562a40f62dd8&path=alpha.py HTTP/1.1" 500 -
ok
test_cat_file_failure_with_repo_unreadable_probe_maps_to_repo_unreadable (test_repo_explorer_final_audit.FinalAuditRegressionTests.test_cat_file_failure_with_repo_unreadable_probe_maps_to_repo_unreadable) ... 127.0.0.1 - - [07/Oct/2026 13:29:21] "POST /api/repo-explorer/open HTTP/1.1" 200 -
127.0.0.1 - - [07/Oct/2026 13:29:21] "GET /api/repo-explorer/symbols?projectId=7ab9aea4b556496abbd4c7b2f0f747bc&revision=df39e6256a67d88ba84cf14af36641d302130882&path=alpha.py HTTP/1.1" 500 -
ok
test_cat_file_probe_confirmed_missing_maps_to_object_missing (test_repo_explorer_final_audit.FinalAuditRegressionTests.test_cat_file_probe_confirmed_missing_maps_to_object_missing) ... 127.0.0.1 - - [07/Oct/2026 13:29:22] "POST /api/repo-explorer/open HTTP/1.1" 200 -
127.0.0.1 - - [07/Oct/2026 13:29:22] "GET /api/repo-explorer/symbols?projectId=a122d00f2b8447c293d09241d52507a3&revision=4961f8f1c9acce13d5fd1ea94b78b2fc981f727e&path=alpha.py HTTP/1.1" 500 -
ok
test_colliding_directories_stay_distinct_with_their_own_children (test_repo_explorer_final_audit.FinalAuditRegressionTests.test_colliding_directories_stay_distinct_with_their_own_children) ... 127.0.0.1 - - [07/Oct/2026 13:29:23] "POST /api/repo-explorer/open HTTP/1.1" 200 -
127.0.0.1 - - [07/Oct/2026 13:29:23] "GET /api/repo-explorer/tree?projectId=de3cec7b38f14210a5c94e177f5d8ff3&revision=4961f8f1c9acce13d5fd1ea94b78b2fc981f727e HTTP/1.1" 200 -
ok
test_distinct_non_utf8_paths_keep_distinct_identities (test_repo_explorer_final_audit.FinalAuditRegressionTests.test_distinct_non_utf8_paths_keep_distinct_identities) ... 127.0.0.1 - - [07/Oct/2026 13:29:23] "POST /api/repo-explorer/open HTTP/1.1" 200 -
127.0.0.1 - - [07/Oct/2026 13:29:23] "GET /api/repo-explorer/tree?projectId=3458472b4b6743f78d3cfd93926b5974&revision=fbf1843acf1f0e99cfe14690bc3883ae50deae95 HTTP/1.1" 200 -
ok
test_empty_file_does_not_bypass_range_validation (test_repo_explorer_final_audit.FinalAuditRegressionTests.test_empty_file_does_not_bypass_range_validation) ... 127.0.0.1 - - [07/Oct/2026 13:29:24] "POST /api/repo-explorer/open HTTP/1.1" 200 -
127.0.0.1 - - [07/Oct/2026 13:29:24] "GET /api/repo-explorer/file?projectId=6ccebd2763a7429a9b8ea0466a1f5051&revision=f42fe7d08f8b7952f703c494c9da260f3620fc65&path=empty.py&startLine=0&endLine=200 HTTP/1.1" 400 -
127.0.0.1 - - [07/Oct/2026 13:29:24] "GET /api/repo-explorer/file?projectId=6ccebd2763a7429a9b8ea0466a1f5051&revision=f42fe7d08f8b7952f703c494c9da260f3620fc65&path=empty.py&startLine=-1&endLine=5 HTTP/1.1" 400 -
127.0.0.1 - - [07/Oct/2026 13:29:24] "GET /api/repo-explorer/file?projectId=6ccebd2763a7429a9b8ea0466a1f5051&revision=f42fe7d08f8b7952f703c494c9da260f3620fc65&path=empty.py&startLine=5&endLine=2 HTTP/1.1" 400 -
127.0.0.1 - - [07/Oct/2026 13:29:24] "GET /api/repo-explorer/file?projectId=6ccebd2763a7429a9b8ea0466a1f5051&revision=f42fe7d08f8b7952f703c494c9da260f3620fc65&path=empty.py&startLine=1&endLine=502 HTTP/1.1" 400 -
ok
test_empty_file_still_answers_zero_range_for_legal_params (test_repo_explorer_final_audit.FinalAuditRegressionTests.test_empty_file_still_answers_zero_range_for_legal_params) ... 127.0.0.1 - - [07/Oct/2026 13:29:25] "POST /api/repo-explorer/open HTTP/1.1" 200 -
127.0.0.1 - - [07/Oct/2026 13:29:25] "GET /api/repo-explorer/file?projectId=49b59aff582c4c868aef4d015d56b7a4&revision=63f4696ecae33e11fa30579c22fa92374fb62045&path=empty.py&startLine=1&endLine=200 HTTP/1.1" 200 -
ok
test_f5_classification_is_kind_based_not_text_based (test_repo_explorer_final_audit.FinalAuditRegressionTests.test_f5_classification_is_kind_based_not_text_based) ... 127.0.0.1 - - [07/Oct/2026 13:29:26] "POST /api/repo-explorer/open HTTP/1.1" 200 -
ok
test_forged_b64_dir_name_cannot_collide_with_undecodable_identity (test_repo_explorer_final_audit.FinalAuditRegressionTests.test_forged_b64_dir_name_cannot_collide_with_undecodable_identity) ... 127.0.0.1 - - [07/Oct/2026 13:29:27] "POST /api/repo-explorer/open HTTP/1.1" 200 -
127.0.0.1 - - [07/Oct/2026 13:29:27] "GET /api/repo-explorer/tree?projectId=e20202b9c9d54ecd831db60aaa0aaba2&revision=5510937e9018637f63e245907d3e02365ca84f65 HTTP/1.1" 200 -
ok
test_object_missing_maps_to_object_missing_not_repo_unreadable (test_repo_explorer_final_audit.FinalAuditRegressionTests.test_object_missing_maps_to_object_missing_not_repo_unreadable) ... 127.0.0.1 - - [07/Oct/2026 13:29:28] "POST /api/repo-explorer/open HTTP/1.1" 200 -
127.0.0.1 - - [07/Oct/2026 13:29:28] "GET /api/repo-explorer/symbols?projectId=8c117e40cd0f48719db597b7ead5334d&revision=5510937e9018637f63e245907d3e02365ca84f65&path=alpha.py HTTP/1.1" 500 -
ok
test_object_missing_probe_tristate_never_lies (test_repo_explorer_final_audit.FinalAuditRegressionTests.test_object_missing_probe_tristate_never_lies) ... 127.0.0.1 - - [07/Oct/2026 13:29:28] "POST /api/repo-explorer/open HTTP/1.1" 200 -
ok
test_one_real_directory_is_not_split_by_child_decodability (test_repo_explorer_final_audit.FinalAuditRegressionTests.test_one_real_directory_is_not_split_by_child_decodability) ... 127.0.0.1 - - [07/Oct/2026 13:29:29] "POST /api/repo-explorer/open HTTP/1.1" 200 -
127.0.0.1 - - [07/Oct/2026 13:29:29] "GET /api/repo-explorer/tree?projectId=3946b3466dce441ea6d675f5e59b0108&revision=1b4215744a2d5d8419e0e512cd2559c4853d9724 HTTP/1.1" 200 -
ok
test_open_coverage_reports_identities_too (test_repo_explorer_final_audit.FinalAuditRegressionTests.test_open_coverage_reports_identities_too) ... 127.0.0.1 - - [07/Oct/2026 13:29:30] "POST /api/repo-explorer/open HTTP/1.1" 200 -
127.0.0.1 - - [07/Oct/2026 13:29:30] "POST /api/repo-explorer/open HTTP/1.1" 200 -
ok
test_probe_uses_original_object_configuration (test_repo_explorer_final_audit.FinalAuditRegressionTests.test_probe_uses_original_object_configuration) ... 127.0.0.1 - - [07/Oct/2026 13:29:31] "POST /api/repo-explorer/open HTTP/1.1" 200 -
ok
test_tree_builder_links_children_that_sort_before_parents (test_repo_explorer_final_audit.FinalAuditRegressionTests.test_tree_builder_links_children_that_sort_before_parents) ... 127.0.0.1 - - [07/Oct/2026 13:29:32] "POST /api/repo-explorer/open HTTP/1.1" 200 -
skipped 'node is not available for the pure-function harness'
test_undecodable_display_text_does_not_collide_with_legal_name (test_repo_explorer_final_audit.FinalAuditRegressionTests.test_undecodable_display_text_does_not_collide_with_legal_name) ... 127.0.0.1 - - [07/Oct/2026 13:29:32] "POST /api/repo-explorer/open HTTP/1.1" 200 -
127.0.0.1 - - [07/Oct/2026 13:29:32] "GET /api/repo-explorer/tree?projectId=aad3eb237776493298156373b9baefbc&revision=86201101092e9fdcdafb861431c1af8b61f53682 HTTP/1.1" 200 -
ok
test_relations_match_the_oracle (test_repo_explorer_fixture_oracle.FixtureOracleTests.test_relations_match_the_oracle) ... 127.0.0.1 - - [07/Oct/2026 13:29:33] "POST /api/repo-explorer/open HTTP/1.1" 200 -
127.0.0.1 - - [07/Oct/2026 13:29:33] "GET /api/repo-explorer/relations?path=pkg%2Fservice.py&projectId=57885850dea64243b64ad6b2dc5f3589&revision=cbb97e25faa459c32e17e567a899d4761d3d0102 HTTP/1.1" 200 -
ok
test_symbols_match_the_oracle (test_repo_explorer_fixture_oracle.FixtureOracleTests.test_symbols_match_the_oracle) ... 127.0.0.1 - - [07/Oct/2026 13:29:34] "POST /api/repo-explorer/open HTTP/1.1" 200 -
127.0.0.1 - - [07/Oct/2026 13:29:34] "GET /api/repo-explorer/symbols?path=pkg%2Fservice.py&projectId=3cd1f511d2cd41aeb7d66d8457f9cb78&revision=cbb97e25faa459c32e17e567a899d4761d3d0102 HTTP/1.1" 200 -
ok
test_target_revision_reverse_relation_matches_the_oracle (test_repo_explorer_fixture_oracle.FixtureOracleTests.test_target_revision_reverse_relation_matches_the_oracle) ... 127.0.0.1 - - [07/Oct/2026 13:29:35] "POST /api/repo-explorer/open HTTP/1.1" 200 -
127.0.0.1 - - [07/Oct/2026 13:29:36] "POST /api/repo-explorer/open HTTP/1.1" 200 -
127.0.0.1 - - [07/Oct/2026 13:29:36] "GET /api/repo-explorer/relations?projectId=ce92a05387824f0ca6064431aadebb35&revision=fbbe597de0788e735b985c9627f4fed0127abd22&path=pkg%2Futils.py HTTP/1.1" 200 -
ok
test_boundary_applies_to_read_endpoints (test_repo_explorer_http_boundary.HttpBoundaryTests.test_boundary_applies_to_read_endpoints) ... 127.0.0.1 - - [07/Oct/2026 13:29:36] "POST /api/repo-explorer/open HTTP/1.1" 200 -
127.0.0.1 - - [07/Oct/2026 13:29:36] "GET /api/repo-explorer/tree?projectId=ac7d05443f914d21935290d65e7df27e&revision=9df7e6b45de7007b52ccbac1ff69da841f3a2ba8 HTTP/1.1" 403 -
127.0.0.1 - - [07/Oct/2026 13:29:36] "GET /api/repo-explorer/file?projectId=ac7d05443f914d21935290d65e7df27e&revision=9df7e6b45de7007b52ccbac1ff69da841f3a2ba8&path=x.py HTTP/1.1" 403 -
ok
test_foreign_host_is_rejected (test_repo_explorer_http_boundary.HttpBoundaryTests.test_foreign_host_is_rejected) ... 127.0.0.1 - - [07/Oct/2026 13:29:37] "POST /api/repo-explorer/open HTTP/1.1" 403 -
ok
test_foreign_origin_is_rejected (test_repo_explorer_http_boundary.HttpBoundaryTests.test_foreign_origin_is_rejected) ... 127.0.0.1 - - [07/Oct/2026 13:29:38] "POST /api/repo-explorer/open HTTP/1.1" 403 -
ok
test_null_origin_is_rejected (test_repo_explorer_http_boundary.HttpBoundaryTests.test_null_origin_is_rejected) ... 127.0.0.1 - - [07/Oct/2026 13:29:38] "POST /api/repo-explorer/open HTTP/1.1" 403 -
ok
test_open_with_default_host_and_no_origin_is_allowed (test_repo_explorer_http_boundary.HttpBoundaryTests.test_open_with_default_host_and_no_origin_is_allowed) ... 127.0.0.1 - - [07/Oct/2026 13:29:39] "POST /api/repo-explorer/open HTTP/1.1" 200 -
ok
test_same_service_origin_is_allowed (test_repo_explorer_http_boundary.HttpBoundaryTests.test_same_service_origin_is_allowed) ... 127.0.0.1 - - [07/Oct/2026 13:29:39] "POST /api/repo-explorer/open HTTP/1.1" 200 -
ok
test_open_accepts_full_sha_and_is_idempotent (test_repo_explorer_open.OpenEndpointTests.test_open_accepts_full_sha_and_is_idempotent) ... 127.0.0.1 - - [07/Oct/2026 13:29:40] "POST /api/repo-explorer/open HTTP/1.1" 200 -
127.0.0.1 - - [07/Oct/2026 13:29:40] "POST /api/repo-explorer/open HTTP/1.1" 200 -
ok
test_open_counts_and_skips_per_budget (test_repo_explorer_open.OpenEndpointTests.test_open_counts_and_skips_per_budget) ... 127.0.0.1 - - [07/Oct/2026 13:29:41] "POST /api/repo-explorer/open HTTP/1.1" 200 -
ok
test_open_default_head_binds_full_sha (test_repo_explorer_open.OpenEndpointTests.test_open_default_head_binds_full_sha) ... 127.0.0.1 - - [07/Oct/2026 13:29:41] "POST /api/repo-explorer/open HTTP/1.1" 200 -
ok
test_open_rejects_empty_and_relative_repo_paths (test_repo_explorer_open.OpenEndpointTests.test_open_rejects_empty_and_relative_repo_paths) ... 127.0.0.1 - - [07/Oct/2026 13:29:42] "POST /api/repo-explorer/open HTTP/1.1" 400 -
127.0.0.1 - - [07/Oct/2026 13:29:42] "POST /api/repo-explorer/open HTTP/1.1" 400 -
127.0.0.1 - - [07/Oct/2026 13:29:42] "POST /api/repo-explorer/open HTTP/1.1" 400 -
ok
test_open_rejects_missing_directory (test_repo_explorer_open.OpenEndpointTests.test_open_rejects_missing_directory) ... 127.0.0.1 - - [07/Oct/2026 13:29:42] "POST /api/repo-explorer/open HTTP/1.1" 400 -
ok
test_open_rejects_non_commit_revisions (test_repo_explorer_open.OpenEndpointTests.test_open_rejects_non_commit_revisions) ... 127.0.0.1 - - [07/Oct/2026 13:29:43] "POST /api/repo-explorer/open HTTP/1.1" 400 -
127.0.0.1 - - [07/Oct/2026 13:29:43] "POST /api/repo-explorer/open HTTP/1.1" 400 -
127.0.0.1 - - [07/Oct/2026 13:29:43] "POST /api/repo-explorer/open HTTP/1.1" 400 -
ok
test_open_reports_encoding_declaration_failures_as_skips (test_repo_explorer_open.OpenEndpointTests.test_open_reports_encoding_declaration_failures_as_skips) ... 127.0.0.1 - - [07/Oct/2026 13:29:44] "POST /api/repo-explorer/open HTTP/1.1" 200 -
ok
test_open_survives_gitlink_entries (test_repo_explorer_open.OpenEndpointTests.test_open_survives_gitlink_entries) ... 127.0.0.1 - - [07/Oct/2026 13:29:44] "POST /api/repo-explorer/open HTTP/1.1" 200 -
ok
test_open_untracked_files_are_not_counted (test_repo_explorer_open.OpenEndpointTests.test_open_untracked_files_are_not_counted) ... 127.0.0.1 - - [07/Oct/2026 13:29:45] "POST /api/repo-explorer/open HTTP/1.1" 200 -
ok
test_post_body_over_size_cap_answers_413_not_timeout (test_repo_explorer_open.OpenEndpointTests.test_post_body_over_size_cap_answers_413_not_timeout) ... 127.0.0.1 - - [07/Oct/2026 13:29:46] "POST /api/repo-explorer/open HTTP/1.1" 413 -
ok
test_post_body_shorter_than_declared_is_never_dispatched (test_repo_explorer_open.OpenEndpointTests.test_post_body_shorter_than_declared_is_never_dispatched) ... 127.0.0.1 - - [07/Oct/2026 13:29:46] "POST /api/repo-explorer/open HTTP/1.1" 408 -
ok
test_tracked_file_count_excludes_symlinks_gitlinks_and_undecodable_names (test_repo_explorer_open.OpenEndpointTests.test_tracked_file_count_excludes_symlinks_gitlinks_and_undecodable_names) ... 127.0.0.1 - - [07/Oct/2026 13:29:47] "POST /api/repo-explorer/open HTTP/1.1" 200 -
ok
test_a_complete_deployment_has_both_parsers (test_repo_explorer_parser_absent.ParserGuardTests.test_a_complete_deployment_has_both_parsers) ... ok
test_a_failure_inside_an_installed_parser_is_not_reported_as_absent (test_repo_explorer_parser_absent.ParserGuardTests.test_a_failure_inside_an_installed_parser_is_not_reported_as_absent) ... ok
test_both_parsers_missing (test_repo_explorer_parser_absent.ParserGuardTests.test_both_parsers_missing) ... ok
test_missing_imports_parser_does_not_disable_symbols (test_repo_explorer_parser_absent.ParserGuardTests.test_missing_imports_parser_does_not_disable_symbols) ... ok
test_missing_symbols_parser_does_not_disable_imports (test_repo_explorer_parser_absent.ParserGuardTests.test_missing_symbols_parser_does_not_disable_imports) ... ok
test_access_refreshes_recency_true_lru (test_repo_explorer_registry.RegistryLruTests.test_access_refreshes_recency_true_lru) ... ok
test_in_flight_context_survives_eviction (test_repo_explorer_registry.RegistryLruTests.test_in_flight_context_survives_eviction) ... ok
test_open_beyond_capacity_evicts_oldest (test_repo_explorer_registry.RegistryLruTests.test_open_beyond_capacity_evicts_oldest) ... ok
test_reopening_evicted_context_issues_fresh_identity (test_repo_explorer_registry.RegistryLruTests.test_reopening_evicted_context_issues_fresh_identity) ... ok
test_revision_mismatch_is_rejected (test_repo_explorer_registry.RegistryLruTests.test_revision_mismatch_is_rejected) ... ok
test_second_newest_stays_within_capacity (test_repo_explorer_registry.RegistryLruTests.test_second_newest_stays_within_capacity) ... ok
test_example_one_dot_import_matches_the_package_helper (test_repo_explorer_relations.AcceptedSrcLayoutExamplesTests.test_example_one_dot_import_matches_the_package_helper) ... 127.0.0.1 - - [07/Oct/2026 13:29:51] "POST /api/repo-explorer/open HTTP/1.1" 200 -
127.0.0.1 - - [07/Oct/2026 13:29:51] "GET /api/repo-explorer/relations?projectId=e6f5866972874351b161446fe1e218c5&revision=3f5f54df865c212cbaebc6148579713cda60ae87&path=src/pkg/mod.py HTTP/1.1" 200 -
ok
test_example_three_beyond_the_top_level_package_never_matches (test_repo_explorer_relations.AcceptedSrcLayoutExamplesTests.test_example_three_beyond_the_top_level_package_never_matches) ... 127.0.0.1 - - [07/Oct/2026 13:29:51] "POST /api/repo-explorer/open HTTP/1.1" 200 -
127.0.0.1 - - [07/Oct/2026 13:29:51] "GET /api/repo-explorer/relations?projectId=166202c97bed489990d7fda5e5d77b3e&revision=3f5f54df865c212cbaebc6148579713cda60ae87&path=src/pkg/mod.py HTTP/1.1" 200 -
ok
test_example_two_double_dot_import_matches_the_parent_package_helper (test_repo_explorer_relations.AcceptedSrcLayoutExamplesTests.test_example_two_double_dot_import_matches_the_parent_package_helper) ... 127.0.0.1 - - [07/Oct/2026 13:29:52] "POST /api/repo-explorer/open HTTP/1.1" 200 -
127.0.0.1 - - [07/Oct/2026 13:29:52] "GET /api/repo-explorer/relations?projectId=6f5b2332a8754cf4bbb0f4ffe2561267&revision=7958c8e6a3dfaed78c1e96b7a99ce1a839d7ba44&path=src/pkg/sub/mod.py HTTP/1.1" 200 -
ok
test_a_nameless_directory_does_not_mask_a_real_module (test_repo_explorer_relations.RelationsEndpointTests.test_a_nameless_directory_does_not_mask_a_real_module) ... 127.0.0.1 - - [07/Oct/2026 13:29:53] "POST /api/repo-explorer/open HTTP/1.1" 200 -
127.0.0.1 - - [07/Oct/2026 13:29:53] "GET /api/repo-explorer/relations?projectId=bc983ae54ae54c44829610d1ab7f7efe&revision=a584a21a150c2907cb2c5b576240aaaa182b2a6e&path=nsmod.py HTTP/1.1" 200 -
127.0.0.1 - - [07/Oct/2026 13:29:53] "GET /api/repo-explorer/relations?projectId=bc983ae54ae54c44829610d1ab7f7efe&revision=a584a21a150c2907cb2c5b576240aaaa182b2a6e&path=helper.py HTTP/1.1" 200 -
ok
test_absolute_import_also_searches_the_files_own_search_root (test_repo_explorer_relations.RelationsEndpointTests.test_absolute_import_also_searches_the_files_own_search_root) ... 127.0.0.1 - - [07/Oct/2026 13:29:54] "POST /api/repo-explorer/open HTTP/1.1" 200 -
127.0.0.1 - - [07/Oct/2026 13:29:54] "GET /api/repo-explorer/relations?projectId=500fb22efb064c64907fb80fa2540897&revision=9104bb087b44d08233bc0cb67c78fa419346e78c&path=src/core/mod.py HTTP/1.1" 200 -
ok
test_absolute_import_uses_the_search_root_of_a_context_free_file (test_repo_explorer_relations.RelationsEndpointTests.test_absolute_import_uses_the_search_root_of_a_context_free_file) ... 127.0.0.1 - - [07/Oct/2026 13:29:55] "POST /api/repo-explorer/open HTTP/1.1" 200 -
127.0.0.1 - - [07/Oct/2026 13:29:55] "GET /api/repo-explorer/relations?projectId=2128470a06f14ea1aa560c8c9744972e&revision=767592b493f69cfb2b66917755655a54e04a8c31&path=src/consumer.py HTTP/1.1" 200 -
ok
test_ambiguous_target_is_not_a_confirmed_dependent (test_repo_explorer_relations.RelationsEndpointTests.test_ambiguous_target_is_not_a_confirmed_dependent) ... 127.0.0.1 - - [07/Oct/2026 13:29:56] "POST /api/repo-explorer/open HTTP/1.1" 200 -
127.0.0.1 - - [07/Oct/2026 13:29:56] "GET /api/repo-explorer/relations?projectId=a5c72e7dc60242d1aff2ae5de9b09d2b&revision=767592b493f69cfb2b66917755655a54e04a8c31&path=pkg/thing.py HTTP/1.1" 200 -
127.0.0.1 - - [07/Oct/2026 13:29:56] "GET /api/repo-explorer/relations?projectId=a5c72e7dc60242d1aff2ae5de9b09d2b&revision=767592b493f69cfb2b66917755655a54e04a8c31&path=pkg/thing/__init__.py HTTP/1.1" 200 -
ok
test_capabilities_follow_the_actual_parser_availability (test_repo_explorer_relations.RelationsEndpointTests.test_capabilities_follow_the_actual_parser_availability) ... 127.0.0.1 - - [07/Oct/2026 13:29:57] "POST /api/repo-explorer/open HTTP/1.1" 200 -
127.0.0.1 - - [07/Oct/2026 13:29:57] "POST /api/repo-explorer/open HTTP/1.1" 200 -
ok
test_capabilities_now_report_imports_available (test_repo_explorer_relations.RelationsEndpointTests.test_capabilities_now_report_imports_available) ... 127.0.0.1 - - [07/Oct/2026 13:29:58] "POST /api/repo-explorer/open HTTP/1.1" 200 -
ok
test_dependents_only_count_resolved_records (test_repo_explorer_relations.RelationsEndpointTests.test_dependents_only_count_resolved_records) ... 127.0.0.1 - - [07/Oct/2026 13:29:58] "POST /api/repo-explorer/open HTTP/1.1" 200 -
127.0.0.1 - - [07/Oct/2026 13:29:58] "GET /api/repo-explorer/relations?projectId=532187e48fd54a4fa9ae12d5382bda58&revision=e5c4baaec031afeb664f6d091e41d464e015e3f3&path=pkg/helper.py HTTP/1.1" 200 -
ok
test_from_module_import_resolves_to_the_module_itself (test_repo_explorer_relations.RelationsEndpointTests.test_from_module_import_resolves_to_the_module_itself) ... 127.0.0.1 - - [07/Oct/2026 13:29:59] "POST /api/repo-explorer/open HTTP/1.1" 200 -
127.0.0.1 - - [07/Oct/2026 13:29:59] "GET /api/repo-explorer/relations?projectId=692fffe85ea546b883cc200b2bef82f7&revision=0406ea7a75ef8d64eedcdef239bcff5e08581f46&path=pkg/frommodule.py HTTP/1.1" 200 -
127.0.0.1 - - [07/Oct/2026 13:29:59] "GET /api/repo-explorer/relations?projectId=692fffe85ea546b883cc200b2bef82f7&revision=0406ea7a75ef8d64eedcdef239bcff5e08581f46&path=pkg/utils.py HTTP/1.1" 200 -
ok
test_import_scan_reports_its_own_coverage_and_gaps (test_repo_explorer_relations.RelationsEndpointTests.test_import_scan_reports_its_own_coverage_and_gaps) ... 127.0.0.1 - - [07/Oct/2026 13:30:00] "POST /api/repo-explorer/open HTTP/1.1" 200 -
127.0.0.1 - - [07/Oct/2026 13:30:00] "GET /api/repo-explorer/relations?projectId=68eda873da704c8ba57d7dfd922def04&revision=16cb227b0a2cd67a968a09ca4a44928cf1ac90c2&path=pkg/consumer.py HTTP/1.1" 200 -
127.0.0.1 - - [07/Oct/2026 13:30:00] "GET /api/repo-explorer/relations?projectId=68eda873da704c8ba57d7dfd922def04&revision=16cb227b0a2cd67a968a09ca4a44928cf1ac90c2&path=pkg/helper.py HTTP/1.1" 200 -
ok
test_missing_candidate_is_unresolved_with_a_reason (test_repo_explorer_relations.RelationsEndpointTests.test_missing_candidate_is_unresolved_with_a_reason) ... 127.0.0.1 - - [07/Oct/2026 13:30:01] "POST /api/repo-explorer/open HTTP/1.1" 200 -
127.0.0.1 - - [07/Oct/2026 13:30:01] "GET /api/repo-explorer/relations?projectId=1a7efe827ec64a88afcc7d89a99903b9&revision=63076f104bf0d083f4414538804866d86ec43280&path=pkg/consumer.py HTTP/1.1" 200 -
ok
test_module_existing_as_file_and_package_is_ambiguous (test_repo_explorer_relations.RelationsEndpointTests.test_module_existing_as_file_and_package_is_ambiguous) ... 127.0.0.1 - - [07/Oct/2026 13:30:02] "POST /api/repo-explorer/open HTTP/1.1" 200 -
127.0.0.1 - - [07/Oct/2026 13:30:02] "GET /api/repo-explorer/relations?projectId=4e020e8a11bf4207a15878121618260a&revision=a32ebe3b5815be853d69bd28abaf91b83b667091&path=pkg/dualconsumer.py HTTP/1.1" 200 -
ok
test_module_index_keeps_case_variant_paths_in_a_stable_order (test_repo_explorer_relations.RelationsEndpointTests.test_module_index_keeps_case_variant_paths_in_a_stable_order) ... 127.0.0.1 - - [07/Oct/2026 13:30:03] "POST /api/repo-explorer/open HTTP/1.1" 200 -
ok
test_namespace_package_directory_is_unresolved_with_that_reason (test_repo_explorer_relations.RelationsEndpointTests.test_namespace_package_directory_is_unresolved_with_that_reason) ... 127.0.0.1 - - [07/Oct/2026 13:30:04] "POST /api/repo-explorer/open HTTP/1.1" 200 -
127.0.0.1 - - [07/Oct/2026 13:30:04] "GET /api/repo-explorer/relations?projectId=39ee6981361c4a7ea5e39376e3dd0e65&revision=626020da3e307f8032bb1d5eaa816b680bc96d33&path=pkg/nsconsumer.py HTTP/1.1" 200 -
ok
test_one_level_relative_import_inside_a_subpackage (test_repo_explorer_relations.RelationsEndpointTests.test_one_level_relative_import_inside_a_subpackage) ... 127.0.0.1 - - [07/Oct/2026 13:30:04] "POST /api/repo-explorer/open HTTP/1.1" 200 -
127.0.0.1 - - [07/Oct/2026 13:30:04] "GET /api/repo-explorer/relations?projectId=a10ea24153054418be5d28979c9593bf&revision=de38b959cf4f81299dbc0d6869cf69a3da614837&path=src/core/sub/mod.py HTTP/1.1" 200 -
ok
test_package_attribute_is_never_inferred_from_the_package_file (test_repo_explorer_relations.RelationsEndpointTests.test_package_attribute_is_never_inferred_from_the_package_file) ... 127.0.0.1 - - [07/Oct/2026 13:30:05] "POST /api/repo-explorer/open HTTP/1.1" 200 -
127.0.0.1 - - [07/Oct/2026 13:30:05] "GET /api/repo-explorer/relations?projectId=94e3461907634abd8c23892cd7e8fef3&revision=f81da5bb2932403e470d2b22a56c04334bb2dbd5&path=pkg/attributes.py HTTP/1.1" 200 -
127.0.0.1 - - [07/Oct/2026 13:30:05] "GET /api/repo-explorer/relations?projectId=94e3461907634abd8c23892cd7e8fef3&revision=f81da5bb2932403e470d2b22a56c04334bb2dbd5&path=pkg/__init__.py HTTP/1.1" 200 -
ok
test_parse_error_is_preserved (test_repo_explorer_relations.RelationsEndpointTests.test_parse_error_is_preserved) ... 127.0.0.1 - - [07/Oct/2026 13:30:06] "POST /api/repo-explorer/open HTTP/1.1" 200 -
127.0.0.1 - - [07/Oct/2026 13:30:06] "GET /api/repo-explorer/relations?projectId=7c9dddf3abe844f8bfc9da7c390d1870&revision=86c679763029ad7aa7194ad1611eaf5b8a9d20f3&path=pkg/broken.py HTTP/1.1" 200 -
ok
test_relation_jumps_keep_the_relations_version_context (test_repo_explorer_relations.RelationsEndpointTests.test_relation_jumps_keep_the_relations_version_context) ... 127.0.0.1 - - [07/Oct/2026 13:30:07] "POST /api/repo-explorer/open HTTP/1.1" 200 -
skipped 'node is not available for the pure-function harness'
test_relation_jumps_without_a_response_context_use_the_live_one (test_repo_explorer_relations.RelationsEndpointTests.test_relation_jumps_without_a_response_context_use_the_live_one) ... 127.0.0.1 - - [07/Oct/2026 13:30:08] "POST /api/repo-explorer/open HTTP/1.1" 200 -
skipped 'node is not available for the pure-function harness'
test_relations_degrade_honestly_when_no_parser_is_installed (test_repo_explorer_relations.RelationsEndpointTests.test_relations_degrade_honestly_when_no_parser_is_installed) ... 127.0.0.1 - - [07/Oct/2026 13:30:08] "POST /api/repo-explorer/open HTTP/1.1" 200 -
127.0.0.1 - - [07/Oct/2026 13:30:08] "GET /api/repo-explorer/relations?projectId=63d2cde0d71f46b8960aae7bb4304f03&revision=d3f379bd0dc3a6130f0c961496730e0734d8ce9d&path=pkg/consumer.py HTTP/1.1" 200 -
127.0.0.1 - - [07/Oct/2026 13:30:08] "POST /api/repo-explorer/open HTTP/1.1" 200 -
ok
test_relative_import_beyond_the_top_level_package_never_matches (test_repo_explorer_relations.RelationsEndpointTests.test_relative_import_beyond_the_top_level_package_never_matches) ... 127.0.0.1 - - [07/Oct/2026 13:30:09] "POST /api/repo-explorer/open HTTP/1.1" 200 -
127.0.0.1 - - [07/Oct/2026 13:30:09] "GET /api/repo-explorer/relations?projectId=4a67cec86bea48bc991103ddb1480b48&revision=5a119ee5cd986320d98bcb2d5f4477ea29154eff&path=src/core/mod.py HTTP/1.1" 200 -
ok
test_relative_import_outside_a_package_is_unresolved (test_repo_explorer_relations.RelationsEndpointTests.test_relative_import_outside_a_package_is_unresolved) ... 127.0.0.1 - - [07/Oct/2026 13:30:10] "POST /api/repo-explorer/open HTTP/1.1" 200 -
127.0.0.1 - - [07/Oct/2026 13:30:10] "GET /api/repo-explorer/relations?projectId=87025beec6af48a2a430aca235a1e103&revision=09da65d3a9851ad48e6fecc76371be4837b9b0d1&path=service.py HTTP/1.1" 200 -
ok
test_relative_import_resolves_inside_the_package (test_repo_explorer_relations.RelationsEndpointTests.test_relative_import_resolves_inside_the_package) ... 127.0.0.1 - - [07/Oct/2026 13:30:11] "POST /api/repo-explorer/open HTTP/1.1" 200 -
127.0.0.1 - - [07/Oct/2026 13:30:11] "GET /api/repo-explorer/relations?projectId=d65e40005bff4e14b0aeef6159c562d3&revision=dd6e582cb4544a0b7ff1d01f584c21710cf55920&path=pkg/consumer.py HTTP/1.1" 200 -
ok
test_relative_import_under_the_search_root_has_no_package_context (test_repo_explorer_relations.RelationsEndpointTests.test_relative_import_under_the_search_root_has_no_package_context) ... 127.0.0.1 - - [07/Oct/2026 13:30:12] "POST /api/repo-explorer/open HTTP/1.1" 200 -
127.0.0.1 - - [07/Oct/2026 13:30:12] "GET /api/repo-explorer/relations?projectId=7f6b36aac1984df4a4363c53617787a5&revision=1435e401424d77f4431bf66b7e79ae0a058bb841&path=src/tool.py HTTP/1.1" 200 -
ok
test_same_name_module_file_and_package_stay_ambiguous (test_repo_explorer_relations.RelationsEndpointTests.test_same_name_module_file_and_package_stay_ambiguous) ... 127.0.0.1 - - [07/Oct/2026 13:30:13] "POST /api/repo-explorer/open HTTP/1.1" 200 -
127.0.0.1 - - [07/Oct/2026 13:30:13] "GET /api/repo-explorer/relations?projectId=6263084cf4bc4d6296cb894444ef3e24&revision=3851a27f128be4a2826aa37347bcdae8b6c3e439&path=pkg/ambiguous.py HTTP/1.1" 200 -
ok
test_scan_range_matches_the_parser_support_range (test_repo_explorer_relations.RelationsEndpointTests.test_scan_range_matches_the_parser_support_range) ... 127.0.0.1 - - [07/Oct/2026 13:30:14] "POST /api/repo-explorer/open HTTP/1.1" 200 -
127.0.0.1 - - [07/Oct/2026 13:30:14] "GET /api/repo-explorer/relations?projectId=866b3e54897e4d6ea8c2b248423a0199&revision=61abec0c330ddbbcce6b51fbc4b69a49b83f0017&path=pkg/helper.py HTTP/1.1" 200 -
ok
test_skipped_files_share_admission (test_repo_explorer_relations.RelationsEndpointTests.test_skipped_files_share_admission) ... 127.0.0.1 - - [07/Oct/2026 13:30:15] "POST /api/repo-explorer/open HTTP/1.1" 200 -
127.0.0.1 - - [07/Oct/2026 13:30:15] "GET /api/repo-explorer/relations?projectId=145e31a2fb41482d9045369fb4974a71&revision=b6902d4d75d30498400d712f513a39b915ce90e3&path=big.log HTTP/1.1" 403 -
ok
test_src_layout_dependents_stay_inside_the_search_root (test_repo_explorer_relations.RelationsEndpointTests.test_src_layout_dependents_stay_inside_the_search_root) ... 127.0.0.1 - - [07/Oct/2026 13:30:16] "POST /api/repo-explorer/open HTTP/1.1" 200 -
127.0.0.1 - - [07/Oct/2026 13:30:16] "GET /api/repo-explorer/relations?projectId=556aed5ca62d4591bb6912b0fba09ec4&revision=e5eded40055a3f3afc9b70e08d558695f5730ef8&path=src/core/helper.py HTTP/1.1" 200 -
ok
test_src_layout_package_depth_is_measured_from_the_search_root (test_repo_explorer_relations.RelationsEndpointTests.test_src_layout_package_depth_is_measured_from_the_search_root) ... 127.0.0.1 - - [07/Oct/2026 13:30:17] "POST /api/repo-explorer/open HTTP/1.1" 200 -
127.0.0.1 - - [07/Oct/2026 13:30:17] "GET /api/repo-explorer/relations?projectId=02581685237748c8b918f1f7614ccd6c&revision=80d438383b1fe6bacb903d5c4985cf4d193643b3&path=src/core/mod.py HTTP/1.1" 200 -
ok
test_unknown_path_is_404 (test_repo_explorer_relations.RelationsEndpointTests.test_unknown_path_is_404) ... 127.0.0.1 - - [07/Oct/2026 13:30:18] "POST /api/repo-explorer/open HTTP/1.1" 200 -
127.0.0.1 - - [07/Oct/2026 13:30:18] "GET /api/repo-explorer/relations?projectId=dab4c756534d4a0c97007a9ad154a955&revision=80d438383b1fe6bacb903d5c4985cf4d193643b3&path=nope.py HTTP/1.1" 404 -
ok
test_map_mode_has_no_explorer_routes (test_repo_explorer_startup.MapModeUnchangedTests.test_map_mode_has_no_explorer_routes) ... 127.0.0.1 - - [07/Oct/2026 13:30:18] "POST /api/repo-explorer/open HTTP/1.1" 404 -
ok
test_map_mode_snapshot_still_works (test_repo_explorer_startup.MapModeUnchangedTests.test_map_mode_snapshot_still_works) ... 127.0.0.1 - - [07/Oct/2026 13:30:19] "GET /api/snapshot HTTP/1.1" 200 -
ok
test_ai_status_survives_without_a_map (test_repo_explorer_startup.NoMapModeTests.test_ai_status_survives_without_a_map) ... 127.0.0.1 - - [07/Oct/2026 13:30:20] "GET /api/ai-status HTTP/1.1" 200 -
ok
test_browsing_does_not_create_extension_stores_in_the_repo (test_repo_explorer_startup.NoMapModeTests.test_browsing_does_not_create_extension_stores_in_the_repo) ... 127.0.0.1 - - [07/Oct/2026 13:30:20] "GET / HTTP/1.1" 200 -
127.0.0.1 - - [07/Oct/2026 13:30:20] "GET /api/extensions HTTP/1.1" 503 -
127.0.0.1 - - [07/Oct/2026 13:30:20] "GET /api/extensions/worklog HTTP/1.1" 503 -
127.0.0.1 - - [07/Oct/2026 13:30:20] "POST /api/extensions/worklog HTTP/1.1" 503 -
127.0.0.1 - - [07/Oct/2026 13:30:20] "GET /ext/worklog HTTP/1.1" 503 -
127.0.0.1 - - [07/Oct/2026 13:30:20] "GET /api/snapshot HTTP/1.1" 400 -
ok
test_explorer_still_serves_in_no_map_mode (test_repo_explorer_startup.NoMapModeTests.test_explorer_still_serves_in_no_map_mode) ... 127.0.0.1 - - [07/Oct/2026 13:30:21] "POST /api/repo-explorer/open HTTP/1.1" 200 -
ok
test_extension_routes_are_blocked_before_handlers_run (test_repo_explorer_startup.NoMapModeTests.test_extension_routes_are_blocked_before_handlers_run) ... 127.0.0.1 - - [07/Oct/2026 13:30:21] "GET /api/extensions HTTP/1.1" 503 -
127.0.0.1 - - [07/Oct/2026 13:30:21] "GET /api/extensions/worklog HTTP/1.1" 503 -
127.0.0.1 - - [07/Oct/2026 13:30:21] "POST /api/extensions/worklog HTTP/1.1" 503 -
127.0.0.1 - - [07/Oct/2026 13:30:21] "GET /ext/worklog HTTP/1.1" 503 -
ok
test_legacy_map_endpoints_require_a_map (test_repo_explorer_startup.NoMapModeTests.test_legacy_map_endpoints_require_a_map) ... 127.0.0.1 - - [07/Oct/2026 13:30:22] "GET /api/snapshot HTTP/1.1" 400 -
127.0.0.1 - - [07/Oct/2026 13:30:22] "GET /api/evidence?path=x.py&revision=HEAD HTTP/1.1" 400 -
127.0.0.1 - - [07/Oct/2026 13:30:22] "GET /api/compare?base=1&target=2 HTTP/1.1" 400 -
127.0.0.1 - - [07/Oct/2026 13:30:22] "GET /api/export HTTP/1.1" 400 -
127.0.0.1 - - [07/Oct/2026 13:30:22] "POST /api/explain HTTP/1.1" 400 -
ok
test_no_map_mode_does_not_even_import_extension_modules (test_repo_explorer_startup.NoMapModeTests.test_no_map_mode_does_not_even_import_extension_modules) ... ok
test_default_startup_is_demo_map_plus_explorer (test_repo_explorer_startup.ResolveRuntimeTests.test_default_startup_is_demo_map_plus_explorer) ... ok
test_map_argument_keeps_legacy_map_mode_without_explorer (test_repo_explorer_startup.ResolveRuntimeTests.test_map_argument_keeps_legacy_map_mode_without_explorer) ... ok
test_missing_repo_directory_is_rejected_in_every_mode (test_repo_explorer_startup.ResolveRuntimeTests.test_missing_repo_directory_is_rejected_in_every_mode) ... ok
test_repo_without_map_starts_explorer_mode (test_repo_explorer_startup.ResolveRuntimeTests.test_repo_without_map_starts_explorer_mode) ... ok
test_coding_cookie_in_a_non_python_file_stays_browsable (test_repo_explorer_symbols.SymbolsEndpointTests.test_coding_cookie_in_a_non_python_file_stays_browsable) ... 127.0.0.1 - - [07/Oct/2026 13:30:23] "POST /api/repo-explorer/open HTTP/1.1" 200 -
127.0.0.1 - - [07/Oct/2026 13:30:23] "GET /api/repo-explorer/file?projectId=0971d2929aae418b80f813b16f2de4f4&revision=ef192286b53e2b7e69e342b18819e79b7eb46cd2&path=cookie.txt HTTP/1.1" 200 -
127.0.0.1 - - [07/Oct/2026 13:30:23] "GET /api/repo-explorer/symbols?projectId=0971d2929aae418b80f813b16f2de4f4&revision=ef192286b53e2b7e69e342b18819e79b7eb46cd2&path=cookie.txt HTTP/1.1" 200 -
ok
test_docstrings_are_cleaned_and_reported (test_repo_explorer_symbols.SymbolsEndpointTests.test_docstrings_are_cleaned_and_reported) ... 127.0.0.1 - - [07/Oct/2026 13:30:24] "POST /api/repo-explorer/open HTTP/1.1" 200 -
127.0.0.1 - - [07/Oct/2026 13:30:24] "GET /api/repo-explorer/symbols?projectId=2d914b3af7f5417ca5c1d432479e2a35&revision=aafafeb2c36dcde8f06625c19a24e99317a3b2d8&path=service.py HTTP/1.1" 200 -
ok
test_empty_python_file_is_ok_with_no_symbols (test_repo_explorer_symbols.SymbolsEndpointTests.test_empty_python_file_is_ok_with_no_symbols) ... 127.0.0.1 - - [07/Oct/2026 13:30:25] "POST /api/repo-explorer/open HTTP/1.1" 200 -
127.0.0.1 - - [07/Oct/2026 13:30:25] "GET /api/repo-explorer/symbols?projectId=941bbd3e99b84c8c8914cb752fccb2a7&revision=481879cf495a8b488fad2fb93903240c51db5cc1&path=empty.py HTTP/1.1" 200 -
ok
test_non_python_symbols_never_consult_the_pep263_reader (test_repo_explorer_symbols.SymbolsEndpointTests.test_non_python_symbols_never_consult_the_pep263_reader) ... 127.0.0.1 - - [07/Oct/2026 13:30:25] "POST /api/repo-explorer/open HTTP/1.1" 200 -
127.0.0.1 - - [07/Oct/2026 13:30:25] "GET /api/repo-explorer/symbols?projectId=c210b0faebe94f4b967767e59eceb0f7&revision=481879cf495a8b488fad2fb93903240c51db5cc1&path=notes.txt HTTP/1.1" 200 -
127.0.0.1 - - [07/Oct/2026 13:30:26] "GET /api/repo-explorer/symbols?projectId=c210b0faebe94f4b967767e59eceb0f7&revision=481879cf495a8b488fad2fb93903240c51db5cc1&path=service.py HTTP/1.1" 200 -
ok
test_non_python_text_is_unsupported (test_repo_explorer_symbols.SymbolsEndpointTests.test_non_python_text_is_unsupported) ... 127.0.0.1 - - [07/Oct/2026 13:30:26] "POST /api/repo-explorer/open HTTP/1.1" 200 -
127.0.0.1 - - [07/Oct/2026 13:30:26] "GET /api/repo-explorer/symbols?projectId=46f5ff6c933d4de491060af13720f5ce&revision=00e6d96871de5513edef39305b75154da44331cb&path=notes.txt HTTP/1.1" 200 -
ok
test_open_capabilities_report_symbols_available (test_repo_explorer_symbols.SymbolsEndpointTests.test_open_capabilities_report_symbols_available) ... 127.0.0.1 - - [07/Oct/2026 13:30:27] "POST /api/repo-explorer/open HTTP/1.1" 200 -
127.0.0.1 - - [07/Oct/2026 13:30:27] "POST /api/repo-explorer/open HTTP/1.1" 200 -
ok
test_oversized_file_shares_open_admission (test_repo_explorer_symbols.SymbolsEndpointTests.test_oversized_file_shares_open_admission) ... 127.0.0.1 - - [07/Oct/2026 13:30:28] "POST /api/repo-explorer/open HTTP/1.1" 200 -
127.0.0.1 - - [07/Oct/2026 13:30:28] "GET /api/repo-explorer/symbols?projectId=ae72049f6d1d4cbb83b32d77860e2cb4&revision=44b0aefe08a7db28cfcb21cefdc3452d9147f2ab&path=big.log HTTP/1.1" 403 -
ok
test_python_file_returns_full_python_ast_ranges (test_repo_explorer_symbols.SymbolsEndpointTests.test_python_file_returns_full_python_ast_ranges) ... 127.0.0.1 - - [07/Oct/2026 13:30:28] "POST /api/repo-explorer/open HTTP/1.1" 200 -
127.0.0.1 - - [07/Oct/2026 13:30:28] "GET /api/repo-explorer/symbols?projectId=a3346bc9ef3e42c896e06542f079ba0a&revision=2aac813228fec9a921daefabeda9ca7f08952b7d&path=service.py HTTP/1.1" 200 -
ok
test_symbol_ranges_stay_inside_the_file_line_count (test_repo_explorer_symbols.SymbolsEndpointTests.test_symbol_ranges_stay_inside_the_file_line_count) ... 127.0.0.1 - - [07/Oct/2026 13:30:29] "POST /api/repo-explorer/open HTTP/1.1" 200 -
127.0.0.1 - - [07/Oct/2026 13:30:29] "GET /api/repo-explorer/symbols?projectId=a5cf5f1053b44448a2681c43dfa883b1&revision=5504643f64e100389c3214f6818931c0db1662ba&path=service.py HTTP/1.1" 200 -
127.0.0.1 - - [07/Oct/2026 13:30:29] "GET /api/repo-explorer/file?projectId=a5cf5f1053b44448a2681c43dfa883b1&revision=5504643f64e100389c3214f6818931c0db1662ba&path=service.py HTTP/1.1" 200 -
ok
test_symbols_degrade_honestly_when_no_parser_is_installed (test_repo_explorer_symbols.SymbolsEndpointTests.test_symbols_degrade_honestly_when_no_parser_is_installed) ... 127.0.0.1 - - [07/Oct/2026 13:30:30] "POST /api/repo-explorer/open HTTP/1.1" 200 -
127.0.0.1 - - [07/Oct/2026 13:30:30] "GET /api/repo-explorer/symbols?projectId=9739033719be4aa489cd4067398ecc89&revision=5b0e15762c77e785a8a9595ef3b8c6e59490b7e8&path=service.py HTTP/1.1" 200 -
ok
test_syntax_error_file_is_parse_error_not_empty_success (test_repo_explorer_symbols.SymbolsEndpointTests.test_syntax_error_file_is_parse_error_not_empty_success) ... 127.0.0.1 - - [07/Oct/2026 13:30:30] "POST /api/repo-explorer/open HTTP/1.1" 200 -
127.0.0.1 - - [07/Oct/2026 13:30:30] "GET /api/repo-explorer/symbols?projectId=dd05c3c6d52d4c6fb4a5f7fd9b174b73&revision=5b0e15762c77e785a8a9595ef3b8c6e59490b7e8&path=broken.py HTTP/1.1" 200 -
ok
test_unknown_path_is_404 (test_repo_explorer_symbols.SymbolsEndpointTests.test_unknown_path_is_404) ... 127.0.0.1 - - [07/Oct/2026 13:30:31] "POST /api/repo-explorer/open HTTP/1.1" 200 -
127.0.0.1 - - [07/Oct/2026 13:30:31] "GET /api/repo-explorer/symbols?projectId=2d20e0b91cb54b779123db846fdbdc64&revision=fbabbf86bb3af0dd10077b68d20835c69e8c452b&path=nope.py HTTP/1.1" 404 -
ok
test_tree_entries_structure_and_order (test_repo_explorer_tree.TreeEndpointTests.test_tree_entries_structure_and_order) ... 127.0.0.1 - - [07/Oct/2026 13:30:32] "POST /api/repo-explorer/open HTTP/1.1" 200 -
127.0.0.1 - - [07/Oct/2026 13:30:32] "GET /api/repo-explorer/tree?projectId=d80361a30eca4ae796884d3fd6306f10&revision=e9279bad2b8e2b751c1d78639f9e09a51eac2ac4 HTTP/1.1" 200 -
ok
test_tree_marks_skipped_files_with_reason (test_repo_explorer_tree.TreeEndpointTests.test_tree_marks_skipped_files_with_reason) ... 127.0.0.1 - - [07/Oct/2026 13:30:32] "POST /api/repo-explorer/open HTTP/1.1" 200 -
127.0.0.1 - - [07/Oct/2026 13:30:32] "GET /api/repo-explorer/tree?projectId=32c06023af4545378aaadf2019b976fa&revision=e9279bad2b8e2b751c1d78639f9e09a51eac2ac4 HTTP/1.1" 200 -
ok
test_tree_rejects_missing_params (test_repo_explorer_tree.TreeEndpointTests.test_tree_rejects_missing_params) ... 127.0.0.1 - - [07/Oct/2026 13:30:33] "POST /api/repo-explorer/open HTTP/1.1" 200 -
127.0.0.1 - - [07/Oct/2026 13:30:33] "GET /api/repo-explorer/tree?projectId=b75ae9757d1941679a1959d0ea2f024f HTTP/1.1" 400 -
ok
test_tree_rejects_revision_mismatch (test_repo_explorer_tree.TreeEndpointTests.test_tree_rejects_revision_mismatch) ... 127.0.0.1 - - [07/Oct/2026 13:30:34] "POST /api/repo-explorer/open HTTP/1.1" 200 -
127.0.0.1 - - [07/Oct/2026 13:30:34] "GET /api/repo-explorer/tree?projectId=d84c02aefc1141da9a31a1cc245dd365&revision=a2e0000000000000000000000000000000000000 HTTP/1.1" 400 -
ok
test_tree_rejects_unknown_context (test_repo_explorer_tree.TreeEndpointTests.test_tree_rejects_unknown_context) ... 127.0.0.1 - - [07/Oct/2026 13:30:34] "POST /api/repo-explorer/open HTTP/1.1" 200 -
127.0.0.1 - - [07/Oct/2026 13:30:34] "GET /api/repo-explorer/tree?projectId=deadbeef&revision=a2e094b21ff41a61eb656a72f1dbf1f231cc8ddd HTTP/1.1" 410 -
ok
test_basic_imports_and_aliases (test_repo_index_imports.TestRepoIndexImports.test_basic_imports_and_aliases) ... ok
test_empty_file (test_repo_index_imports.TestRepoIndexImports.test_empty_file) ... ok
test_from_relative_imports (test_repo_index_imports.TestRepoIndexImports.test_from_relative_imports) ... ok
test_nested_in_function_or_condition (test_repo_index_imports.TestRepoIndexImports.test_nested_in_function_or_condition) ... ok
test_syntax_error_and_unsupported (test_repo_index_imports.TestRepoIndexImports.test_syntax_error_and_unsupported) ... ok
test_wildcard_and_multiline (test_repo_index_imports.TestRepoIndexImports.test_wildcard_and_multiline) ... ok
test_async_function_and_method (test_repo_index_symbols.ParseSymbolsTests.test_async_function_and_method) ... ok
test_chinese_names_and_docstrings_keep_text_and_clean_indentation (test_repo_index_symbols.ParseSymbolsTests.test_chinese_names_and_docstrings_keep_text_and_clean_indentation) ... ok
test_comments_and_strings_do_not_create_symbols (test_repo_index_symbols.ParseSymbolsTests.test_comments_and_strings_do_not_create_symbols) ... ok
test_control_blocks_inside_function_keep_function_scope (test_repo_index_symbols.ParseSymbolsTests.test_control_blocks_inside_function_keep_function_scope) ... ok
test_decorators_and_multiline_signatures_preserve_definition_ranges (test_repo_index_symbols.ParseSymbolsTests.test_decorators_and_multiline_signatures_preserve_definition_ranges) ... ok
test_docstring_at_2000_characters_is_not_truncated (test_repo_index_symbols.ParseSymbolsTests.test_docstring_at_2000_characters_is_not_truncated) ... ok
test_duplicate_function_and_method_names_are_not_overwritten (test_repo_index_symbols.ParseSymbolsTests.test_duplicate_function_and_method_names_are_not_overwritten) ... ok
test_empty_and_whitespace_only_files_are_successful_empty_results (test_repo_index_symbols.ParseSymbolsTests.test_empty_and_whitespace_only_files_are_successful_empty_results) ... ok
test_function_class_and_method_have_exact_source_ranges (test_repo_index_symbols.ParseSymbolsTests.test_function_class_and_method_have_exact_source_ranges) ... ok
test_if_try_except_and_for_do_not_create_definition_scopes (test_repo_index_symbols.ParseSymbolsTests.test_if_try_except_and_for_do_not_create_definition_scopes) ... ok
test_long_docstring_is_truncated_by_characters_with_warning (test_repo_index_symbols.ParseSymbolsTests.test_long_docstring_is_truncated_by_characters_with_warning) ... ok
test_nested_definitions_use_nearest_definition_scope_and_source_order (test_repo_index_symbols.ParseSymbolsTests.test_nested_definitions_use_nearest_definition_scope_and_source_order) ... ok
test_non_python_extensions_are_unsupported_even_with_invalid_source (test_repo_index_symbols.ParseSymbolsTests.test_non_python_extensions_are_unsupported_even_with_invalid_source) ... ok
test_null_character_error_reports_line_for_all_python_newlines (test_repo_index_symbols.ParseSymbolsTests.test_null_character_error_reports_line_for_all_python_newlines) ... ok
test_python_and_stub_extensions_are_case_insensitive (test_repo_index_symbols.ParseSymbolsTests.test_python_and_stub_extensions_are_case_insensitive) ... ok
test_source_imports_and_module_and_class_bodies_are_not_executed (test_repo_index_symbols.ParseSymbolsTests.test_source_imports_and_module_and_class_bodies_are_not_executed) ... ok
test_syntax_error_discards_partial_symbols_and_reports_error_line (test_repo_index_symbols.ParseSymbolsTests.test_syntax_error_discards_partial_symbols_and_reports_error_line) ... ok
test_empty_read_does_not_create_stores (test_team_footprints.FootprintTests.test_empty_read_does_not_create_stores) ... ok
test_http_homepage_contract_and_repository_isolation (test_team_footprints.FootprintTests.test_http_homepage_contract_and_repository_isolation) ... 127.0.0.1 - - [07/Oct/2026 13:30:35] "GET /api/extensions HTTP/1.1" 200 -
127.0.0.1 - - [07/Oct/2026 13:30:35] "GET /ext/team_footprints HTTP/1.1" 200 -
127.0.0.1 - - [07/Oct/2026 13:30:35] "GET /api/extensions/team_footprints?year=2026 HTTP/1.1" 200 -
127.0.0.1 - - [07/Oct/2026 13:30:35] "POST /api/extensions/team_footprints HTTP/1.1" 405 -
ok
test_import_history_empty_claim_and_ai_are_not_new_work (test_team_footprints.FootprintTests.test_import_history_empty_claim_and_ai_are_not_new_work) ... ok
test_inherited_git_environment_cannot_redirect_the_record_lookup (test_team_footprints.FootprintTests.test_inherited_git_environment_cannot_redirect_the_record_lookup) ... ok
test_meaningful_edits_daily_cap_and_actual_time (test_team_footprints.FootprintTests.test_meaningful_edits_daily_cap_and_actual_time) ... ok
test_problem_resolution_session_and_relay (test_team_footprints.FootprintTests.test_problem_resolution_session_and_relay) ... ok
test_timezone_database_gap_is_distinguished_from_a_bad_key (test_team_footprints.FootprintTests.test_timezone_database_gap_is_distinguished_from_a_bad_key) ... ok
test_declared_but_absent_at_revision_is_controlled_error (test_ui_evidence_links.EvidenceEndpointContractTests.test_declared_but_absent_at_revision_is_controlled_error) ... ok
test_added_file (test_ui_evidence_links.EvidenceLinkDecisionTests.test_added_file) ... skipped 'node is not available for the pure-function harness'
test_deleted_file (test_ui_evidence_links.EvidenceLinkDecisionTests.test_deleted_file) ... skipped 'node is not available for the pure-function harness'
test_modified_file (test_ui_evidence_links.EvidenceLinkDecisionTests.test_modified_file) ... skipped 'node is not available for the pure-function harness'
test_renamed_file (test_ui_evidence_links.EvidenceLinkDecisionTests.test_renamed_file) ... skipped 'node is not available for the pure-function harness'
test_declaration_change_outside_map_domains_unresolved (test_w2_channels.ModifiedChannelTests.test_declaration_change_outside_map_domains_unresolved) ... ok
test_s06_entrypoint_gone_responsibility_no_first_symbol_pick (test_w2_channels.ModifiedChannelTests.test_s06_entrypoint_gone_responsibility_no_first_symbol_pick) ... ok
test_s07_comment_only_zero_strong_proposal (test_w2_channels.ModifiedChannelTests.test_s07_comment_only_zero_strong_proposal) ... ok
test_s09_helper_only_no_node_no_strong_proposal (test_w2_channels.ModifiedChannelTests.test_s09_helper_only_no_node_no_strong_proposal) ... ok
test_s10_added_class_does_not_become_node (test_w2_channels.ModifiedChannelTests.test_s10_added_class_does_not_become_node) ... ok
test_added_without_facts_entries_is_unresolved (test_w2_channels.NodeAddTests.test_added_without_facts_entries_is_unresolved) ... ok
test_map_covered_added_path_not_a_node (test_w2_channels.NodeAddTests.test_map_covered_added_path_not_a_node) ... ok
test_s01_function_only_module_still_low_confidence_node (test_w2_channels.NodeAddTests.test_s01_function_only_module_still_low_confidence_node) ... ok
test_s01_new_module_exact_node_with_structured_evidence (test_w2_channels.NodeAddTests.test_s01_new_module_exact_node_with_structured_evidence) ... ok
test_test_noise_and_generated_not_nodes (test_w2_channels.NodeAddTests.test_test_noise_and_generated_not_nodes) ... ok
test_s04_rename_updates_link_not_node (test_w2_channels.RenameTests.test_s04_rename_updates_link_not_node) ... ok
test_s17_multiple_owners_ambiguity_flagged (test_w2_channels.RenameTests.test_s17_multiple_owners_ambiguity_flagged) ... ok
test_determinism_full_request (test_w2_channels.SkippedAndPriorTests.test_determinism_full_request) ... ok
test_f04_skipped_source_never_feeds_strong_candidates (test_w2_channels.SkippedAndPriorTests.test_f04_skipped_source_never_feeds_strong_candidates) ... ok
test_f20_prior_rejected_suppression (test_w2_channels.SkippedAndPriorTests.test_f20_prior_rejected_suppression) ... ok
test_base_equals_target_zero_proposal_even_with_stale_map (test_w2_channels.StaleMapTests.test_base_equals_target_zero_proposal_even_with_stale_map) ... ok
test_read_failure_is_unknown_not_absence (test_w2_channels.StaleMapTests.test_read_failure_is_unknown_not_absence) ... ok
test_s05_partial_evidence_retained_no_removal (test_w2_channels.StaleMapTests.test_s05_partial_evidence_retained_no_removal) ... ok
test_s16_deleted_before_base_flagged_honestly (test_w2_channels.StaleMapTests.test_s16_deleted_before_base_flagged_honestly) ... ok
test_s16_fully_gone_at_target_removal_candidate (test_w2_channels.StaleMapTests.test_s16_fully_gone_at_target_removal_candidate) ... ok
test_adversarial_1a_relative_from_dot_import_submodule (test_w3_relations.RelationChannelTests.test_adversarial_1a_relative_from_dot_import_submodule) ... ok
test_adversarial_1b_relative_from_dot_module_import (test_w3_relations.RelationChannelTests.test_adversarial_1b_relative_from_dot_module_import) ... ok
test_adversarial_3_from_package_import_submodule (test_w3_relations.RelationChannelTests.test_adversarial_3_from_package_import_submodule) ... ok
test_c01_removal_allowed_when_full_target_domain_dropped (test_w3_relations.RelationChannelTests.test_c01_removal_allowed_when_full_target_domain_dropped) ... ok
test_c01_residual_import_to_other_target_member_blocks_removal (test_w3_relations.RelationChannelTests.test_c01_residual_import_to_other_target_member_blocks_removal) ... ok
test_c01_residual_import_via_auxiliary_source_member (test_w3_relations.RelationChannelTests.test_c01_residual_import_via_auxiliary_source_member) ... ok
test_c01_signal_and_residual_on_different_members (test_w3_relations.RelationChannelTests.test_c01_signal_and_residual_on_different_members) ... ok
test_c02_one_of_multiple_target_members_skipped_blocks_add (test_w3_relations.RelationChannelTests.test_c02_one_of_multiple_target_members_skipped_blocks_add) ... ok
test_c02_partial_supplied_facts_missing_member_blocks_add (test_w3_relations.RelationChannelTests.test_c02_partial_supplied_facts_missing_member_blocks_add) ... ok
test_c02_skipped_auxiliary_source_not_used_in_removal_proof (test_w3_relations.RelationChannelTests.test_c02_skipped_auxiliary_source_not_used_in_removal_proof) ... ok
test_c02_skipped_target_member_blocks_add_with_visible_unresolved (test_w3_relations.RelationChannelTests.test_c02_skipped_target_member_blocks_add_with_visible_unresolved) ... ok
test_f04_x21_skipped_source_never_feeds_relations (test_w3_relations.RelationChannelTests.test_f04_x21_skipped_source_never_feeds_relations) ... ok
test_invalid_multiline_import_is_unknown_not_silent (test_w3_relations.RelationChannelTests.test_invalid_multiline_import_is_unknown_not_silent) ... ok
test_mixed_provenance_from_and_explicit_import_keeps_medium (test_w3_relations.RelationChannelTests.test_mixed_provenance_from_and_explicit_import_keeps_medium) ... ok
test_multiline_parenthesized_from_import (test_w3_relations.RelationChannelTests.test_multiline_parenthesized_from_import) ... ok
test_parse_failure_is_unknown_not_zero (test_w3_relations.RelationChannelTests.test_parse_failure_is_unknown_not_zero) ... ok
test_relation_add_determinism (test_w3_relations.RelationChannelTests.test_relation_add_determinism) ... ok
test_removal_requires_existing_map_edge (test_w3_relations.RelationChannelTests.test_removal_requires_existing_map_edge) ... ok
test_s02_x01_real_import_add_with_unchanged_declarations (test_w3_relations.RelationChannelTests.test_s02_x01_real_import_add_with_unchanged_declarations) ... ok
test_s03_domain_proof_is_ast_not_text (test_w3_relations.RelationChannelTests.test_s03_domain_proof_is_ast_not_text) ... ok
test_s03_multi_source_remaining_import_no_removal (test_w3_relations.RelationChannelTests.test_s03_multi_source_remaining_import_no_removal) ... ok
test_s03_x11_last_import_removed_gives_removal_candidate (test_w3_relations.RelationChannelTests.test_s03_x11_last_import_removed_gives_removal_candidate) ... ok
test_s11_x03_docstring_import_text_never_a_relation (test_w3_relations.RelationChannelTests.test_s11_x03_docstring_import_text_never_a_relation) ... ok
test_x02_changed_dynamic_keyword_target_is_not_silent (test_w3_relations.RelationChannelTests.test_x02_changed_dynamic_keyword_target_is_not_silent) ... ok
test_x02_changed_dynamic_target_is_not_silent (test_w3_relations.RelationChannelTests.test_x02_changed_dynamic_target_is_not_silent) ... ok
test_x02_dynamic_import_unknown_unresolved (test_w3_relations.RelationChannelTests.test_x02_dynamic_import_unknown_unresolved) ... ok
test_x13_import_rewrite_churn_no_relation (test_w3_relations.RelationChannelTests.test_x13_import_rewrite_churn_no_relation) ... ok
test_s19_related_conflict_suppresses_touching_candidates_only (test_w4_ca_trust.AdmissionTests.test_s19_related_conflict_suppresses_touching_candidates_only) ... ok
test_s19_x15_word_boundary_no_substring_false_positive (test_w4_ca_trust.AdmissionTests.test_s19_x15_word_boundary_no_substring_false_positive) ... ok
test_s23_unavailable_keys_explicit_unknown_not_fake_badpack (test_w4_ca_trust.AdmissionTests.test_s23_unavailable_keys_explicit_unknown_not_fake_badpack) ... ok
test_s24_invalid_pack_degrades_but_independent_candidates_survive (test_w4_ca_trust.AdmissionTests.test_s24_invalid_pack_degrades_but_independent_candidates_survive) ... ok
test_s25_coherent_poison_never_enters_evidence (test_w4_ca_trust.AdmissionTests.test_s25_coherent_poison_never_enters_evidence) ... ok
test_s25_poison_never_attaches_when_proposals_exist (test_w4_ca_trust.AdmissionTests.test_s25_poison_never_attaches_when_proposals_exist) ... ok
test_c03_baseline_head_at_base_does_not_release_conflict (test_w4_ca_trust.C03SubjectAwareT3Tests.test_c03_baseline_head_at_base_does_not_release_conflict) ... ok
test_c03_component_named_baseline_is_foreign_not_baseline (test_w4_ca_trust.C03SubjectAwareT3Tests.test_c03_component_named_baseline_is_foreign_not_baseline) ... ok
test_c03_component_scoped_baseline_head_is_foreign (test_w4_ca_trust.C03SubjectAwareT3Tests.test_c03_component_scoped_baseline_head_is_foreign) ... ok
test_c03_foreign_component_head_unknown_never_contradiction (test_w4_ca_trust.C03SubjectAwareT3Tests.test_c03_foreign_component_head_unknown_never_contradiction) ... ok
test_c03_multiple_legitimate_heads_coexist (test_w4_ca_trust.C03SubjectAwareT3Tests.test_c03_multiple_legitimate_heads_coexist) ... ok
test_c03_target_head_wrong_still_contradicts (test_w4_ca_trust.C03SubjectAwareT3Tests.test_c03_target_head_wrong_still_contradicts) ... ok
test_c03_wrong_baseline_head_is_same_subject_contradiction (test_w4_ca_trust.C03SubjectAwareT3Tests.test_c03_wrong_baseline_head_is_same_subject_contradiction) ... ok
test_no_pack_degraded (test_w4_ca_trust.LoadContextTests.test_no_pack_degraded) ... ok
test_s20_non_current_partitions_never_read (test_w4_ca_trust.LoadContextTests.test_s20_non_current_partitions_never_read) ... ok
test_s21_multi_scope_same_key_both_in_selection_layer (test_w4_ca_trust.LoadContextTests.test_s21_multi_scope_same_key_both_in_selection_layer) ... ok
test_s22_verified_fields_per_field (test_w4_ca_trust.LoadContextTests.test_s22_verified_fields_per_field) ... ok
test_unavailable_validator_degrades_without_fake_claims (test_w4_ca_trust.LoadContextTests.test_unavailable_validator_degrades_without_fake_claims) ... ok
test_validator_reject_discards_whole_pack (test_w4_ca_trust.LoadContextTests.test_validator_reject_discards_whole_pack) ... ok
test_legacy_candidates_cannot_exceed_canonical (test_w5_compatibility.CompatibilityEnvelopeTests.test_legacy_candidates_cannot_exceed_canonical) ... ok
test_legacy_candidates_equal_admitted_node_adds (test_w5_compatibility.CompatibilityEnvelopeTests.test_legacy_candidates_equal_admitted_node_adds) ... ok
test_revision_is_full_target_sha (test_w5_compatibility.CompatibilityEnvelopeTests.test_revision_is_full_target_sha) ... ok
test_x07_mode_honesty_with_placeholder_key (test_w5_compatibility.CompatibilityEnvelopeTests.test_x07_mode_honesty_with_placeholder_key) ... ok
test_a26_repeat_is_byte_identical (test_w5_compatibility.DeterminismAndIdentityTests.test_a26_repeat_is_byte_identical) ... ok
test_node_id_respects_existing_map_ids (test_w5_compatibility.DeterminismAndIdentityTests.test_node_id_respects_existing_map_ids) ... ok
test_x09_same_basename_files_get_distinct_node_ids (test_w5_compatibility.DeterminismAndIdentityTests.test_x09_same_basename_files_get_distinct_node_ids) ... ok
test_installed_b_exception_shape_not_available (test_w5_compatibility.ErrorBoundaryTests.test_installed_b_exception_shape_not_available) ... ok
test_malformed_facts_shape_controlled_rejection (test_w5_compatibility.ErrorBoundaryTests.test_malformed_facts_shape_controlled_rejection) ... ok
test_malformed_map_shape_controlled_rejection (test_w5_compatibility.ErrorBoundaryTests.test_malformed_map_shape_controlled_rejection) ... ok
test_no_position_anywhere_in_any_proposal (test_w5_compatibility.ErrorBoundaryTests.test_no_position_anywhere_in_any_proposal) ... ok
test_s28_rename_old_path_abuse_rejected (test_w5_compatibility.ErrorBoundaryTests.test_s28_rename_old_path_abuse_rejected) ... ok
test_accepted_deferred_do_not_suppress (test_w5_compatibility.F20ReplayTests.test_accepted_deferred_do_not_suppress) ... ok
test_rejected_candidate_suppressed_and_limit_traced (test_w5_compatibility.F20ReplayTests.test_rejected_candidate_suppressed_and_limit_traced) ... ok
test_end_to_end_on_real_history (test_w6_smoke.RealDiffSmokeTests.test_end_to_end_on_real_history) ... ERROR
test_chunk_order_finish_and_original_backup (test_worklog.WorklogTests.test_chunk_order_finish_and_original_backup) ... ok
test_concurrent_writers_only_one_wins (test_worklog.WorklogTests.test_concurrent_writers_only_one_wins) ... ok
test_d01_explicit_repo_wins_over_inherited_git_env (test_worklog.WorklogTests.test_d01_explicit_repo_wins_over_inherited_git_env) ... ok
test_d03_unhashable_category_is_controlled_400 (test_worklog.WorklogTests.test_d03_unhashable_category_is_controlled_400) ... ok
test_doc_conversion_adapter (test_worklog.WorklogTests.test_doc_conversion_adapter) ... ok
test_docx_extracts_paragraphs_and_keeps_original (test_worklog.WorklogTests.test_docx_extracts_paragraphs_and_keeps_original) ... ok
test_pdf_and_document_errors (test_worklog.WorklogTests.test_pdf_and_document_errors) ... ok
test_persistence_history_conflict_and_ai_state (test_worklog.WorklogTests.test_persistence_history_conflict_and_ai_state) ... ok
test_real_http_create_import_history_and_conflict (test_worklog.WorklogTests.test_real_http_create_import_history_and_conflict) ... 127.0.0.1 - - [07/Oct/2026 13:30:45] "GET /ext/worklog HTTP/1.1" 200 -
127.0.0.1 - - [07/Oct/2026 13:30:45] "POST /api/extensions/worklog HTTP/1.1" 200 -
127.0.0.1 - - [07/Oct/2026 13:30:45] "POST /api/extensions/worklog HTTP/1.1" 200 -
127.0.0.1 - - [07/Oct/2026 13:30:45] "POST /api/extensions/worklog HTTP/1.1" 409 -
127.0.0.1 - - [07/Oct/2026 13:30:45] "POST /api/extensions/worklog HTTP/1.1" 200 -
127.0.0.1 - - [07/Oct/2026 13:30:45] "POST /api/extensions/worklog HTTP/1.1" 200 -
127.0.0.1 - - [07/Oct/2026 13:30:45] "POST /api/extensions/worklog HTTP/1.1" 200 -
127.0.0.1 - - [07/Oct/2026 13:30:45] "POST /api/extensions/worklog HTTP/1.1" 200 -
127.0.0.1 - - [07/Oct/2026 13:30:45] "POST /api/extensions/worklog HTTP/1.1" 200 -
127.0.0.1 - - [07/Oct/2026 13:30:45] "POST /api/extensions/worklog HTTP/1.1" 200 -
127.0.0.1 - - [07/Oct/2026 13:30:45] "POST /api/extensions/worklog HTTP/1.1" 200 -
127.0.0.1 - - [07/Oct/2026 13:30:45] "GET /api/extensions/worklog?action=file&id=4778941f028944d993ff3b64546af960 HTTP/1.1" 200 -
127.0.0.1 - - [07/Oct/2026 13:30:45] "GET /api/extensions/worklog?action=list HTTP/1.1" 200 -
ok
test_validation_and_repository_isolation (test_worklog.WorklogTests.test_validation_and_repository_isolation) ... ok

======================================================================
ERROR: test_end_to_end_on_real_history (test_w6_smoke.RealDiffSmokeTests.test_end_to_end_on_real_history)
----------------------------------------------------------------------
Traceback (most recent call last):
  File "${CHECKOUT}/tests/test_w6_smoke.py", line 92, in setUp
    self.base = rev_of(f"HEAD~{depth}")
                ^^^^^^^^^^^^^^^^^^^^^^^
  File "${CHECKOUT}/tests/test_w6_smoke.py", line 35, in rev_of
    return git("rev-parse", ref).decode().strip()
           ^^^^^^^^^^^^^^^^^^^^^
  File "${CHECKOUT}/tests/test_w6_smoke.py", line 29, in git
    out = subprocess.run(["git", "-C", str(REPO), *args], check=True,
          ^^^^^^^^^^^^^^^^^^^^^^^^^^^^^^^^^^^^^^^^^^^^^^^^^^^^^^^^^^^
  File "${PYTHON_RUNTIME}/lib/python3.12/subprocess.py", line 571, in run
    raise CalledProcessError(retcode, process.args,
subprocess.CalledProcessError: Command '['git', '-C', '${CHECKOUT}', 'rev-parse', 'HEAD~1']' returned non-zero exit status 128.

======================================================================
FAIL: test_inherited_git_environment_cannot_redirect_the_experimental_store (test_continuity_github.GitHubExperimentTests.test_inherited_git_environment_cannot_redirect_the_experimental_store)
----------------------------------------------------------------------
Traceback (most recent call last):
  File "${CHECKOUT}/tests/test_continuity_github.py", line 140, in test_inherited_git_environment_cannot_redirect_the_experimental_store
    self.assertEqual(log_store.path,
AssertionError: PosixPath('${TEMP_RESOLVED} chars]te3') != PosixPath('${TEMP_ALIAS} chars]te3')

----------------------------------------------------------------------
Ran 604 tests in 136.665s

FAILED (failures=1, errors=1, skipped=22)
